disaster_type,country,adm1_name,adm2_pcode,adm2_name,adm2_pcode,adm3_name,adm3_pcode,Region,Zone,Wereda,pcode,Date,directely affected,Indirectly Affected,Affected,people_dead,people_Injured,Crop Damages,Lost Cattle,people_displaced,house_destroyed,livestock_lost,lost_crops_ha
flood,ethiopia,SNNPR,,Hadiya,,Shashogo,70204,SNNPR,Hadiya,Shashogo,70204,24/07/2012,NA,1272,1272,NA,NA,2189,0,NA,NA,0,2189
flood,ethiopia,OROMIA,,Arsi,,Tena,40813,OROMIA,Arsi,Tena,40813,31/01/2010,NA,4150,4150,NA,NA,NA,16,NA,NA,16,NA
flood,ethiopia,OROMIA,,East Shewa,,Fentale,40701,OROMIA,East Shewa,Fentale,40701,24/08/2010,NA,9000,9000,NA,NA,NA,0,900,NA,0,NA
flood,ethiopia,OROMIA,,West Arsi,,Shashemene Zuria,41712,OROMIA,West Arsi,Shashemene Zuria,41712,24/08/2010,NA,5000,5000,NA,NA,NA,0,NA,NA,0,NA
flood,ethiopia,OROMIA,,West Shewa,,Tikur Enchini,40509,OROMIA,West Shewa,Tikur Enchini,40509,24/08/2010,NA,NA,NA,1,NA,NA,26,NA,NA,26,NA
flood,ethiopia,OROMIA,,Arsi,,Golocha,40803,OROMIA,Arsi,Golocha,40803,18/08/2010,NA,8000,8000,NA,NA,NA,5,NA,NA,5,NA
flood,ethiopia,SNNPR,,Sidama,,Aleta Wendo,70405,SNNPR,Sidama,Aleta Wendo,70405,01/01/2010,NA,1844,1844,NA,NA,NA,4,NA,NA,4,NA
flood,ethiopia,OROMIA,,Borena,,Miyo,41216,OROMIA,Borena,Miyo,41216,01/04/2010,NA,350,350,NA,NA,101,0,NA,NA,0,101
flood,ethiopia,OROMIA,,Borena,,Miyo,41216,OROMIA,Borena,Miyo,41216,01/04/2010,NA,1200,1200,NA,NA,NA,0,NA,NA,0,NA
flood,ethiopia,OROMIA,,Borena,,Moyale (Oromia),41210,OROMIA,Borena,Moyale (Oromia),41210,01/04/2010,NA,9700,9700,NA,NA,324,0,1937,NA,0,324
flood,ethiopia,OROMIA,,Borena,,Yabelo,41207,OROMIA,Borena,Yabelo,41207,01/03/2010,NA,9200,9200,NA,NA,2644,54,2213,NA,54,2644
flood,ethiopia,OROMIA,,West Guji,,Abaya,41213,OROMIA,West Guji,Abaya,41213,01/05/2010,NA,4600,4600,NA,NA,678,0,NA,NA,0,678
flood,ethiopia,OROMIA,,East Welega,,Jimma Arjo,40214,OROMIA,East Welega,Jimma Arjo,40214,01/08/2010,NA,NA,NA,2,NA,66,35,NA,NA,35,66
flood,ethiopia,OROMIA,,Jima,,Limu Kosa,40402,OROMIA,Jima,Limu Kosa,40402,01/07/2010,NA,NA,NA,NA,NA,119,0,NA,NA,0,119
flood,ethiopia,Amhara,,West Gojam,,Yilmana Densa,30703,Amhara,West Gojam,Yilmana Densa,30703,01/08/2010,NA,16,16,NA,NA,NA,0,NA,NA,0,NA
flood,ethiopia,SNNPR,,Yem Sp. Wer.,,Yem SP woreda,71201,SNNPR,Yem Sp. Wer.,Yem SP woreda,71201,01/08/2004,NA,NA,NA,2,NA,NA,0,NA,NA,0,NA
flood,ethiopia,SNNPR,,South Omo,,Hamer,70704,SNNPR,South Omo,Hamer,70704,01/08/2010,NA,6250,6250,NA,NA,NA,0,NA,NA,0,NA
flood,ethiopia,SNNPR,,South Omo,,Kuraz (Dasenech),70706,SNNPR,South Omo,Kuraz (Dasenech),70706,01/08/2010,NA,5000,5000,NA,NA,NA,0,NA,NA,0,NA
flood,ethiopia,SNNPR,,Gamugofa,,Dita,71008,SNNPR,Gamugofa,Dita,71008,01/08/2010,NA,NA,NA,NA,NA,21,3,NA,NA,3,21
flood,ethiopia,Gambella,,Agnewak,,Itang,120207,Gambella,Agnewak,Itang,120207,01/08/2010,NA,15000,15000,NA,NA,NA,0,NA,NA,0,NA
flood,ethiopia,Gambella,,Nuwer,,Wantawo,120104,Gambella,Nuwer,Wantawo,120104,01/08/2010,NA,3750,3750,NA,NA,NA,0,NA,NA,0,NA
flood,ethiopia,Amhara,,North Wello,,Mersa Town,30397,Amhara,North Wello,Mersa Town,30397,22/08/2010,NA,NA,0,NA,NA,NA,NA,NA,NA,NA,NA
flood,ethiopia,Gambella,,Nuwer,,Akobo,120101,Gambella,Nuwer,Akobo,120101,01/08/2010,NA,2500,2500,NA,NA,NA,0,NA,NA,0,NA
flood,ethiopia,Gambella,,Nuwer,,Jikawo,120103,Gambella,Nuwer,Jikawo,120103,01/08/2010,NA,6250,6250,NA,NA,NA,0,NA,NA,0,NA
flood,ethiopia,Gambella,,Nuwer,,Lare,120102,Gambella,Nuwer,Lare,120102,01/08/2010,NA,5000,5000,NA,NA,NA,0,NA,NA,0,NA
flood,ethiopia,Amhara,,Oromia,,Kemisie Town,31006,Amhara,Oromia,Kemisie Town,31006,01/08/2010,NA,1139,1139,NA,NA,NA,0,NA,NA,0,NA
flood,ethiopia,Amhara,,North Shewa,,Menze Mama Midir,30509,Amhara,North Shewa,Menze Mama Midir,30509,01/08/2010,NA,8,8,NA,NA,NA,0,8,NA,0,NA
flood,ethiopia,Amhara,,South Wello,,Were ilu,30415,Amhara,South Wello,Were ilu,30415,01/08/2010,NA,8444,8444,NA,NA,55,0,NA,NA,0,55
flood,ethiopia,Tigray,,Eastern Tigray,,Wukro Town,10309,Tigray,Eastern Tigray,Wukro Town,10309,01/08/2010,NA,557,557,NA,NA,NA,0,NA,NA,0,NA
flood,ethiopia,Amhara,,Wag Himra,,Sekota,30802,Amhara,Wag Himra,Sekota,30802,01/08/2010,NA,NA,NA,NA,NA,21,0,NA,NA,0,21
flood,ethiopia,Amhara,,Wag Himra,,Zequala,30801,Amhara,Wag Himra,Zequala,30801,01/08/2010,NA,505,505,NA,NA,87,460,NA,NA,460,87
flood,ethiopia,Amhara,,Central Gondar,,West Belesa,30116,Amhara,Central Gondar,West Belesa,30116,01/08/2010,NA,505,505,NA,NA,NA,0,505,110,0,NA
flood,ethiopia,Tigray,,Central Tigray,,Werei Leke,10203,Tigray,Central Tigray,Werei Leke,10203,01/08/2006,NA,NA,NA,NA,NA,491,12,NA,24,12,491
flood,ethiopia,Amhara,,South Wello,,Worebabu,40111,Amhara,South Wello,Worebabu,40111,01/08/2010,NA,10183,10183,NA,NA,229,27,NA,NA,27,229
flood,ethiopia,Amhara,,West Gojam,,Bure Town,30710,Amhara,West Gojam,Bure Town,30710,01/08/2010,NA,1960,1960,NA,NA,521,0,NA,NA,0,521
flood,ethiopia,Tigray,,North Western Tigray,,Welkait,10502,Tigray,North Western Tigray,Welkait,10502,01/07/2010,NA,125,125,NA,NA,75,0,NA,NA,0,75
flood,ethiopia,Amhara,,South Wello,,Wegde,30416,Amhara,South Wello,Wegde,30416,30/11/2007,NA,1,1,1,NA,NA,28,NA,NA,28,NA
flood,ethiopia,Amhara,,South Wello,,Wegde,30416,Amhara,South Wello,Wegde,30416,30/11/2007,NA,1,1,1,NA,NA,28,NA,NA,28,NA
flood,ethiopia,Amhara,,South Wello,,Wegde,30416,Amhara,South Wello,Wegde,30416,07/09/2006,NA,828,828,NA,NA,710,177,135,NA,177,710
flood,ethiopia,Amhara,,Central Gondar,,Dembia,30111,Amhara,Central Gondar,Dembia,30111,01/08/2010,NA,NA,NA,NA,NA,124,0,NA,NA,0,124
flood,ethiopia,Amhara,,Central Gondar,,wegera,30109,Amhara,Central Gondar,wegera,30109,20/08/2011,NA,NA,0,NA,NA,NA,NA,NA,NA,NA,NA
flood,ethiopia,OROMIA,,Borena,,Teltale,41212,OROMIA,Borena,Teltale,41212,01/04/2010,NA,3000,3000,NA,NA,16003,12,1050,NA,12,16003
flood,ethiopia,Amhara,,South Wello,,Thehulederie,30405,Amhara,South Wello,Thehulederie,30405,01/08/2004,NA,NA,NA,2,1,NA,0,NA,NA,0,NA
flood,ethiopia,Amhara,,South Wello,,Kalu,30407,Amhara,South Wello,Kalu,30407,01/08/2010,NA,8107,8107,NA,NA,873,4,232,13,4,873
flood,ethiopia,Amhara,,South Wello,,Kalu,30407,Amhara,South Wello,Kalu,30407,01/08/2010,NA,2750,2750,NA,NA,189,37,NA,NA,37,189
flood,ethiopia,Amhara,,South Wello,,Kalu,30407,Amhara,South Wello,Kalu,30407,01/08/2010,NA,NA,NA,NA,NA,125,57,NA,NA,57,125
flood,ethiopia,Amhara,,Central Gondar,,Takusa,30121,Amhara,Central Gondar,Takusa,30121,07/09/2008,NA,22,22,NA,NA,NA,0,NA,NA,0,NA
flood,ethiopia,Tigray,,Western Tigray,,Tahtay Adiyabo,10101,Tigray,Western Tigray,Tahtay Adiyabo,10101,01/08/2010,NA,2952,2952,NA,NA,NA,0,NA,NA,0,NA
flood,ethiopia,Tigray,,Western Tigray,,Tahtay Adiyabo,10101,Tigray,Western Tigray,Tahtay Adiyabo,10101,01/07/2010,NA,2200,2200,NA,NA,875,12,NA,NA,12,875
flood,ethiopia,Amhara,,South Wello,,Kutaber,30403,Amhara,South Wello,Kutaber,30403,01/08/2010,NA,7891,7891,NA,NA,382,1,NA,NA,1,382
flood,ethiopia,Amhara,,South Wello,,Tenta,30402,Amhara,South Wello,Tenta,30402,01/08/2010,NA,3645,3645,NA,NA,223,8,NA,NA,8,223
flood,ethiopia,Amhara,,South Wello,,Mekdela,30401,Amhara,South Wello,Mekdela,30401,01/08/2010,NA,726,726,NA,NA,60,0,NA,NA,0,60
flood,ethiopia,Amhara,,South Wello,,Jama,30414,Amhara,South Wello,Jama,30414,01/08/2010,NA,6,6,NA,NA,NA,4,6,NA,4,NA
flood,ethiopia,Amhara,,South Wello,,Albuko,30408,Amhara,South Wello,Albuko,30408,01/08/2010,NA,28150,28150,NA,NA,4089,88,249,NA,88,4089
flood,ethiopia,Amhara,,North Wello,,Delanta,30306,Amhara,North Wello,Delanta,30306,01/08/2010,NA,12686,12686,NA,NA,1470,65,39,NA,65,1470
flood,ethiopia,SNNPR,,Silte,,Selti,72002,SNNPR,Silte,Selti,72002,07/09/2006,NA,3120,3120,NA,NA,NA,0,NA,NA,0,NA
flood,ethiopia,SNNPR,,Silte,,Selti,72002,SNNPR,Silte,Selti,72002,06/12/2006,NA,NA,NA,NA,NA,NA,121,3120,984,121,NA
flood,ethiopia,Tigray,,Western Tigray,,shire,10108,Tigray,Western Tigray,shire,10108,01/08/2010,NA,999,999,NA,NA,NA,0,NA,NA,0,NA
flood,ethiopia,Amhara,,South Wello,,Ambasel,30404,Amhara,South Wello,Ambasel,30404,01/08/2010,NA,77853,77853,NA,NA,2716,19,805,NA,19,2716
flood,ethiopia,Amhara,,South Gonder,,Dera (Amhara),40602,Amhara,South Gonder,Dera (Amhara),40602,01/08/2010,NA,18641,18641,NA,NA,2726,316,NA,79,316,2726
flood,ethiopia,Amhara,,South Gonder,,Libokemekem,30202,Amhara,South Gonder,Libokemekem,30202,01/08/2010,NA,NA,NA,NA,NA,387,62,NA,NA,62,387
flood,ethiopia,Amhara,,South Gonder,,Fogera,30203,Amhara,South Gonder,Fogera,30203,01/08/2010,NA,NA,NA,NA,NA,1164,64,NA,NA,64,1164
flood,ethiopia,Amhara,,West Gojam,,Bure Town,30710,Amhara,West Gojam,Bure Town,30710,01/08/2010,NA,1960,1960,NA,NA,NA,0,NA,NA,0,NA
flood,ethiopia,Amhara,,South Wello,,Kalu,30407,Amhara,South Wello,Kalu,30407,01/08/2010,NA,8540,8540,NA,NA,972,45,726,NA,45,972
flood,ethiopia,SNNPR,,Sidama,,Shashogo,70204,SNNPR,Sidama,Shashogo,70204,07/09/2006,NA,1540,1540,NA,NA,NA,0,NA,NA,0,NA
flood,ethiopia,Amhara,,North Shewa,,Kewet,30512,Amhara,North Shewa,Kewet,30512,01/08/2010,NA,1495,1495,NA,NA,110,3,NA,NA,3,110
flood,ethiopia,Amhara,,North Wello,,Wadla,30305,Amhara,North Wello,Wadla,30305,01/08/2010,NA,1336,1336,NA,NA,116,9,NA,NA,9,116
flood,ethiopia,SNNPR,,Hadiya,,Shashogo,70204,SNNPR,Hadiya,Shashogo,70204,07/09/2006,NA,7500,7500,NA,NA,NA,0,NA,NA,0,NA
flood,ethiopia,Amhara,,North Wello,,Bugna,30301,Amhara,North Wello,Bugna,30301,01/08/2010,NA,4462,4462,NA,NA,1004,28,50,NA,28,1004
flood,ethiopia,Amhara,,North Wello,,Wadla,30305,Amhara,North Wello,Wadla,30305,01/08/2010,NA,18935,18935,NA,NA,1866,23,3,NA,23,1866
flood,ethiopia,SNNPR,,Hadiya,,Shashogo,70204,SNNPR,Hadiya,Shashogo,70204,06/12/2006,NA,NA,NA,2,NA,5066,0,8258,NA,0,5066
flood,ethiopia,Amhara,,North Wello,,Raya Kobo,30302,Amhara,North Wello,Raya Kobo,30302,01/08/2010,NA,494,494,NA,NA,NA,0,494,NA,0,NA
flood,ethiopia,Amhara,,North Wello,,Raya Kobo,30302,Amhara,North Wello,Raya Kobo,30302,01/08/2010,NA,5728,5728,NA,NA,493,14,47,44,14,493
flood,ethiopia,Amhara,,North Wello,,Habru,30308,Amhara,North Wello,Habru,30308,01/08/2010,NA,37796,37796,NA,NA,5064,72,2919,NA,72,5064
flood,ethiopia,Amhara,,North Wello,,Habru,30308,Amhara,North Wello,Habru,30308,01/08/2010,NA,31255,31255,NA,NA,3422,58,2624,NA,58,3422
flood,ethiopia,SNNPR,,Hadiya,,Shashogo,70204,SNNPR,Hadiya,Shashogo,70204,07/09/2005,NA,17,17,NA,NA,5.4,0,NA,NA,0,5.4
flood,ethiopia,Afar,,Afar Zone 5,,Dewe,20503,Afar,Afar Zone 5,Dewe,20503,29/07/2010,NA,1000,1000,NA,NA,NA,0,NA,NA,0,NA
flood,ethiopia,Amhara,,Oromia,,Artuma Fursi,31004,Amhara,Oromia,Artuma Fursi,31004,01/08/2010,NA,7560,7560,NA,NA,1202,3,5883,NA,3,1202
flood,ethiopia,Afar,,Afar Zone 5,,Samurobi Gele'alo,20502,Afar,Afar Zone 5,Samurobi Gele'alo,20502,29/07/2010,NA,1000,1000,NA,NA,NA,0,NA,NA,0,NA
flood,ethiopia,Afar,,Afar Zone 5,,Samurobi Gele'alo,20502,Afar,Afar Zone 5,Samurobi Gele'alo,20502,29/07/2010,NA,1100,1100,NA,NA,346,0,NA,NA,0,346
flood,ethiopia,Tigray,,Southern Tigray,,Alamata,10407,Tigray,Southern Tigray,Alamata,10407,01/08/2010,NA,5363,5363,NA,NA,NA,0,NA,NA,0,NA
flood,ethiopia,Tigray,,Southern Tigray,,Alamata,10407,Tigray,Southern Tigray,Alamata,10407,01/08/2010,NA,18384,18384,NA,NA,NA,0,NA,NA,0,NA
flood,ethiopia,Afar,,Afar Zone 5,,Samurobi Gele'alo,20502,Afar,Afar Zone 5,Samurobi Gele'alo,20502,07/09/2006,NA,NA,NA,NA,NA,NA,660,NA,NA,660,NA
flood,ethiopia,Afar,,Afar Zone 5,,Samurobi Gele'alo,20502,Afar,Afar Zone 5,Samurobi Gele'alo,20502,07/09/2006,NA,NA,NA,NA,NA,NA,550,NA,NA,550,NA
flood,ethiopia,Afar,,Afar Zone 5,,Samurobi Gele'alo,20502,Afar,Afar Zone 5,Samurobi Gele'alo,20502,07/09/2006,NA,NA,NA,NA,NA,NA,620,NA,NA,620,NA
flood,ethiopia,Afar,,Afar Zone 5,,Samurobi Gele'alo,20502,Afar,Afar Zone 5,Samurobi Gele'alo,20502,07/09/2006,NA,NA,NA,NA,NA,NA,450,NA,NA,450,NA
flood,ethiopia,Afar,,Afar Zone 5,,Samurobi Gele'alo,20502,Afar,Afar Zone 5,Samurobi Gele'alo,20502,07/09/2006,NA,NA,NA,NA,NA,NA,400,NA,NA,400,NA
flood,ethiopia,Amhara,,West Gojam,,Semen Achefer,30701,Amhara,West Gojam,Semen Achefer,30701,01/08/2010,NA,250,250,NA,NA,NA,0,NA,NA,0,NA
flood,ethiopia,Tigray,,Southern Tigray,,Enderta,10602,Tigray,Southern Tigray,Enderta,10602,01/08/2010,NA,395,395,NA,NA,37,8,NA,NA,8,37
flood,ethiopia,SNNPR,,South Omo,,selamgo,70701,SNNPR,South Omo,selamgo,70701,07/09/2007,NA,25000,25000,NA,NA,NA,0,NA,NA,0,NA
flood,ethiopia,Tigray,,Southern Tigray,,Seharti Samre,10601,Tigray,Southern Tigray,Seharti Samre,10601,01/07/2010,NA,980,980,NA,NA,404,49,NA,NA,49,404
flood,ethiopia,Tigray,,Central Tigray,,Degua Temben,10604,Tigray,Central Tigray,Degua Temben,10604,01/08/2010,NA,130,130,NA,NA,5,0,NA,NA,0,5
flood,ethiopia,Amhara,,Wag Himra,,Sahila,30806,Amhara,Wag Himra,Sahila,30806,20/03/2009,NA,NA,NA,NA,NA,NA,14,NA,NA,14,NA
flood,ethiopia,Tigray,,Eastern Tigray,,Saesi Tsesada Amba,10303,Tigray,Eastern Tigray,Saesi Tsesada Amba,10303,01/08/2010,NA,7950,7950,NA,NA,530,0,NA,NA,0,530
flood,ethiopia,Tigray,,Eastern Tigray,,Saesi Tsesada Amba,10303,Tigray,Eastern Tigray,Saesi Tsesada Amba,10303,01/08/2006,NA,NA,NA,6,NA,NA,0,NA,NA,0,NA
flood,ethiopia,Tigray,,Central Tigray,,Nader Adet,10207,Tigray,Central Tigray,Nader Adet,10207,01/08/2010,NA,9120,9120,NA,NA,727,0,NA,NA,0,727
flood,ethiopia,Tigray,,Central Tigray,,Tahtay Maychew,10206,Tigray,Central Tigray,Tahtay Maychew,10206,01/07/2010,NA,3550,3550,NA,NA,208,0,NA,NA,0,208
flood,ethiopia,Tigray,,Western Tigray,,Tahtay Koraro,10104,Tigray,Western Tigray,Tahtay Koraro,10104,01/07/2010,NA,4735,4735,NA,NA,569,33,NA,NA,33,569
flood,ethiopia,Tigray,,Western Tigray,,Medebay Zana,10103,Tigray,Western Tigray,Medebay Zana,10103,01/07/2010,NA,2145,2145,NA,NA,225,0,NA,NA,0,225
flood,ethiopia,Tigray,,Western Tigray,,Medebay Zana,10103,Tigray,Western Tigray,Medebay Zana,10103,01/07/2010,NA,3020,3020,NA,NA,202,0,NA,NA,0,202
flood,ethiopia,Tigray,,Central Tigray,,Kola Temben,10208,Tigray,Central Tigray,Kola Temben,10208,01/06/2010,NA,4450,4450,NA,NA,573,96,NA,NA,96,573
flood,ethiopia,Tigray,,Eastern Tigray,,Erob,10302,Tigray,Eastern Tigray,Erob,10302,01/07/2010,NA,755,755,NA,NA,14,17,NA,NA,17,14
flood,ethiopia,Tigray,,Southern Tigray,,Ofla,10408,Tigray,Southern Tigray,Ofla,10408,01/07/2010,NA,39705,39705,7,NA,2583,45,85,NA,45,2583
flood,ethiopia,Tigray,,Southern Tigray,,Mychew /Town/,10206,Tigray,Southern Tigray,Mychew /Town/,10206,01/08/2010,NA,853,853,NA,NA,NA,0,NA,NA,0,NA
flood,ethiopia,Tigray,,North Western Tigray,,Kafta Humera,10501,Tigray,North Western Tigray,Kafta Humera,10501,01/07/2010,NA,1385,1385,NA,NA,3534,0,NA,NA,0,3534
flood,ethiopia,Tigray,,Southern Tigray,,Mychew /Town/,10206,Tigray,Southern Tigray,Mychew /Town/,10206,01/08/2010,NA,1264,1264,NA,NA,NA,0,NA,NA,0,NA
flood,ethiopia,Somali,,Afder,,west Imi,50805,Somali,Afder,west Imi,50805,07/09/2006,NA,41000,41000,7,2,NA,0,NA,NA,0,NA
flood,ethiopia,Tigray,,Southern Tigray,,Endamehoni,10405,Tigray,Southern Tigray,Endamehoni,10405,01/08/2010,NA,41950,41950,NA,NA,2226,107,NA,NA,107,2226
flood,ethiopia,Tigray,,Southern Tigray,,Raya Azebo,10406,Tigray,Southern Tigray,Raya Azebo,10406,01/07/2010,NA,10255,10255,NA,NA,250,303,1362,NA,303,250
flood,ethiopia,Tigray,,Central Tigray,,Adwa,10204,Tigray,Central Tigray,Adwa,10204,01/07/2010,NA,1410,1410,NA,NA,NA,0,94,NA,0,NA
flood,ethiopia,Tigray,,Eastern Tigray,,Hawzen,10305,Tigray,Eastern Tigray,Hawzen,10305,01/07/2010,NA,3630,3630,NA,NA,78,0,NA,NA,0,78
flood,ethiopia,Tigray,,Eastern Tigray,,Hawzen,10305,Tigray,Eastern Tigray,Hawzen,10305,30/11/2010,NA,10135,10135,NA,NA,1177,0,NA,NA,0,1177
flood,ethiopia,Tigray,,Southern Tigray,,Alamata,10407,Tigray,Southern Tigray,Alamata,10407,21/12/2010,NA,11885,11885,2,NA,2416,202,9875,NA,202,2416
flood,ethiopia,Somali,,Afder,,west Imi,50805,Somali,Afder,west Imi,50805,07/09/2005,NA,66,66,NA,NA,NA,0,3000,NA,0,NA
flood,ethiopia,Somali,,Afder,,West Imi,50805,Somali,Afder,West Imi,50805,22/04/2005,NA,13415,13415,55,NA,NA,14128,NA,900,14128,NA
flood,ethiopia,Amhara,,Central Gondar,,West Belesa,30117,Amhara,Central Gondar,West Belesa,30117,01/06/2004,NA,NA,NA,2,NA,NA,0,NA,NA,0,NA
flood,ethiopia,Afar,,Afar Zone 4,,Ewa,20402,Afar,Afar Zone 4,Ewa,20402,28/08/2010,NA,1200,1200,NA,NA,NA,0,NA,NA,0,NA
flood,ethiopia,Amhara,,Central Gondar,,West Belesa,30117,Amhara,Central Gondar,West Belesa,30117,01/08/2004,NA,1100,1100,NA,NA,112,0,NA,NA,0,112
flood,ethiopia,SNNPR,,Gamugofa,,Mierab Abaya,71005,SNNPR,Gamugofa,Mierab Abaya,71005,22/06/2007,NA,NA,NA,NA,NA,179,45,500,NA,45,179
flood,ethiopia,SNNPR,,Gamugofa,,Mierab Abaya,71005,SNNPR,Gamugofa,Mierab Abaya,71005,07/09/2007,NA,470,470,NA,NA,400,108,470,NA,108,400
flood,ethiopia,SNNPR,,Gamugofa,,Mierab Abaya,71005,SNNPR,Gamugofa,Mierab Abaya,71005,07/09/2006,NA,300,300,NA,NA,NA,0,NA,NA,0,NA
flood,ethiopia,SNNPR,,Gamugofa,,Mierab Abaya,71005,SNNPR,Gamugofa,Mierab Abaya,71005,03/12/2003,NA,NA,NA,NA,NA,120,0,300,NA,0,120
flood,ethiopia,OROMIA,,East Shewa,,Metta,41009,OROMIA,East Shewa,Metta,41009,01/04/2010,NA,1800,1800,NA,NA,3467,0,630,NA,0,3467
flood,ethiopia,Afar,,Afar Zone 1,,Chifra,20106,Afar,Afar Zone 1,Chifra,20106,15/08/2010,NA,600,600,NA,NA,NA,0,NA,NA,0,NA
flood,ethiopia,Afar,,Afar Zone 1,,Chifra,20106,Afar,Afar Zone 1,Chifra,20106,28/07/2010,NA,18600,18600,NA,NA,865,0,18600,NA,0,865
flood,ethiopia,Afar,,Afar Zone 1,,Chifra,20106,Afar,Afar Zone 1,Chifra,20106,14/08/2010,NA,15630,15630,NA,NA,160,0,15630,NA,0,160
flood,ethiopia,Afar,,Afar Zone 1,,Chifra,20106,Afar,Afar Zone 1,Chifra,20106,22/07/2010,NA,11500,11500,NA,NA,1642,0,11500,NA,0,1642
flood,ethiopia,Tigray,,Central Tigray,,Mereb Lehe,10201,Tigray,Central Tigray,Mereb Lehe,10201,01/08/2010,NA,5772,5772,NA,NA,NA,0,NA,NA,0,NA
flood,ethiopia,Tigray,,Central Tigray,,Mereb Lehe,10201,Tigray,Central Tigray,Mereb Lehe,10201,01/08/2010,NA,15810,15810,NA,NA,1054,72,NA,NA,72,1054
flood,ethiopia,OROMIA,,Bale,,Agarfa,41104,OROMIA,Bale,Agarfa,41104,01/07/2010,NA,4000,4000,NA,NA,NA,0,NA,NA,0,NA
flood,ethiopia,Amhara,,North Shewa,,Merhabete,30502,Amhara,North Shewa,Merhabete,30502,01/08/2010,NA,1697,1697,NA,NA,50,0,NA,NA,0,50
flood,ethiopia,OROMIA,,East Shewa,,Adama,40703,OROMIA,East Shewa,Adama,40703,01/07/2010,NA,5000,5000,NA,NA,NA,0,1750,NA,0,NA
flood,ethiopia,OROMIA,,East Shewa,,Boset,40702,OROMIA,East Shewa,Boset,40702,01/07/2010,NA,4000,4000,NA,NA,NA,0,NA,NA,0,NA
flood,ethiopia,OROMIA,,East Shewa,,Haro Maya,41006,OROMIA,East Shewa,Haro Maya,41006,01/04/2010,NA,NA,NA,NA,NA,187,0,NA,NA,0,187
flood,ethiopia,OROMIA,,East Shewa,,Kombolcha,41001,OROMIA,East Shewa,Kombolcha,41001,01/04/2010,NA,NA,NA,NA,NA,63,0,NA,NA,0,63
flood,ethiopia,Amhara,,East Gojam,,Michakel,30609,Amhara,East Gojam,Michakel,30609,01/08/2005,NA,NA,NA,NA,NA,239,0,NA,NA,0,239
flood,ethiopia,OROMIA,,East Shewa,,Girawa,41016,OROMIA,East Shewa,Girawa,41016,01/04/2010,NA,5000,5000,NA,NA,616,0,NA,NA,0,616
flood,ethiopia,Amhara,,East Gojam,,Michakel,30609,Amhara,East Gojam,Michakel,30609,01/08/2005,NA,NA,NA,NA,NA,NA,0,NA,34,0,NA
flood,ethiopia,OROMIA,,East Shewa,,Bedeno,41013,OROMIA,East Shewa,Bedeno,41013,01/04/2010,NA,1700,1700,NA,NA,49,0,NA,NA,0,49
flood,ethiopia,Amhara,,East Gojam,,Michakel,30609,Amhara,East Gojam,Michakel,30609,01/08/2005,NA,2315,2315,NA,NA,775,0,NA,27,0,775
flood,ethiopia,OROMIA,,East Shewa,,Deder,41011,OROMIA,East Shewa,Deder,41011,01/04/2010,NA,2000,2000,NA,NA,195,0,NA,NA,0,195
flood,ethiopia,OROMIA,,East Shewa,,Goro Gutu,41010,OROMIA,East Shewa,Goro Gutu,41010,01/04/2010,NA,3000,3000,NA,NA,185,0,1050,NA,0,185
flood,ethiopia,OROMIA,,Arsi,,Tena,40813,OROMIA,Arsi,Tena,40813,01/08/2010,NA,4150,4150,NA,NA,206,16,NA,NA,16,206
flood,ethiopia,Amhara,,South Wello,,Legehida,30420,Amhara,South Wello,Legehida,30420,01/08/2010,NA,366,366,NA,NA,713,0,NA,NA,0,713
flood,ethiopia,OROMIA,,West Arsi,,Shashemene Zuria,41712,OROMIA,West Arsi,Shashemene Zuria,41712,01/08/2010,NA,5000,5000,NA,NA,95,0,NA,NA,0,95
flood,ethiopia,Amhara,,South Wello,,Legehida,30420,Amhara,South Wello,Legehida,30420,01/08/2010,NA,381,381,NA,NA,51,0,NA,NA,0,51
flood,ethiopia,OROMIA,,West Arsi,,Adaba,41710,OROMIA,West Arsi,Adaba,41710,01/08/2010,NA,22000,22000,NA,NA,459,3,7700,NA,3,459
flood,ethiopia,OROMIA,,West Arsi,,Dodola,41707,OROMIA,West Arsi,Dodola,41707,01/08/2010,NA,NA,NA,NA,NA,NA,10,NA,NA,10,NA
flood,ethiopia,OROMIA,,Arsi,,Shirka,40814,OROMIA,Arsi,Shirka,40814,01/08/2010,NA,2500,2500,NA,NA,240,0,875,NA,0,240
flood,ethiopia,OROMIA,,West Guji,,Gelana (West Guji),41217,OROMIA,West Guji,Gelana (West Guji),41217,01/04/2010,NA,14000,14000,NA,NA,3173,0,988,NA,0,3173
flood,ethiopia,OROMIA,,Bale,,Lege Hida,41107,OROMIA,Bale,Lege Hida,41107,01/07/2010,NA,4500,4500,NA,NA,NA,0,NA,NA,0,NA
flood,ethiopia,Amhara,,Central Gondar,,Lay Armacho,30108,Amhara,Central Gondar,Lay Armacho,30108,01/08/2004,NA,NA,NA,NA,NA,268,48,NA,NA,48,268
flood,ethiopia,SNNPR,,Silte,,Lanfuro,72003,SNNPR,Silte,Lanfuro,72003,07/09/2006,NA,300,300,NA,NA,NA,0,NA,NA,0,NA
flood,ethiopia,Tigray,,North Western Tigray,,Kafta Humera,10501,Tigray,North Western Tigray,Kafta Humera,10501,01/06/2004,NA,NA,NA,2,NA,NA,0,NA,NA,0,NA
flood,ethiopia,SNNPR,,Silte,,Lanfuro,72003,SNNPR,Silte,Lanfuro,72003,06/12/2006,NA,NA,NA,NA,NA,18.4,49,300,60,49,18.4
flood,ethiopia,SNNPR,,Silte,,Lanfuro,72003,SNNPR,Silte,Lanfuro,72003,01/05/2003,NA,NA,NA,NA,NA,128,333,NA,NA,333,128
flood,ethiopia,Tigray,,Southern Tigray,,Raya Azebo,10406,Tigray,Southern Tigray,Raya Azebo,10406,07/09/2007,NA,87,87,NA,NA,NA,0,NA,NA,0,NA
flood,ethiopia,Tigray,,Southern Tigray,,Raya Azebo,10406,Tigray,Southern Tigray,Raya Azebo,10406,01/08/2006,NA,NA,NA,NA,NA,NA,0,NA,24,0,NA
flood,ethiopia,Tigray,,Southern Tigray,,Raya Azebo,10406,Tigray,Southern Tigray,Raya Azebo,10406,01/09/2004,NA,50,50,NA,NA,NA,0,NA,NA,0,NA
flood,ethiopia,Tigray,,Southern Tigray,,Raya Azebo,10406,Tigray,Southern Tigray,Raya Azebo,10406,01/09/2004,NA,1875,1875,NA,NA,1087,0,NA,NA,0,1087
flood,ethiopia,Tigray,,Southern Tigray,,Raya Azebo,10406,Tigray,Southern Tigray,Raya Azebo,10406,07/09/2001,NA,NA,NA,NA,NA,200,0,NA,NA,0,200
flood,ethiopia,Tigray,,Southern Tigray,,Ofla,10408,Tigray,Southern Tigray,Ofla,10408,01/08/2004,NA,NA,NA,NA,NA,176,0,NA,NA,0,176
flood,ethiopia,SNNPR,,South Omo,,Kuraz (Dasenech),70706,SNNPR,South Omo,Kuraz (Dasenech),70706,07/09/2006,NA,10000,10000,125,NA,NA,0,NA,NA,0,NA
flood,ethiopia,Tigray,,Southern Tigray,,Alamata,10407,Tigray,Southern Tigray,Alamata,10407,07/09/2007,NA,1400,1400,NA,NA,NA,0,NA,NA,0,NA
flood,ethiopia,Tigray,,Southern Tigray,,Alamata,10407,Tigray,Southern Tigray,Alamata,10407,01/09/2003,NA,NA,NA,NA,NA,NA,0,2000,NA,0,NA
flood,ethiopia,Tigray,,Southern Tigray,,Alamata,10407,Tigray,Southern Tigray,Alamata,10407,11/08/2001,NA,1027,1027,NA,NA,NA,0,162,NA,0,NA
flood,ethiopia,SNNPR,,South Omo,,Kuraz (Dasenech),70706,SNNPR,South Omo,Kuraz (Dasenech),70706,07/09/2006,NA,15748,15748,NA,NA,NA,0,NA,NA,0,NA
flood,ethiopia,Tigray,,Western Tigray,,Medebay Zana,10103,Tigray,Western Tigray,Medebay Zana,10103,01/08/2004,NA,NA,NA,NA,NA,176,0,NA,NA,0,176
flood,ethiopia,SNNPR,,South Omo,,Kuraz (Dasenech),70706,SNNPR,South Omo,Kuraz (Dasenech),70706,06/12/2006,NA,5000,5000,NA,NA,NA,96,NA,NA,96,NA
flood,ethiopia,SNNPR,,South Omo,,Kuraz (Dasenech),70706,SNNPR,South Omo,Kuraz (Dasenech),70706,07/09/2005,NA,5000,5000,NA,NA,NA,96,NA,NA,96,NA
flood,ethiopia,Tigray,,Eastern Tigray,,Hawzen,10305,Tigray,Eastern Tigray,Hawzen,10305,01/08/2005,NA,3400,3400,NA,NA,815,3,NA,NA,3,815
flood,ethiopia,SNNPR,,South Omo,,Kuraz (Dasenech),70706,SNNPR,South Omo,Kuraz (Dasenech),70706,07/09/2001,NA,NA,NA,6,NA,NA,0,NA,NA,0,NA
flood,ethiopia,Tigray,,Central Tigray,,Laelay Maychew,10205,Tigray,Central Tigray,Laelay Maychew,10205,01/08/2004,NA,NA,NA,1,NA,85,0,NA,28,0,85
flood,ethiopia,Tigray,,Central Tigray,,Adwa,10204,Tigray,Central Tigray,Adwa,10204,01/08/2004,NA,NA,NA,4,NA,NA,0,NA,NA,0,NA
flood,ethiopia,SNNPR,,South Omo,,Kuraz (Dasenech),70706,SNNPR,South Omo,Kuraz (Dasenech),70706,11/12/2001,NA,NA,NA,NA,NA,NA,53,NA,NA,53,NA
flood,ethiopia,SNNPR,,South Omo,,Kuraz (Dasenech),70706,SNNPR,South Omo,Kuraz (Dasenech),70706,07/09/2001,NA,NA,NA,12,NA,NA,0,NA,NA,0,NA
flood,ethiopia,SNNPR,,South Omo,,Kuraz (Dasenech),70706,SNNPR,South Omo,Kuraz (Dasenech),70706,07/09/2007,NA,28000,28000,NA,NA,NA,0,NA,NA,0,NA
flood,ethiopia,Somali,,Doolo,,Warder,50704,Somali,Doolo,Warder,50704,05/12/2005,NA,8000,8000,1,NA,NA,0,NA,NA,0,NA
flood,ethiopia,Somali,,Siti,,Shinile,50103,Somali,Siti,Shinile,50103,07/09/2000,NA,NA,NA,NA,NA,NA,0,1000,NA,0,NA
flood,ethiopia,Somali,,Siti,,Erer,130105,Somali,Siti,Erer,130105,07/09/2000,NA,NA,NA,5,NA,377,300,1820,NA,300,377
flood,ethiopia,Somali,,Siti,,Ayisha,50101,Somali,Siti,Ayisha,50101,06/12/2006,NA,3000,3000,NA,NA,NA,500,NA,19,500,NA
flood,ethiopia,Somali,,Liben,,Filtu,50901,Somali,Liben,Filtu,50901,07/09/2005,NA,6225,6225,NA,NA,NA,260,NA,NA,260,NA
flood,ethiopia,Somali,,Liben,,Filtu,50901,Somali,Liben,Filtu,50901,07/09/2005,NA,6225,6225,5,NA,NA,818,NA,NA,818,NA
flood,ethiopia,Somali,,Liben,,Filtu,50901,Somali,Liben,Filtu,50901,01/05/2002,NA,NA,NA,NA,NA,NA,0,2500,NA,0,NA
flood,ethiopia,Somali,,Liben,,Dolo Odo,50902,Somali,Liben,Dolo Odo,50902,30/11/2003,NA,10000,10000,NA,NA,NA,0,NA,NA,0,NA
flood,ethiopia,Somali,,Liben,,Dolo Odo,50902,Somali,Liben,Dolo Odo,50902,07/09/2005,NA,46700,46700,6,NA,NA,0,NA,NA,0,NA
flood,ethiopia,Somali,,Liben,,Dolo Odo,50902,Somali,Liben,Dolo Odo,50902,05/12/2005,NA,NA,NA,6,NA,NA,0,NA,NA,0,NA
flood,ethiopia,Somali,,Liben,,Dolo Odo,50902,Somali,Liben,Dolo Odo,50902,07/09/2005,NA,150000,150000,6,NA,NA,259,NA,NA,259,NA
flood,ethiopia,Somali,,Korahe,,Kebridehar,50502,Somali,Korahe,Kebridehar,50502,07/09/2005,NA,NA,NA,1,NA,NA,0,NA,105,0,NA
flood,ethiopia,Somali,,Korahe,,Kebridehar,50502,Somali,Korahe,Kebridehar,50502,07/09/2006,NA,3500,3500,2,NA,NA,0,NA,33,0,NA
flood,ethiopia,Somali,,Korahe,,Kebridehar,50502,Somali,Korahe,Kebridehar,50502,05/12/2005,NA,4800,4800,2,NA,NA,2365,NA,NA,2365,NA
flood,ethiopia,Somali,,Korahe,,Kebridehar,50502,Somali,Korahe,Kebridehar,50502,07/09/2005,NA,NA,NA,NA,NA,NA,0,NA,200,0,NA
flood,ethiopia,Somali,,Fafan,,Jijiga,50204,Somali,Fafan,Jijiga,50204,25/04/2005,NA,NA,NA,NA,NA,NA,0,NA,200,0,NA
flood,ethiopia,Somali,,Fafan,,Gursum,41003,Somali,Fafan,Gursum,41003,07/09/2005,NA,550,550,4,NA,NA,900,NA,NA,900,NA
flood,ethiopia,Somali,,Shebelle,,Mustahil,50606,Somali,Shebelle,Mustahil,50606,06/12/2006,NA,361600,361600,80,NA,NA,0,NA,NA,0,NA
flood,ethiopia,Somali,,Shebelle,,Mustahil,50606,Somali,Shebelle,Mustahil,50606,07/09/2003,NA,91050,91050,64,NA,NA,5900,6350,880,5900,NA
flood,ethiopia,Somali,,Shebelle,,Mustahil,50606,Somali,Shebelle,Mustahil,50606,07/09/2003,NA,1.00E+05,1.00E+05,64,NA,NA,0,NA,NA,0,NA
flood,ethiopia,Somali,,Shebelle,,Mustahil,50606,Somali,Shebelle,Mustahil,50606,08/08/2007,NA,32000,32000,2,4,4770,361,32000,NA,361,4770
flood,ethiopia,Somali,,Shebelle,,Mustahil,50606,Somali,Shebelle,Mustahil,50606,07/09/2006,NA,NA,NA,NA,NA,NA,0,NA,300,0,NA
flood,ethiopia,Somali,,Shebelle,,Mustahil,50606,Somali,Shebelle,Mustahil,50606,07/09/2006,NA,74000,74000,4,8,NA,0,NA,NA,0,NA
flood,ethiopia,Somali,,Shebelle,,Mustahil,50606,Somali,Shebelle,Mustahil,50606,07/09/2005,NA,NA,NA,4,NA,NA,0,NA,300,0,NA
flood,ethiopia,Somali,,Shebelle,,Mustahil,50606,Somali,Shebelle,Mustahil,50606,07/09/2005,NA,16449,16449,14,NA,5400,4534,NA,NA,4534,5400
flood,ethiopia,Somali,,Shebelle,,Kelafo,50605,Somali,Shebelle,Kelafo,50605,05/12/2005,NA,40000,40000,66,NA,NA,0,NA,NA,0,NA
flood,ethiopia,Somali,,Shebelle,,Kelafo,50605,Somali,Shebelle,Kelafo,50605,07/09/2003,NA,110000,110000,NA,NA,NA,0,NA,NA,0,NA
flood,ethiopia,Somali,,Shebelle,,Kelafo,50605,Somali,Shebelle,Kelafo,50605,07/09/2006,NA,NA,NA,NA,NA,NA,0,NA,108,0,NA
flood,ethiopia,Somali,,Shebelle,,Kelafo,50605,Somali,Shebelle,Kelafo,50605,07/09/2006,NA,88540,88540,29,2,NA,0,NA,NA,0,NA
flood,ethiopia,Somali,,Shebelle,,Kelafo,50605,Somali,Shebelle,Kelafo,50605,07/09/2006,NA,NA,NA,2,1,3200,392,8539,NA,392,3200
flood,ethiopia,Somali,,Shebelle,,Kelafo,50605,Somali,Shebelle,Kelafo,50605,07/09/2005,NA,9574,9574,29,NA,5969,23440,NA,34,23440,5969
flood,ethiopia,SNNPR,,Wolayita,,Kindo Koyisha,70606,SNNPR,Wolayita,Kindo Koyisha,70606,07/09/2006,NA,4035,4035,NA,NA,NA,0,NA,NA,0,NA
flood,ethiopia,Somali,,Shebelle,,Gode,50604,Somali,Shebelle,Gode,50604,07/09/2006,NA,5650,5650,10,NA,NA,333,NA,NA,333,NA
flood,ethiopia,Somali,,Shebelle,,Ferfer,50607,Somali,Shebelle,Ferfer,50607,07/09/2006,NA,13514,13514,NA,NA,NA,0,NA,NA,0,NA
flood,ethiopia,Somali,,Shebelle,,Ferfer,50607,Somali,Shebelle,Ferfer,50607,07/09/2005,NA,18500,18500,5,NA,NA,0,NA,NA,0,NA
flood,ethiopia,Somali,,Fefan,,Kebribeyah,50206,Somali,Fefan,Kebribeyah,50206,27/04/2005,NA,NA,NA,16,NA,NA,0,NA,108,0,NA
flood,ethiopia,Somali,,Fefan,,Kebribeyah,50206,Somali,Fefan,Kebribeyah,50206,05/12/2005,NA,24550,24550,53,NA,2500,27638,125000,5600,27638,2500
flood,ethiopia,Gambella,,Agnewak,,Jore,120204,Gambella,Agnewak,Jore,120204,01/08/2010,NA,1250,1250,NA,NA,NA,0,NA,NA,0,NA
flood,ethiopia,Somali,,Degehabur,,Gashamo,50304,Somali,Degehabur,Gashamo,50304,07/09/2005,NA,105000,105000,NA,NA,NA,0,NA,NA,0,NA
flood,ethiopia,Somali,,Degehabur,,Degehabur,50302,Somali,Degehabur,Degehabur,50302,05/12/2005,NA,10000,10000,10,NA,NA,3125,NA,NA,3125,NA
flood,ethiopia,Gambella,,Agnewak,,Jore,120204,Gambella,Agnewak,Jore,120204,07/09/2006,NA,NA,NA,NA,NA,1650,1245,30915,NA,1245,1650
flood,ethiopia,Amhara,,Oromia,,Jilye Tumuga,31003,Amhara,Oromia,Jilye Tumuga,31003,30/11/2007,NA,NA,NA,NA,NA,50,60,NA,NA,60,50
flood,ethiopia,Amhara,,Oromia,,Jilye Tumuga,31003,Amhara,Oromia,Jilye Tumuga,31003,30/11/2007,NA,NA,NA,NA,NA,50,60,NA,NA,60,50
flood,ethiopia,Amhara,,Oromia,,Jilye Tumuga,31003,Amhara,Oromia,Jilye Tumuga,31003,07/09/2006,NA,500,500,1,NA,273,0,739,NA,0,273
flood,ethiopia,OROMIA,,South West Shoa,,Illu Galan,40500,OROMIA,South West Shoa,Illu Galan,40500,01/07/2010,NA,14600,14600,NA,NA,950,0,NA,NA,0,950
flood,ethiopia,Harari,,Harar,,Sofi,130101,Harari,Harar,Sofi,130101,07/09/2005,NA,NA,NA,NA,NA,1835,0,NA,NA,0,1835
flood,ethiopia,Harari,,Harar,,Sofi,130101,Harari,Harar,Sofi,130101,07/09/2005,NA,NA,NA,NA,NA,148,0,NA,NA,0,148
flood,ethiopia,Harari,,Harar,,Sofi,130101,Harari,Harar,Sofi,130101,07/09/2005,NA,NA,NA,NA,NA,115,0,NA,NA,0,115
flood,ethiopia,Somali,,Liben,,Guradamole,50801,Somali,Liben,Guradamole,50801,05/12/2005,NA,23000,23000,16,NA,NA,0,NA,NA,0,NA
flood,ethiopia,Somali,,Liben,,Guradamole,50801,Somali,Liben,Guradamole,50801,07/09/2005,NA,NA,NA,NA,NA,NA,0,NA,20,0,NA
flood,ethiopia,Harari,,Harar,,Sofi,130101,Harari,Harar,Sofi,130101,07/09/2005,NA,NA,NA,NA,NA,74.5,0,NA,NA,0,74.5
flood,ethiopia,Harari,,Harar,,Sofi,130101,Harari,Harar,Sofi,130101,07/09/2005,NA,NA,NA,NA,NA,71,0,NA,NA,0,71
flood,ethiopia,Harari,,Harar,,Sofi,130101,Harari,Harar,Sofi,130101,07/09/2005,NA,NA,NA,NA,NA,3.5,0,NA,NA,0,3.5
flood,ethiopia,Harari,,Harar,,Sofi,130101,Harari,Harar,Sofi,130101,07/09/2005,NA,NA,NA,NA,NA,1.5,0,NA,NA,0,1.5
flood,ethiopia,Harari,,Harar,,Sofi,130101,Harari,Harar,Sofi,130101,22/06/2001,NA,40,40,NA,NA,NA,0,NA,NA,0,NA
flood,ethiopia,Harari,,Harar,,Sofi,130101,Harari,Harar,Sofi,130101,22/06/2001,NA,5,5,NA,NA,NA,0,NA,NA,0,NA
flood,ethiopia,Tigray,,North Western Tigray,,Humera /Town/,10501,Tigray,North Western Tigray,Humera /Town/,10501,01/08/2010,NA,6909,6909,NA,NA,NA,0,NA,NA,0,NA
flood,ethiopia,Tigray,,North Western Tigray,,Humera /Town/,10501,Tigray,North Western Tigray,Humera /Town/,10501,07/09/2007,NA,462,462,NA,NA,NA,0,NA,NA,0,NA
flood,ethiopia,Tigray,,North Western Tigray,,Humera /Town/,10501,Tigray,North Western Tigray,Humera /Town/,10501,01/08/2006,NA,NA,NA,NA,NA,NA,0,400,NA,0,NA
flood,ethiopia,Tigray,,Southern Tigray,,Hintalo Wajirat,10603,Tigray,Southern Tigray,Hintalo Wajirat,10603,01/07/2010,NA,1140,1140,NA,NA,769,0,NA,NA,0,769
flood,ethiopia,Tigray,,Southern Tigray,,Hintalo Wajirat,10603,Tigray,Southern Tigray,Hintalo Wajirat,10603,01/07/2010,NA,2495,2495,NA,NA,NA,0,161,NA,0,NA
flood,ethiopia,SNNPR,,Wolayita,,Sodo Zuria,70605,SNNPR,Wolayita,Sodo Zuria,70605,07/09/2006,NA,1363,1363,NA,NA,NA,0,NA,NA,0,NA
flood,ethiopia,SNNPR,,Wolayita,,Sodo Zuria,70605,SNNPR,Wolayita,Sodo Zuria,70605,07/09/2005,NA,1363,1363,NA,NA,600,0,NA,17,0,600
flood,ethiopia,SNNPR,,Wolayita,,Sodo Zuria,70605,SNNPR,Wolayita,Sodo Zuria,70605,05/12/2005,NA,NA,NA,NA,NA,631,0,1363,17,0,631
flood,ethiopia,SNNPR,,Wolayita,,Ofa,70607,SNNPR,Wolayita,Ofa,70607,07/09/2006,NA,6240,6240,NA,NA,NA,0,NA,NA,0,NA
flood,ethiopia,SNNPR,,Wolayita,,Ofa,70607,SNNPR,Wolayita,Ofa,70607,01/08/2005,NA,70,70,1,NA,20,0,NA,NA,0,20
flood,ethiopia,SNNPR,,Wolayita,,Ofa,70607,SNNPR,Wolayita,Ofa,70607,01/08/2004,NA,NA,NA,NA,NA,160,0,NA,NA,0,160
flood,ethiopia,SNNPR,,Wolayita,,Ofa,70607,SNNPR,Wolayita,Ofa,70607,01/04/2004,NA,NA,NA,NA,NA,284,0,NA,109,0,284
flood,ethiopia,SNNPR,,Wolayita,,Ofa,70607,SNNPR,Wolayita,Ofa,70607,02/12/2002,NA,NA,NA,NA,NA,402,0,NA,NA,0,402
flood,ethiopia,SNNPR,,Wolayita,,Humbo,70604,SNNPR,Wolayita,Humbo,70604,07/12/2007,NA,6768,6768,NA,NA,364,3,3270,654,3,364
flood,ethiopia,SNNPR,,Wolayita,,Humbo,70604,SNNPR,Wolayita,Humbo,70604,07/09/2006,NA,7885,7885,NA,NA,NA,0,NA,NA,0,NA
flood,ethiopia,SNNPR,,Wolayita,,Humbo,70604,SNNPR,Wolayita,Humbo,70604,06/12/2006,NA,NA,NA,NA,NA,435,0,1075,NA,0,435
flood,ethiopia,SNNPR,,Wolayita,,Humbo,70604,SNNPR,Wolayita,Humbo,70604,07/09/2005,NA,6755,6755,2,NA,1017,0,NA,NA,0,1017
flood,ethiopia,SNNPR,,Wolayita,,Humbo,70604,SNNPR,Wolayita,Humbo,70604,05/12/2005,NA,NA,NA,2,NA,1017,1525,6755,NA,1525,1017
flood,ethiopia,SNNPR,,Wolayita,,Damot Sore,70609,SNNPR,Wolayita,Damot Sore,70609,07/09/2008,NA,12000,12000,NA,NA,200,0,NA,NA,0,200
flood,ethiopia,SNNPR,,Wolayita,,Damot Sore,70609,SNNPR,Wolayita,Damot Sore,70609,07/09/2007,NA,6000,6000,NA,NA,400,0,NA,NA,0,400
flood,ethiopia,SNNPR,,Wolayita,,Damot Sore,70609,SNNPR,Wolayita,Damot Sore,70609,07/09/2006,NA,650,650,NA,NA,39,0,NA,NA,0,39
flood,ethiopia,SNNPR,,Wolayita,,Damot Sore,70609,SNNPR,Wolayita,Damot Sore,70609,07/09/2006,NA,860,860,NA,NA,10,0,NA,NA,0,10
flood,ethiopia,SNNPR,,Wolayita,,Damot Sore,70609,SNNPR,Wolayita,Damot Sore,70609,07/09/2005,NA,1000,1000,12,NA,150,40,4,NA,40,150
flood,ethiopia,SNNPR,,Wolayita,,Damot Sore,70609,SNNPR,Wolayita,Damot Sore,70609,07/09/2004,NA,NA,NA,NA,NA,80,0,NA,NA,0,80
flood,ethiopia,SNNPR,,Wolayita,,Damot Sore,70609,SNNPR,Wolayita,Damot Sore,70609,07/09/2002,NA,400,400,NA,NA,15,0,NA,NA,0,15
flood,ethiopia,Somali,,Fefan,,Harshin,50207,Somali,Fefan,Harshin,50207,07/09/2005,NA,3050,3050,NA,NA,NA,0,NA,25,0,NA
flood,ethiopia,Tigray,,Eastern Tigray,,Gulo Meheda,10301,Tigray,Eastern Tigray,Gulo Meheda,10301,01/08/2010,NA,806,806,NA,NA,115,0,NA,NA,0,115
flood,ethiopia,Amhara,,North Wello,,Guba Lafto,30307,Amhara,North Wello,Guba Lafto,30307,01/08/2010,NA,26142,26142,NA,NA,1783,9,NA,NA,9,1783
flood,ethiopia,SNNPR,,South Omo,,Male,70707,SNNPR,South Omo,Male,70707,07/09/2007,NA,30000,30000,NA,NA,NA,0,NA,NA,0,NA
flood,ethiopia,Amhara,,Central Gondar,,Gonder Zuria,30110,Amhara,Central Gondar,Gonder Zuria,30110,01/08/2010,NA,200,200,NA,NA,155,0,NA,NA,0,155
flood,ethiopia,Amhara,,Central Gondar,,Gondar Zuria,30110,Amhara,Central Gondar,Gondar Zuria,30110,07/09/2007,NA,NA,NA,NA,NA,NA,11,NA,NA,11,NA
flood,ethiopia,Amhara,,Central Gondar,,Gondar Zuria,30110,Amhara,Central Gondar,Gondar Zuria,30110,07/09/2006,NA,2810,2810,NA,NA,NA,29,3529,NA,29,NA
flood,ethiopia,Amhara,,Central Gondar,,Gondar Zuria,30110,Amhara,Central Gondar,Gondar Zuria,30110,01/12/2006,NA,NA,NA,NA,NA,1500,0,NA,NA,0,1500
flood,ethiopia,Amhara,,Central Gondar,,Gondar Zuria,30110,Amhara,Central Gondar,Gondar Zuria,30110,06/12/2006,NA,1533,1533,NA,NA,NA,39,437,NA,39,NA
flood,ethiopia,OROMIA,,Bale,,Gololcha Bale,41105,OROMIA,Bale,Gololcha Bale,41105,01/07/2010,NA,5000,5000,NA,NA,NA,0,NA,NA,0,NA
flood,ethiopia,OROMIA,,Bale,,Gololcha Bale,41105,OROMIA,Bale,Gololcha Bale,41105,07/09/2008,NA,1803,1803,NA,NA,NA,0,NA,NA,0,NA
flood,ethiopia,OROMIA,,Bale,,Gololcha Bale,41105,OROMIA,Bale,Gololcha Bale,41105,07/09/2007,NA,11882,11882,NA,NA,2409,0,NA,NA,0,2409
flood,ethiopia,SNNPR,,South Omo,,Hamer,70704,SNNPR,South Omo,Hamer,70704,07/09/2007,NA,809,809,NA,NA,NA,0,NA,NA,0,NA
flood,ethiopia,SNNPR,,South Omo,,Hamer,70704,SNNPR,South Omo,Hamer,70704,07/09/2007,NA,943,943,NA,NA,NA,0,NA,NA,0,NA
flood,ethiopia,SNNPR,,South Omo,,Hamer,70704,SNNPR,South Omo,Hamer,70704,07/09/2007,NA,845,845,NA,NA,NA,0,NA,NA,0,NA
flood,ethiopia,SNNPR,,South Omo,,Hamer,70704,SNNPR,South Omo,Hamer,70704,07/09/2007,NA,1263,1263,NA,NA,NA,0,NA,NA,0,NA
flood,ethiopia,SNNPR,,South Omo,,Hamer,70704,SNNPR,South Omo,Hamer,70704,07/09/2007,NA,1417,1417,NA,NA,NA,0,NA,NA,0,NA
flood,ethiopia,SNNPR,,South Omo,,Hamer,70704,SNNPR,South Omo,Hamer,70704,07/09/2007,NA,1420,1420,NA,NA,NA,0,NA,NA,0,NA
flood,ethiopia,SNNPR,,South Omo,,Hamer,70704,SNNPR,South Omo,Hamer,70704,07/09/2007,NA,20000,20000,NA,NA,NA,0,NA,NA,0,NA
flood,ethiopia,SNNPR,,South Omo,,Hamer,70704,SNNPR,South Omo,Hamer,70704,07/09/2007,NA,1843,1843,NA,NA,NA,0,NA,NA,0,NA
flood,ethiopia,SNNPR,,South Omo,,Hamer,70704,SNNPR,South Omo,Hamer,70704,07/09/2007,NA,1843,1843,NA,NA,NA,0,NA,NA,0,NA
flood,ethiopia,SNNPR,,South Omo,,Hamer,70704,SNNPR,South Omo,Hamer,70704,07/09/2007,NA,1843,1843,NA,NA,NA,0,NA,NA,0,NA
flood,ethiopia,SNNPR,,South Omo,,Hamer,70704,SNNPR,South Omo,Hamer,70704,07/09/2002,NA,NA,NA,NA,NA,40,0,NA,NA,0,40
flood,ethiopia,SNNPR,,South Omo,,Gelila,70703,SNNPR,South Omo,Gelila,70703,07/09/2007,NA,15000,15000,NA,NA,NA,0,NA,NA,0,NA
flood,ethiopia,OROMIA,,Arsi,,Golocha,40803,OROMIA,Arsi,Golocha,40803,16/04/2005,NA,NA,NA,NA,NA,NA,0,NA,20,0,NA
flood,ethiopia,Afar,,Afar Zone 3,,Gewane,20303,Afar,Afar Zone 3,Gewane,20303,10/08/2012,5000,NA,5000,NA,NA,NA,NA,NA,NA,NA,NA
flood,ethiopia,OROMIA,,Bale,,Gasera,41106,OROMIA,Bale,Gasera,41106,01/07/2010,NA,9300,9300,NA,NA,NA,0,NA,NA,0,NA
flood,ethiopia,Tigray,,Eastern Tigray,,Ganta Afshum,10304,Tigray,Eastern Tigray,Ganta Afshum,10304,01/08/2010,NA,8310,8310,NA,NA,277,0,NA,NA,0,277
flood,ethiopia,Gambella,,Agnewak,,Gambella Town,120202,Gambella,Agnewak,Gambella Town,120202,07/09/2000,NA,6,6,NA,NA,NA,0,61592,NA,0,NA
flood,ethiopia,OROMIA,,East Shewa,,Fientale,40701,OROMIA,East Shewa,Fientale,40701,01/08/2010,NA,9000,9000,NA,NA,46,0,900,NA,0,46
flood,ethiopia,OROMIA,,East Shewa,,Fientale,40701,OROMIA,East Shewa,Fientale,40701,07/09/2007,NA,560,560,NA,NA,NA,0,NA,NA,0,NA
flood,ethiopia,OROMIA,,East Shewa,,Fientale,40701,OROMIA,East Shewa,Fientale,40701,20/04/2007,NA,560,560,NA,NA,31,0,NA,NA,0,31
flood,ethiopia,SNNPR,,Gurage,,Enemor Ener,70111,SNNPR,Gurage,Enemor Ener,70111,01/08/2005,NA,NA,NA,NA,NA,381,0,NA,NA,0,381
flood,ethiopia,SNNPR,,Gurage,,Enemor Ener,70111,SNNPR,Gurage,Enemor Ener,70111,01/08/2004,NA,6000,6000,1,NA,487,3,NA,NA,3,487
flood,ethiopia,Amhara,,East Gojam,,Enebse Sarmder,30604,Amhara,East Gojam,Enebse Sarmder,30604,01/08/2010,NA,9910,9910,NA,NA,528,464,NA,NA,464,528
flood,ethiopia,Amhara,,North Shewa,,Eferatana Gidem,30508,Amhara,North Shewa,Eferatana Gidem,30508,16/05/2009,NA,124,124,NA,NA,NA,13,124,39,13,NA
flood,ethiopia,Amhara,,North Shewa,,Eferatana Gidem,30508,Amhara,North Shewa,Eferatana Gidem,30508,01/08/2007,NA,NA,NA,NA,NA,195,0,NA,14,0,195
flood,ethiopia,Amhara,,North Shewa,,Eferatana Gidem,30508,Amhara,North Shewa,Eferatana Gidem,30508,07/09/2006,NA,77,77,NA,NA,135.15,17,NA,NA,17,135.15
flood,ethiopia,Amhara,,North Shewa,,Eferatana Gidem,30508,Amhara,North Shewa,Eferatana Gidem,30508,12/08/2006,NA,77,77,NA,NA,3.01,0,77,NA,0,3.01
flood,ethiopia,Amhara,,North Shewa,,Eferatana Gidem,30508,Amhara,North Shewa,Eferatana Gidem,30508,07/09/2000,NA,NA,NA,2,NA,NA,0,NA,NA,0,NA
flood,ethiopia,Somali,,Shebelle,,East Imey,50601,Somali,Shebelle,East Imey,50601,02/11/2015,102000,NA,102000,5,NA,NA,10000,NA,NA,10000,NA
flood,ethiopia,Amhara,,Central Gondar,,East Belesa,30117,Amhara,Central Gondar,East Belesa,30117,01/08/2010,NA,1134,1134,NA,NA,540,31,NA,NA,31,540
flood,ethiopia,Afar,,Afar Zone 3,,Dulecha,20304,Afar,Afar Zone 3,Dulecha,20304,07/09/2006,NA,4443,4443,NA,NA,NA,332,4000,NA,332,NA
flood,ethiopia,Afar,,Afar Zone 3,,Dulecha,20304,Afar,Afar Zone 3,Dulecha,20304,01/08/2006,NA,4000,4000,NA,NA,NA,0,NA,NA,0,NA
flood,ethiopia,Dire Dawa,,Dire Dawa urban,,Addis Ketema (Dire Dawa),150109,Dire Dawa,Dire Dawa urban,Addis Ketema (Dire Dawa),150109,06/12/2006,NA,NA,NA,371,228,NA,0,NA,1685,0,NA
flood,ethiopia,Dire Dawa,,Dire Dawa urban,,Addis Ketema (Dire Dawa),150109,Dire Dawa,Dire Dawa urban,Addis Ketema (Dire Dawa),150109,07/09/2005,NA,NA,NA,32,NA,NA,0,NA,NA,0,NA
flood,ethiopia,SNNPR,,South Omo,,Gelila,70703,SNNPR,South Omo,Gelila,70703,05/08/2002,NA,NA,NA,3,NA,NA,0,NA,NA,0,NA
flood,ethiopia,Dire Dawa,,Dire Dawa urban,,Addis Ketema (Dire Dawa),150109,Dire Dawa,Dire Dawa urban,Addis Ketema (Dire Dawa),150109,20/05/2005,NA,NA,NA,27,NA,NA,0,NA,NA,0,NA
flood,ethiopia,Dire Dawa,,Dire Dawa urban,,Addis Ketema (Dire Dawa),150109,Dire Dawa,Dire Dawa urban,Addis Ketema (Dire Dawa),150109,20/05/2005,NA,NA,NA,32,NA,NA,0,NA,NA,0,NA
flood,ethiopia,Amhara,,Oromia,,Dewa Harewa,31001,Amhara,Oromia,Dewa Harewa,31001,07/09/2006,NA,2219,2219,NA,NA,509,0,739,NA,0,509
flood,ethiopia,SNNPR,,Silte,,Sankura,72006,SNNPR,Silte,Sankura,72006,01/07/2004,NA,1920,1920,1,NA,1063,348,NA,NA,348,1063
flood,ethiopia,Amhara,,Oromia,,Dewa Harewa,31001,Amhara,Oromia,Dewa Harewa,31001,07/09/2006,NA,4125,4125,NA,NA,NA,0,NA,NA,0,NA
flood,ethiopia,Amhara,,Oromia,,Dewa Harewa,31001,Amhara,Oromia,Dewa Harewa,31001,07/09/2006,NA,2645,2645,NA,NA,1441,178,2645,638,178,1441
flood,ethiopia,Amhara,,South Wello,,Dessie Zuria,30409,Amhara,South Wello,Dessie Zuria,30409,01/08/2010,NA,27687,27687,NA,NA,1735,2,14,NA,2,1735
flood,ethiopia,Amhara,,South Wello,,Dessie Zuria,30409,Amhara,South Wello,Dessie Zuria,30409,01/06/2004,NA,NA,NA,4,10,NA,0,NA,NA,0,NA
flood,ethiopia,Amhara,,South Wello,,Dessie City Adm.,30409,Amhara,South Wello,Dessie City Adm.,30409,01/08/2010,NA,8421,8421,NA,NA,478,17,55,NA,17,478
flood,ethiopia,SNNPR,,Sidama,,Dara,70406,SNNPR,Sidama,Dara,70406,07/09/2007,NA,3240,3240,NA,NA,NA,0,NA,NA,0,NA
flood,ethiopia,SNNPR,,Sidama,,Dara,70406,SNNPR,Sidama,Dara,70406,07/09/2007,NA,3240,3240,NA,NA,NA,0,NA,NA,0,NA
flood,ethiopia,SNNPR,,Sidama,,Dara,70406,SNNPR,Sidama,Dara,70406,07/09/2007,NA,2470,2470,NA,NA,NA,0,NA,NA,0,NA
flood,ethiopia,SNNPR,,Sidama,,Dara,70406,SNNPR,Sidama,Dara,70406,07/12/2007,NA,3240,3240,NA,NA,370,0,NA,100,0,370
flood,ethiopia,SNNPR,,Sidama,,Dara,70406,SNNPR,Sidama,Dara,70406,01/05/2004,NA,NA,NA,2,NA,1040,0,NA,NA,0,1040
flood,ethiopia,SNNPR,,Sidama,,Dale,70404,SNNPR,Sidama,Dale,70404,07/09/2006,NA,2580,2580,NA,NA,NA,0,NA,NA,0,NA
flood,ethiopia,SNNPR,,Sidama,,Dale,70404,SNNPR,Sidama,Dale,70404,07/09/2006,NA,3600,3600,NA,NA,NA,0,NA,NA,0,NA
flood,ethiopia,SNNPR,,Sidama,,Dale,70404,SNNPR,Sidama,Dale,70404,06/12/2006,NA,NA,NA,2,1,NA,8,NA,25,8,NA
flood,ethiopia,SNNPR,,Gamugofa,,Deramalo,71009,SNNPR,Gamugofa,Deramalo,71009,07/09/2006,NA,1658,1658,NA,NA,NA,0,NA,NA,0,NA
flood,ethiopia,Amhara,,East Gojam,,Debay Tilatgen,30607,Amhara,East Gojam,Debay Tilatgen,30607,01/08/2004,NA,NA,NA,NA,NA,1800,0,NA,380,0,1800
flood,ethiopia,Amhara,,North Welo,,Dawunt,30311,Amhara,North Welo,Dawunt,30311,01/08/2010,NA,9260,9260,NA,NA,1250,416,15,NA,416,1250
flood,ethiopia,Somali,,Shebelle,,Danan,50603,Somali,Shebelle,Danan,50603,07/09/2006,NA,NA,NA,NA,NA,NA,0,5000,NA,0,NA
flood,ethiopia,Somali,,Shebelle,,Danan,50603,Somali,Shebelle,Danan,50603,07/09/2006,NA,8250,8250,3,NA,NA,0,NA,NA,0,NA
flood,ethiopia,Somali,,Shebelle,,Danan,50603,Somali,Shebelle,Danan,50603,07/09/2006,NA,8250,8250,NA,NA,NA,0,NA,NA,0,NA
flood,ethiopia,Somali,,Shebelle,,Danan,50603,Somali,Shebelle,Danan,50603,07/09/2006,NA,NA,NA,NA,NA,NA,80,NA,3,80,NA
flood,ethiopia,Somali,,Shebelle,,Danan,50603,Somali,Shebelle,Danan,50603,07/09/2005,NA,3500,3500,1,NA,3116,384,NA,28,384,3116
flood,ethiopia,Afar,,Afar Zone 2,,Dalol,20206,Afar,Afar Zone 2,Dalol,20206,15/08/2010,NA,2420,2420,NA,NA,NA,0,NA,NA,0,NA
flood,ethiopia,Afar,,Afar Zone 2,,Dalol,20206,Afar,Afar Zone 2,Dalol,20206,25/08/2010,NA,1850,1850,NA,NA,NA,0,NA,NA,0,NA
flood,ethiopia,SNNPR,,Kefa,,Decha,70908,SNNPR,Kefa,Decha,70908,07/09/2007,NA,11,11,NA,NA,NA,0,NA,NA,0,NA
flood,ethiopia,Afar,,Afar Zone 2,,Dalol,20206,Afar,Afar Zone 2,Dalol,20206,25/08/2010,NA,1800,1800,NA,NA,NA,25,1800,NA,25,NA
flood,ethiopia,Afar,,Afar Zone 2,,Dalol,20206,Afar,Afar Zone 2,Dalol,20206,07/09/2007,NA,320,320,NA,NA,NA,0,NA,NA,0,NA
flood,ethiopia,Afar,,Afar Zone 2,,Dalol,20206,Afar,Afar Zone 2,Dalol,20206,07/12/2007,NA,6000,6000,NA,NA,NA,0,NA,NA,0,NA
flood,ethiopia,SNNPR,,Gurage,,Sodo,70105,SNNPR,Gurage,Sodo,70105,06/12/2006,NA,NA,NA,NA,NA,NA,0,358,NA,0,NA
flood,ethiopia,SNNPR,,Gurage,,Muhur Na Aklil,70112,SNNPR,Gurage,Muhur Na Aklil,70112,06/12/2006,NA,NA,NA,NA,NA,NA,0,143,NA,0,NA
flood,ethiopia,SNNPR,,Gurage,,Meskan,70106,SNNPR,Gurage,Meskan,70106,07/09/2005,NA,NA,NA,NA,NA,NA,0,NA,50,0,NA
flood,ethiopia,SNNPR,,Gurage,,Mareko,70107,SNNPR,Gurage,Mareko,70107,07/12/2007,NA,5560,5560,NA,NA,NA,1710,1255,2,1710,NA
flood,ethiopia,SNNPR,,Gode,,Kelafo,50605,SNNPR,Gode,Kelafo,50605,27/05/2003,NA,91050,91050,NA,NA,NA,0,NA,NA,0,NA
flood,ethiopia,SNNPR,,Gedeo,,Yirgachefe,70502,SNNPR,Gedeo,Yirgachefe,70502,01/05/2004,NA,510,510,NA,NA,NA,0,NA,NA,0,NA
flood,ethiopia,SNNPR,,Gedeo,,Yirgachefe,70502,SNNPR,Gedeo,Yirgachefe,70502,01/05/2004,NA,NA,NA,NA,NA,69,0,NA,NA,0,69
flood,ethiopia,SNNPR,,Gedeo,,Wenago,70501,SNNPR,Gedeo,Wenago,70501,01/04/2004,NA,NA,NA,NA,NA,400,0,NA,NA,0,400
flood,ethiopia,SNNPR,,Gedeo,,Dila Zuria,70505,SNNPR,Gedeo,Dila Zuria,70505,07/12/2007,NA,NA,NA,NA,NA,2145,2,20989,2,2,2145
flood,ethiopia,SNNPR,,Gedeo,,Bule,70504,SNNPR,Gedeo,Bule,70504,07/09/2005,NA,NA,NA,NA,NA,1,0,NA,NA,0,1
flood,ethiopia,SNNPR,,Gedeo,,Bule,70504,SNNPR,Gedeo,Bule,70504,07/09/2005,NA,NA,NA,NA,NA,36,0,555,NA,0,36
flood,ethiopia,SNNPR,,Gedeo,,Bule,70504,SNNPR,Gedeo,Bule,70504,01/05/2004,NA,NA,NA,NA,NA,6.5,0,NA,NA,0,6.5
flood,ethiopia,SNNPR,,Gamugofa,,Kucha,71003,SNNPR,Gamugofa,Kucha,71003,07/09/2005,NA,7720,7720,2,NA,NA,1525,NA,NA,1525,NA
flood,ethiopia,Afar,,Afar Zone 5,,Bure Mudaytu,20305,Afar,Afar Zone 5,Bure Mudaytu,20305,15/08/2010,NA,4120,4120,NA,NA,NA,125,4120,NA,125,NA
flood,ethiopia,Afar,,Afar Zone 4,,Bure Mudaytu,20305,Afar,Afar Zone 4,Bure Mudaytu,20305,15/08/2010,NA,5000,5000,NA,NA,NA,0,NA,NA,0,NA
flood,ethiopia,Afar,,Afar Zone 3,,Bure Mudaytu,20305,Afar,Afar Zone 3,Bure Mudaytu,20305,15/08/2010,NA,3670,3670,NA,NA,NA,0,NA,NA,0,NA
flood,ethiopia,Afar,,Afar Zone 3,,Bure Mudaytu,20305,Afar,Afar Zone 3,Bure Mudaytu,20305,24/08/2007,NA,4300,4300,NA,NA,NA,0,4300,NA,0,NA
flood,ethiopia,SNNPR,,Gamugofa,,Kucha,71003,SNNPR,Gamugofa,Kucha,71003,03/12/2003,NA,NA,NA,5,1,NA,0,400,15,0,NA
flood,ethiopia,SNNPR,,Gamugofa,,Kemba,71012,SNNPR,Gamugofa,Kemba,71012,07/09/2005,NA,4,4,NA,NA,NA,0,NA,NA,0,NA
flood,ethiopia,SNNPR,,Gamugofa,,Kemba,71012,SNNPR,Gamugofa,Kemba,71012,03/12/2003,NA,NA,NA,1,NA,50,0,20,3,0,50
flood,ethiopia,SNNPR,,Gamugofa,,Dita,71008,SNNPR,Gamugofa,Dita,71008,03/12/2003,NA,NA,NA,11,5,924,201,7381,136,201,924
flood,ethiopia,Afar,,Afar Zone 3,,Bure Mudaytu,20305,Afar,Afar Zone 3,Bure Mudaytu,20305,01/08/2006,NA,10000,10000,NA,NA,NA,219,NA,NA,219,NA
flood,ethiopia,SNNPR,,Gamugofa,,Chencha,71007,SNNPR,Gamugofa,Chencha,71007,03/12/2003,NA,NA,NA,NA,5,289,8,346,57,8,289
flood,ethiopia,SNNPR,,Gamugofa,,Bonke,71013,SNNPR,Gamugofa,Bonke,71013,07/12/2007,NA,NA,NA,5,NA,606,0,2205,NA,0,606
flood,ethiopia,SNNPR,,Gamugofa,,Bonke,71013,SNNPR,Gamugofa,Bonke,71013,07/09/2007,NA,445,445,NA,NA,945,55,445,89,55,945
flood,ethiopia,SNNPR,,Gamugofa,,Bonke,71013,SNNPR,Gamugofa,Bonke,71013,07/09/2006,NA,NA,NA,NA,NA,300,144,NA,NA,144,300
flood,ethiopia,SNNPR,,Gamugofa,,Bonke,71013,SNNPR,Gamugofa,Bonke,71013,07/09/2004,NA,NA,NA,NA,NA,NA,0,500,NA,0,NA
flood,ethiopia,OROMIA,,East Shewa,,bora,40710,OROMIA,East Shewa,bora,40710,01/08/2010,NA,5000,5000,1,NA,500,235,2000,NA,235,500
flood,ethiopia,SNNPR,,South Omo,,Bena Tsemai,70705,SNNPR,South Omo,Bena Tsemai,70705,07/09/2007,NA,25000,25000,NA,NA,NA,0,NA,NA,0,NA
flood,ethiopia,SNNPR,,South Omo,,Bena Tsemai,70705,SNNPR,South Omo,Bena Tsemai,70705,07/09/2007,NA,2020,2020,NA,NA,93.5,0,NA,NA,0,93.5
flood,ethiopia,SNNPR,,South Omo,,Bena Tsemai,70705,SNNPR,South Omo,Bena Tsemai,70705,07/09/2007,NA,1045,1045,NA,NA,45,0,NA,NA,0,45
flood,ethiopia,SNNPR,,South Omo,,Bena Tsemai,70705,SNNPR,South Omo,Bena Tsemai,70705,07/09/2007,NA,825,825,NA,NA,35,0,NA,NA,0,35
flood,ethiopia,SNNPR,,South Omo,,Bena Tsemai,70705,SNNPR,South Omo,Bena Tsemai,70705,07/09/2007,NA,4168,4168,NA,NA,NA,0,NA,NA,0,NA
flood,ethiopia,SNNPR,,South Omo,,Bena Tsemai,70705,SNNPR,South Omo,Bena Tsemai,70705,07/09/2002,NA,3500,3500,NA,NA,NA,0,NA,NA,0,NA
flood,ethiopia,SNNPR,,Gamugofa,,Kucha,71003,SNNPR,Gamugofa,Kucha,71003,07/09/2002,NA,400,400,5,NA,NA,201,NA,NA,201,NA
flood,ethiopia,SNNPR,,Gamugofa,,Dita,71008,SNNPR,Gamugofa,Dita,71008,07/09/2002,NA,7381,7381,NA,NA,NA,0,NA,NA,0,NA
flood,ethiopia,SNNPR,,Gamugofa,,Bonke,71013,SNNPR,Gamugofa,Bonke,71013,07/09/2002,NA,1519,1519,NA,NA,NA,0,NA,NA,0,NA
flood,ethiopia,SNNPR,,Basketo Sp. Wer,,Basketo,71801,SNNPR,Basketo Sp. Wer,Basketo,71801,06/12/2006,NA,NA,NA,NA,NA,4425,0,330,NA,0,4425
flood,ethiopia,SNNPR,,South Omo,,Bako Gazer (Debub Ari),70702,SNNPR,South Omo,Bako Gazer (Debub Ari),70702,17/06/2007,NA,NA,NA,4,NA,2861,87,NA,NA,87,2861
flood,ethiopia,SNNPR,,Dawuro,,Mareka,71702,SNNPR,Dawuro,Mareka,71702,01/05/2004,NA,NA,NA,NA,NA,220,0,NA,NA,0,220
flood,ethiopia,SNNPR,,South Omo,,Bako Gazer (Debub Ari),70702,SNNPR,South Omo,Bako Gazer (Debub Ari),70702,17/06/2007,NA,NA,NA,4,NA,NA,87,NA,NA,87,NA
flood,ethiopia,SNNPR,,Amaro Sp. Wer.,,Amaro,71302,SNNPR,Amaro Sp. Wer.,Amaro,71302,07/09/2009,NA,1752,1752,NA,NA,252.5,0,NA,NA,0,252.5
flood,ethiopia,SNNPR,,Amaro Sp. Wer.,,Amaro,71302,SNNPR,Amaro Sp. Wer.,Amaro,71302,07/09/2009,NA,1148,1148,NA,NA,68.4,0,NA,NA,0,68.4
flood,ethiopia,SNNPR,,Amaro Sp. Wer.,,Amaro,71302,SNNPR,Amaro Sp. Wer.,Amaro,71302,07/09/2009,NA,1676,1676,NA,NA,30,0,NA,NA,0,30
flood,ethiopia,SNNPR,,Amaro Sp. Wer.,,Amaro,71302,SNNPR,Amaro Sp. Wer.,Amaro,71302,07/09/2009,NA,636,636,1,NA,20.2,0,NA,NA,0,20.2
flood,ethiopia,SNNPR,,Amaro Sp. Wer.,,Amaro,71302,SNNPR,Amaro Sp. Wer.,Amaro,71302,07/09/2009,NA,473,473,NA,NA,12.6,0,NA,NA,0,12.6
flood,ethiopia,SNNPR,,Amaro Sp. Wer.,,Amaro,71302,SNNPR,Amaro Sp. Wer.,Amaro,71302,07/09/2009,NA,271,271,NA,NA,12.3,0,NA,NA,0,12.3
flood,ethiopia,SNNPR,,Amaro Sp. Wer.,,Amaro,71302,SNNPR,Amaro Sp. Wer.,Amaro,71302,07/09/2009,NA,1158,1158,NA,NA,12.25,0,NA,NA,0,12.25
flood,ethiopia,SNNPR,,Amaro Sp. Wer.,,Amaro,71302,SNNPR,Amaro Sp. Wer.,Amaro,71302,07/09/2009,NA,394,394,NA,NA,6.8,0,NA,NA,0,6.8
flood,ethiopia,SNNPR,,Amaro Sp. Wer.,,Amaro,71302,SNNPR,Amaro Sp. Wer.,Amaro,71302,07/09/2009,NA,60,60,NA,NA,1.7,0,NA,NA,0,1.7
flood,ethiopia,SNNPR,,Amaro Sp. Wer.,,Amaro,71302,SNNPR,Amaro Sp. Wer.,Amaro,71302,19/02/2008,NA,7,7,1,NA,0.25,0,NA,NA,0,0.25
flood,ethiopia,SNNPR,,Amaro Sp. Wer.,,Amaro,71302,SNNPR,Amaro Sp. Wer.,Amaro,71302,07/09/2006,NA,4140,4140,NA,NA,NA,0,NA,NA,0,NA
flood,ethiopia,SNNPR,,Amaro Sp. Wer.,,Amaro,71302,SNNPR,Amaro Sp. Wer.,Amaro,71302,05/12/2005,NA,NA,NA,6,NA,240,23,4140,46,23,240
flood,ethiopia,SNNPR,,South Omo,,Bako Gazer (Debub Ari),70702,SNNPR,South Omo,Bako Gazer (Debub Ari),70702,07/09/2007,NA,10000,10000,NA,NA,NA,0,NA,NA,0,NA
flood,ethiopia,SNNPR,,South Omo,,Bako Gazer (Debub Ari),70702,SNNPR,South Omo,Bako Gazer (Debub Ari),70702,30/11/2007,NA,NA,NA,NA,NA,115.56,8,NA,NA,8,115.56
flood,ethiopia,SNNPR,,South Omo,,Bako Gazer (Debub Ari),70702,SNNPR,South Omo,Bako Gazer (Debub Ari),70702,30/11/2007,NA,NA,NA,NA,NA,9,8,NA,4,8,9
flood,ethiopia,SNNPR,,South Omo,,Bako Gazer (Debub Ari),70702,SNNPR,South Omo,Bako Gazer (Debub Ari),70702,30/11/2007,NA,39,39,2,NA,NA,14,NA,2,14,NA
flood,ethiopia,SNNPR,,South Omo,,Bako Gazer (Debub Ari),70702,SNNPR,South Omo,Bako Gazer (Debub Ari),70702,30/11/2007,NA,NA,NA,NA,NA,7282,17,NA,NA,17,7282
flood,ethiopia,OROMIA,,Bale,,Ginir,41108,OROMIA,Bale,Ginir,41108,07/09/2007,NA,NA,NA,NA,NA,592,0,NA,NA,0,592
flood,ethiopia,OROMIA,,Arsi,,Robe,40812,OROMIA,Arsi,Robe,40812,07/09/2007,NA,NA,NA,NA,NA,160,0,NA,NA,0,160
flood,ethiopia,SNNPR,,South Omo,,Bako Gazer (Debub Ari),70702,SNNPR,South Omo,Bako Gazer (Debub Ari),70702,30/11/2007,NA,NA,NA,NA,NA,2353.5,4,NA,NA,4,2353.5
flood,ethiopia,SNNPR,,South Omo,,Bako Gazer (Debub Ari),70702,SNNPR,South Omo,Bako Gazer (Debub Ari),70702,30/11/2007,NA,NA,NA,NA,NA,4,26,NA,2,26,4
flood,ethiopia,SNNPR,,South Omo,,Bako Gazer (Debub Ari),70702,SNNPR,South Omo,Bako Gazer (Debub Ari),70702,30/11/2007,NA,NA,NA,NA,NA,2.83,4,NA,NA,4,2.83
flood,ethiopia,SNNPR,,South Omo,,Bako Gazer (Debub Ari),70702,SNNPR,South Omo,Bako Gazer (Debub Ari),70702,30/11/2007,NA,NA,NA,NA,NA,45.66,8,NA,16,8,45.66
flood,ethiopia,SNNPR,,South Omo,,Bako Gazer (Debub Ari),70702,SNNPR,South Omo,Bako Gazer (Debub Ari),70702,30/11/2007,NA,NA,NA,NA,NA,19.1,4,NA,NA,4,19.1
flood,ethiopia,OROMIA,,West Shewa,,Cheliya,40505,OROMIA,West Shewa,Cheliya,40505,01/05/2003,NA,NA,NA,NA,NA,NA,12,NA,NA,12,NA
flood,ethiopia,SNNPR,,South Omo,,Bako Gazer (Debub Ari),70702,SNNPR,South Omo,Bako Gazer (Debub Ari),70702,30/11/2007,NA,NA,NA,NA,NA,124.5,5,NA,NA,5,124.5
flood,ethiopia,SNNPR,,South Omo,,Bako Gazer (Debub Ari),70702,SNNPR,South Omo,Bako Gazer (Debub Ari),70702,30/11/2007,NA,NA,NA,NA,NA,2,2,NA,NA,2,2
flood,ethiopia,SNNPR,,South Omo,,Bako Gazer (Debub Ari),70702,SNNPR,South Omo,Bako Gazer (Debub Ari),70702,30/11/2007,NA,NA,NA,NA,NA,NA,21,NA,NA,21,NA
flood,ethiopia,SNNPR,,South Omo,,Bako Gazer (Debub Ari),70702,SNNPR,South Omo,Bako Gazer (Debub Ari),70702,30/11/2007,NA,NA,NA,NA,NA,0.05,4,NA,NA,4,0.05
flood,ethiopia,OROMIA,,West Hararge,,Daro Lebu,40909,OROMIA,West Hararge,Daro Lebu,40909,01/08/2004,NA,NA,NA,2,NA,NA,0,NA,NA,0,NA
flood,ethiopia,OROMIA,,West Arsi,,Siraro,41701,OROMIA,West Arsi,Siraro,41701,01/04/2003,NA,NA,NA,3,NA,890,190,NA,NA,190,890
flood,ethiopia,OROMIA,,West Arsi,,Adaba,41710,OROMIA,West Arsi,Adaba,41710,17/03/2007,NA,NA,NA,3,NA,NA,0,NA,NA,0,NA
flood,ethiopia,OROMIA,,West Arsi,,Adaba,41710,OROMIA,West Arsi,Adaba,41710,21/03/2007,NA,NA,NA,3,NA,NA,0,NA,NA,0,NA
flood,ethiopia,SNNPR,,South Omo,,Bako Gazer (Debub Ari),70702,SNNPR,South Omo,Bako Gazer (Debub Ari),70702,30/11/2007,NA,NA,NA,NA,NA,3.5,1,NA,NA,1,3.5
flood,ethiopia,SNNPR,,South Omo,,Bako Gazer (Debub Ari),70702,SNNPR,South Omo,Bako Gazer (Debub Ari),70702,30/11/2007,NA,NA,NA,NA,NA,501,7,NA,NA,7,501
flood,ethiopia,OROMIA,,North Shewa,,Dera,40602,OROMIA,North Shewa,Dera,40602,01/09/2001,NA,NA,NA,3,NA,NA,0,NA,NA,0,NA
flood,ethiopia,OROMIA,,North Shewa,,Dera,40602,OROMIA,North Shewa,Dera,40602,01/09/2001,NA,NA,NA,3,NA,NA,0,NA,NA,0,NA
flood,ethiopia,SNNPR,,South Omo,,Bako Gazer (Debub Ari),70702,SNNPR,South Omo,Bako Gazer (Debub Ari),70702,02/12/2001,NA,40,40,NA,NA,NA,16,NA,NA,16,NA
flood,ethiopia,OROMIA,,Jima,,Kersa,41008,OROMIA,Jima,Kersa,41008,07/09/2002,NA,NA,NA,NA,NA,494,0,NA,NA,0,494
flood,ethiopia,OROMIA,,Jima,,Gera,40408,OROMIA,Jima,Gera,40408,01/04/2002,NA,625,625,NA,NA,40,0,NA,125,0,40
flood,ethiopia,OROMIA,,Jima,,Dedo,40410,OROMIA,Jima,Dedo,40410,01/06/2004,NA,NA,NA,NA,NA,450,0,NA,NA,0,450
flood,ethiopia,OROMIA,,Illubabur,,Gechi,40306,OROMIA,Illubabur,Gechi,40306,18/05/2004,NA,NA,NA,NA,NA,NA,0,NA,22,0,NA
flood,ethiopia,OROMIA,,Illubabur,,Darimu,40301,OROMIA,Illubabur,Darimu,40301,07/09/2007,NA,NA,NA,NA,NA,807,0,NA,NA,0,807
flood,ethiopia,Amhara,,West Gojam,,Bahirdar Zuria,30702,Amhara,West Gojam,Bahirdar Zuria,30702,14/08/2008,NA,NA,NA,NA,NA,400,0,NA,NA,0,400
flood,ethiopia,Amhara,,West Gojam,,Bahirdar Zuria,30702,Amhara,West Gojam,Bahirdar Zuria,30702,07/09/2006,NA,2642,2642,1,NA,293.5,0,NA,NA,0,293.5
flood,ethiopia,Amhara,,West Gojam,,Bahirdar Zuria,30702,Amhara,West Gojam,Bahirdar Zuria,30702,01/08/2010,NA,6,6,NA,NA,636,0,NA,NA,0,636
flood,ethiopia,OROMIA,,East Shewa,,Dugda,40707,OROMIA,East Shewa,Dugda,40707,07/09/2005,NA,70000,70000,1,NA,NA,0,NA,NA,0,NA
flood,ethiopia,Benishangul Gumz,,Asosa,,Assosa,60303,Benishangul Gumz,Asosa,Assosa,60303,07/09/2005,NA,NA,NA,2,NA,NA,0,NA,NA,0,NA
flood,ethiopia,OROMIA,,East Shewa,,Dugda,40707,OROMIA,East Shewa,Dugda,40707,07/09/2007,NA,5549,5549,NA,NA,654,0,NA,417,0,654
flood,ethiopia,Tigray,,Western Tigray,,Asegede Tsimbila,10105,Tigray,Western Tigray,Asegede Tsimbila,10105,01/08/2010,NA,4380,4380,NA,NA,NA,0,NA,NA,0,NA
flood,ethiopia,Afar,,Afar Zone 1,,Asayita,20103,Afar,Afar Zone 1,Asayita,20103,20/01/2008,NA,493,493,NA,NA,22,0,NA,NA,0,22
flood,ethiopia,OROMIA,,East Shewa,,Meta,41009,OROMIA,East Shewa,Meta,41009,07/09/2007,NA,NA,NA,3,NA,2915,0,NA,NA,0,2915
flood,ethiopia,OROMIA,,East Shewa,,Meta,41009,OROMIA,East Shewa,Meta,41009,01/08/2007,NA,27500,27500,NA,NA,1000,0,NA,NA,0,1000
flood,ethiopia,OROMIA,,East Shewa,,Meta,41009,OROMIA,East Shewa,Meta,41009,01/04/2002,NA,NA,NA,3,NA,NA,26,NA,12,26,NA
flood,ethiopia,Afar,,Afar Zone 1,,Asayita,20103,Afar,Afar Zone 1,Asayita,20103,07/09/2007,NA,NA,NA,NA,NA,200,0,NA,NA,0,200
flood,ethiopia,OROMIA,,East Shewa,,Kurfa Chele,41007,OROMIA,East Shewa,Kurfa Chele,41007,07/09/2007,NA,NA,NA,NA,NA,208,0,NA,NA,0,208
flood,ethiopia,OROMIA,,East Shewa,,Kombolcha,41001,OROMIA,East Shewa,Kombolcha,41001,07/09/2007,NA,NA,NA,NA,NA,504,0,NA,NA,0,504
flood,ethiopia,OROMIA,,East Shewa,,Kombolcha,41001,OROMIA,East Shewa,Kombolcha,41001,25/08/2006,NA,NA,NA,NA,NA,NA,0,100,394,0,NA
flood,ethiopia,OROMIA,,East Shewa,,Kersa,41008,OROMIA,East Shewa,Kersa,41008,07/09/2007,NA,NA,NA,NA,NA,854,0,NA,NA,0,854
flood,ethiopia,Afar,,Afar Zone 1,,Asayita,20103,Afar,Afar Zone 1,Asayita,20103,07/09/2006,NA,24700,24700,NA,NA,NA,0,NA,NA,0,NA
flood,ethiopia,Afar,,Afar Zone 1,,Asayita,20103,Afar,Afar Zone 1,Asayita,20103,07/09/2006,NA,56300,56300,NA,NA,33305,169,NA,NA,169,33305
flood,ethiopia,OROMIA,,East Shewa,,Goro Gutu,41010,OROMIA,East Shewa,Goro Gutu,41010,07/09/2007,NA,NA,NA,NA,NA,854,0,NA,NA,0,854
flood,ethiopia,OROMIA,,East Shewa,,Girawa,41016,OROMIA,East Shewa,Girawa,41016,01/08/2005,NA,NA,NA,NA,NA,170,0,NA,20,0,170
flood,ethiopia,OROMIA,,East Shewa,,Girawa,41016,OROMIA,East Shewa,Girawa,41016,01/08/2006,NA,61000,61000,8,NA,2000,0,217,NA,0,2000
flood,ethiopia,OROMIA,,East Shewa,,Girawa,41016,OROMIA,East Shewa,Girawa,41016,01/04/2003,NA,NA,NA,NA,NA,180,36,NA,96,36,180
flood,ethiopia,OROMIA,,East Shewa,,Deder,41011,OROMIA,East Shewa,Deder,41011,01/04/2003,NA,NA,NA,NA,NA,252,31,NA,9,31,252
flood,ethiopia,Afar,,Afar Zone 1,,Asayita,20103,Afar,Afar Zone 1,Asayita,20103,05/12/2005,NA,8700,8700,NA,NA,NA,0,NA,NA,0,NA
flood,ethiopia,Afar,,Afar Zone 1,,Asayita,20103,Afar,Afar Zone 1,Asayita,20103,01/07/2003,NA,NA,NA,NA,NA,NA,3381,NA,NA,3381,NA
flood,ethiopia,OROMIA,,East Shewa,,Bedeno,41013,OROMIA,East Shewa,Bedeno,41013,07/09/2007,NA,NA,NA,NA,NA,230,0,NA,NA,0,230
flood,ethiopia,OROMIA,,East Shewa,,Bedeno,41013,OROMIA,East Shewa,Bedeno,41013,14/05/2005,NA,NA,NA,NA,NA,4.14,0,NA,NA,0,4.14
flood,ethiopia,Afar,,Afar Zone 1,,Asayita,20103,Afar,Afar Zone 1,Asayita,20103,01/07/2003,NA,NA,NA,NA,NA,NA,3381,NA,NA,3381,NA
flood,ethiopia,OROMIA,,Borena,,Moyale (Oromia),41210,OROMIA,Borena,Moyale (Oromia),41210,07/09/2006,NA,NA,NA,NA,NA,NA,0,NA,NA,0,NA
flood,ethiopia,OROMIA,,Borena,,Arero,41208,OROMIA,Borena,Arero,41208,01/04/2002,NA,NA,NA,1,2,NA,0,NA,12,0,NA
flood,ethiopia,OROMIA,,West Guji,,Abaya,41213,OROMIA,West Guji,Abaya,41213,07/09/2005,NA,NA,NA,NA,NA,NA,0,NA,19,0,NA
flood,ethiopia,OROMIA,,Bale,,Seweyna,41118,OROMIA,Bale,Seweyna,41118,28/04/2005,NA,2,2,NA,NA,NA,12,NA,NA,12,NA
flood,ethiopia,OROMIA,,Bale,,Seweyna,41118,OROMIA,Bale,Seweyna,41118,01/10/2001,NA,NA,NA,2,2,NA,0,NA,NA,0,NA
flood,ethiopia,OROMIA,,Bale,,Lege Hida,30420,OROMIA,Bale,Lege Hida,30420,07/09/2008,NA,1530,1530,NA,NA,NA,0,NA,NA,0,NA
flood,ethiopia,SNNPR,,Gamugofa,,Arba Minch Town Adm,71016,SNNPR,Gamugofa,Arba Minch Town Adm,71016,07/09/2007,NA,370,370,NA,NA,NA,0,135,10,0,NA
flood,ethiopia,SNNPR,,Gamugofa,,Arba Minch Town Adm,71016,SNNPR,Gamugofa,Arba Minch Town Adm,71016,07/09/2006,NA,24800,24800,NA,NA,NA,0,NA,NA,0,NA
flood,ethiopia,OROMIA,,Bale,,Ginir,41108,OROMIA,Bale,Ginir,41108,07/09/2007,NA,NA,NA,NA,NA,592,0,NA,NA,0,592
flood,ethiopia,OROMIA,,Bale,,Gasera,41106,OROMIA,Bale,Gasera,41106,07/09/2008,NA,5525,5525,NA,NA,NA,0,NA,NA,0,NA
flood,ethiopia,OROMIA,,Bale,,Dawe Ketchen,41121,OROMIA,Bale,Dawe Ketchen,41121,17/08/2001,NA,NA,NA,NA,NA,NA,0,400,NA,0,NA
flood,ethiopia,OROMIA,,Arsi,,Hitosa,40807,OROMIA,Arsi,Hitosa,40807,07/09/2007,NA,NA,NA,NA,NA,333,0,NA,NA,0,333
flood,ethiopia,SNNPR,,Gamugofa,,Arba Minch Town Adm,71016,SNNPR,Gamugofa,Arba Minch Town Adm,71016,07/09/2005,NA,22000,22000,NA,NA,NA,0,NA,NA,0,NA
flood,ethiopia,SNNPR,,Gamugofa,,Arba Minch Town Adm,71016,SNNPR,Gamugofa,Arba Minch Town Adm,71016,05/12/2005,NA,NA,NA,NA,NA,5311,447,18650,67,447,5311
flood,ethiopia,OROMIA,,Arsi,,Sire,40820,OROMIA,Arsi,Sire,40820,07/09/2003,NA,NA,NA,NA,NA,429,0,NA,NA,0,429
flood,ethiopia,OROMIA,,Arsi,,Seru,40811,OROMIA,Arsi,Seru,40811,07/09/2008,NA,3300,3300,NA,NA,NA,0,NA,NA,0,NA
flood,ethiopia,OROMIA,,Arsi,,Robe,40812,OROMIA,Arsi,Robe,40812,07/09/2008,NA,8402,8402,NA,NA,NA,0,NA,NA,0,NA
flood,ethiopia,OROMIA,,Arsi,,Robe,40812,OROMIA,Arsi,Robe,40812,01/06/2004,NA,2070,2070,NA,NA,344,0,NA,NA,0,344
flood,ethiopia,SNNPR,,Gamugofa,,Arba Minch Town Adm,71016,SNNPR,Gamugofa,Arba Minch Town Adm,71016,07/09/2005,NA,12000,12000,NA,NA,NA,0,NA,NA,0,NA
flood,ethiopia,SNNPR,,Gamugofa,,Arba Minch Town Adm,71016,SNNPR,Gamugofa,Arba Minch Town Adm,71016,03/12/2003,NA,NA,NA,NA,NA,1213,0,7917,10,0,1213
flood,ethiopia,SNNPR,,Gamugofa,,Arba Minch Town Adm,71016,SNNPR,Gamugofa,Arba Minch Town Adm,71016,01/10/2001,NA,NA,NA,NA,NA,NA,0,2500,NA,0,NA
flood,ethiopia,Amhara,,North Shewa,,Antsokiya Gemza,30507,Amhara,North Shewa,Antsokiya Gemza,30507,07/09/2006,NA,3020,3020,NA,NA,NA,0,NA,NA,0,NA
flood,ethiopia,Amhara,,North Shewa,,Antsokiya Gemza,30507,Amhara,North Shewa,Antsokiya Gemza,30507,24/06/2008,NA,814,814,NA,NA,NA,0,NA,NA,0,NA
flood,ethiopia,Amhara,,North Shewa,,Antsokiya Gemza,30507,Amhara,North Shewa,Antsokiya Gemza,30507,07/09/2007,NA,183,183,NA,NA,NA,0,183,NA,0,NA
flood,ethiopia,Amhara,,North Shewa,,Antsokiya Gemza,30507,Amhara,North Shewa,Antsokiya Gemza,30507,07/09/2006,NA,NA,NA,NA,NA,NA,0,490,NA,0,NA
flood,ethiopia,Amhara,,North Shewa,,Antsokiya Gemza,30507,Amhara,North Shewa,Antsokiya Gemza,30507,07/09/2006,NA,24430,24430,NA,NA,NA,3,77,NA,3,NA
flood,ethiopia,Amhara,,North Shewa,,Antsokiya Gemza,30507,Amhara,North Shewa,Antsokiya Gemza,30507,07/09/2006,NA,NA,NA,NA,NA,62422,84,NA,NA,84,62422
flood,ethiopia,Amhara,,North Shewa,,Antsokiya,30507,Amhara,North Shewa,Antsokiya,30507,01/08/2010,NA,130,130,NA,NA,NA,0,130,NA,0,NA
flood,ethiopia,Amhara,,Awi,,Ankasha,30903,Amhara,Awi,Ankasha,30903,01/12/2006,NA,6000,6000,NA,NA,1800,0,NA,NA,0,1800
flood,ethiopia,Amhara,,South Wello,,Ambasel,30404,Amhara,South Wello,Ambasel,30404,22/08/2010,NA,NA,0,NA,NA,1368,NA,NA,NA,NA,1368
flood,ethiopia,Amhara,,Central Gondar,,Alfa,30115,Amhara,Central Gondar,Alfa,30115,01/06/2004,NA,NA,NA,1,NA,NA,154,NA,NA,154,NA
flood,ethiopia,Tigray,,Southern Tigray,,Alage,10404,Tigray,Southern Tigray,Alage,10404,01/03/2004,NA,NA,NA,NA,NA,NA,63,NA,NA,63,NA
flood,ethiopia,SNNPR,,Alaba Sp.,,Alaba,72101,SNNPR,Alaba Sp.,Alaba,72101,07/09/2006,NA,17973,17973,NA,NA,NA,0,NA,NA,0,NA
flood,ethiopia,SNNPR,,Alaba Sp.,,Alaba,72101,SNNPR,Alaba Sp.,Alaba,72101,07/09/2006,NA,NA,NA,NA,NA,798,395,4073,658,395,798
flood,ethiopia,Gambella,,Nuwer,,Lare,120102,Gambella,Nuwer,Lare,120102,22/11/2007,NA,132,132,NA,NA,NA,0,14346,NA,0,NA
flood,ethiopia,SNNPR,,Alaba Sp.,,Alaba,72101,SNNPR,Alaba Sp.,Alaba,72101,06/12/2006,NA,NA,NA,1,NA,NA,140,3000,NA,140,NA
flood,ethiopia,SNNPR,,Alaba Sp.,,Alaba,72101,SNNPR,Alaba Sp.,Alaba,72101,04/12/2004,NA,NA,NA,NA,NA,1805.52,1106,8634,109,1106,1805.52
flood,ethiopia,Gambella,,Nuwer,,Lare,120102,Gambella,Nuwer,Lare,120102,07/09/2008,NA,NA,NA,NA,NA,1923.86,341,13004,NA,341,1923.86
flood,ethiopia,Tigray,,Central Tigray,,Ahieferom,10202,Tigray,Central Tigray,Ahieferom,10202,01/08/2010,NA,1400,1400,NA,NA,56,0,NA,NA,0,56
flood,ethiopia,Gambella,,Etang Special,,Itang,120207,Gambella,Etang Special,Itang,120207,07/09/2007,NA,NA,NA,NA,NA,2617.19,747,50264,NA,747,2617.19
flood,ethiopia,Gambella,,Agnewak,,Gog,120203,Gambella,Agnewak,Gog,120203,07/09/2001,NA,5,5,NA,NA,110,421,21733,NA,421,110
flood,ethiopia,OROMIA,,East Shewa,,Adamitulu Jido Kombolcha,40708,OROMIA,East Shewa,Adamitulu Jido Kombolcha,40708,01/04/2002,NA,NA,NA,4,NA,NA,43,NA,NA,43,NA
flood,ethiopia,Gambella,,Etang Special,,Itang,120207,Gambella,Etang Special,Itang,120207,07/09/2007,NA,41,41,NA,NA,NA,0,27143,NA,0,NA
flood,ethiopia,Gambella,,Etang Special,,Itang,120207,Gambella,Etang Special,Itang,120207,22/11/2007,NA,209,209,NA,NA,NA,0,8785,NA,0,NA
flood,ethiopia,Amhara,,South Wello,,Borena / Debresina,30412,Amhara,South Wello,Borena / Debresina,30412,01/08/2010,NA,1189,1189,NA,NA,119,0,NA,NA,0,119
flood,ethiopia,Benishangul Gumz,,Asosa,,Menge,60301,Benishangul Gumz,Asosa,Menge,60301,19/09/2000,NA,NA,NA,NA,NA,NA,500,NA,200,500,NA
flood,ethiopia,Amhara,,West Gojam,,Semen Achefer,30701,Amhara,West Gojam,Semen Achefer,30701,14/08/2008,NA,NA,NA,NA,NA,786,0,NA,NA,0,786
flood,ethiopia,Amhara,,West Gojam,,Mecha,30704,Amhara,West Gojam,Mecha,30704,07/09/2006,NA,351,351,1,NA,NA,0,53,NA,0,NA
flood,ethiopia,Amhara,,Wag Himra,,Sekota,30802,Amhara,Wag Himra,Sekota,30802,07/01/2008,NA,NA,NA,NA,NA,NA,96,NA,NA,96,NA
flood,ethiopia,Amhara,,Wag Himra,,Sekota,30802,Amhara,Wag Himra,Sekota,30802,07/09/2006,NA,5809,5809,NA,NA,NA,0,NA,NA,0,NA
flood,ethiopia,Amhara,,Wag Himra,,Dehana,30803,Amhara,Wag Himra,Dehana,30803,17/11/2008,NA,NA,NA,NA,NA,53,0,NA,NA,0,53
flood,ethiopia,Amhara,,Wag Himra,,Dehana,30803,Amhara,Wag Himra,Dehana,30803,07/09/2006,NA,1482,1482,NA,NA,NA,0,NA,NA,0,NA
flood,ethiopia,Amhara,,South Wello,,Sayint,30411,Amhara,South Wello,Sayint,30411,16/07/2000,NA,1,1,1,NA,NA,0,NA,NA,0,NA
flood,ethiopia,Amhara,,South Wello,,Kalu,30407,Amhara,South Wello,Kalu,30407,07/09/2006,NA,7174,7174,NA,NA,NA,0,18,NA,0,NA
flood,ethiopia,Amhara,,South Wello,,Jama,30414,Amhara,South Wello,Jama,30414,01/06/2004,NA,NA,NA,1,NA,NA,28,NA,NA,28,NA
flood,ethiopia,Amhara,,South Wello,,Jama,30414,Amhara,South Wello,Jama,30414,01/06/2004,NA,75,75,NA,NA,122,0,375,NA,0,122
flood,ethiopia,Amhara,,South Wello,,Albuko,30408,Amhara,South Wello,Albuko,30408,01/03/2004,NA,NA,NA,NA,NA,NA,19,NA,NA,19,NA
flood,ethiopia,Amhara,,South Gonder,,Semada,30207,Amhara,South Gonder,Semada,30207,01/08/2006,NA,NA,NA,2,NA,34,0,NA,NA,0,34
flood,ethiopia,Amhara,,South Gonder,,Libokemekem,30202,Amhara,South Gonder,Libokemekem,30202,07/09/2007,NA,1127,1127,NA,NA,NA,0,1127,NA,0,NA
flood,ethiopia,Amhara,,South Gonder,,Libokemekem,30202,Amhara,South Gonder,Libokemekem,30202,07/09/2006,NA,NA,NA,2,NA,NA,600,NA,NA,600,NA
flood,ethiopia,Amhara,,South Gonder,,Libokemekem,30202,Amhara,South Gonder,Libokemekem,30202,07/09/2006,NA,10000,10000,NA,NA,NA,0,NA,NA,0,NA
flood,ethiopia,Amhara,,South Gonder,,Libokemekem,30202,Amhara,South Gonder,Libokemekem,30202,07/09/2006,NA,20821,20821,1,NA,2441,2790,3134,NA,2790,2441
flood,ethiopia,Amhara,,South Gonder,,Libokemekem,30202,Amhara,South Gonder,Libokemekem,30202,07/09/2000,NA,10234,10234,NA,NA,NA,0,NA,NA,0,NA
flood,ethiopia,Amhara,,South Gonder,,Fogera,30203,Amhara,South Gonder,Fogera,30203,07/09/2006,NA,2964,2964,NA,NA,NA,0,NA,NA,0,NA
flood,ethiopia,Amhara,,South Gonder,,Fogera,30203,Amhara,South Gonder,Fogera,30203,01/08/2006,NA,NA,NA,NA,NA,NA,0,4430,NA,0,NA
flood,ethiopia,Amhara,,South Gonder,,Fogera,30203,Amhara,South Gonder,Fogera,30203,07/09/2006,NA,43127,43127,NA,NA,4240,210,9313,NA,210,4240
flood,ethiopia,Amhara,,South Gonder,,Fogera,30203,Amhara,South Gonder,Fogera,30203,07/09/2000,NA,13178,13178,NA,NA,NA,0,NA,NA,0,NA
flood,ethiopia,Amhara,,South Gonder,,Farta,30204,Amhara,South Gonder,Farta,30204,07/09/2008,NA,NA,NA,NA,NA,86,0,NA,NA,0,86
flood,ethiopia,Amhara,,South Gonder,,Farta,30204,Amhara,South Gonder,Farta,30204,01/06/2004,NA,NA,NA,2,NA,NA,7,NA,1,7,NA
flood,ethiopia,Amhara,,South Gonder,,Dera (Amhara),40602,Amhara,South Gonder,Dera (Amhara),40602,01/08/2007,NA,NA,NA,NA,NA,NA,0,3620,NA,0,NA
flood,ethiopia,Amhara,,South Gonder,,Dera (Amhara),40602,Amhara,South Gonder,Dera (Amhara),40602,18/02/2008,NA,NA,NA,NA,NA,NA,23,NA,NA,23,NA
flood,ethiopia,Amhara,,South Gonder,,Dera (Amhara),40602,Amhara,South Gonder,Dera (Amhara),40602,07/09/2007,NA,NA,NA,NA,NA,308.2,0,NA,NA,0,308.2
flood,ethiopia,Amhara,,South Gonder,,Dera (Amhara),40602,Amhara,South Gonder,Dera (Amhara),40602,07/09/2006,NA,7482,7482,NA,NA,206.5,4,NA,NA,4,206.5
flood,ethiopia,Amhara,,South Gonder,,Dera (Amhara),40602,Amhara,South Gonder,Dera (Amhara),40602,01/08/2006,NA,NA,NA,2,NA,NA,0,NA,NA,0,NA
flood,ethiopia,Amhara,,South Gonder,,Dera (Amhara),40602,Amhara,South Gonder,Dera (Amhara),40602,01/07/2003,NA,NA,NA,NA,NA,NA,3100,NA,NA,3100,NA
flood,ethiopia,Amhara,,South Gonder,,Dera (Amhara),40602,Amhara,South Gonder,Dera (Amhara),40602,01/07/2003,NA,NA,NA,NA,NA,NA,3100,NA,NA,3100,NA
flood,ethiopia,Amhara,,South Gonder,,Dera (Amhara),40602,Amhara,South Gonder,Dera (Amhara),40602,07/09/2000,NA,386,386,NA,NA,NA,0,NA,NA,0,NA
flood,ethiopia,Amhara,,Oromia,,Artuma Fursi,31004,Amhara,Oromia,Artuma Fursi,31004,07/09/2006,NA,2755,2755,NA,NA,4150,1354,4951,NA,1354,4150
flood,ethiopia,Amhara,,Oromia,,Artuma Fursi,31004,Amhara,Oromia,Artuma Fursi,31004,07/09/2007,NA,587,587,NA,NA,NA,0,NA,NA,0,NA
flood,ethiopia,Amhara,,North Wello,,Raya Kobo,30302,Amhara,North Wello,Raya Kobo,30302,01/08/2006,NA,NA,NA,NA,NA,NA,100,60,12,100,NA
flood,ethiopia,Amhara,,North Wello,,Raya Kobo,30302,Amhara,North Wello,Raya Kobo,30302,14/11/2007,NA,2288,2288,NA,NA,306.75,0,2288,NA,0,306.75
flood,ethiopia,Amhara,,North Wello,,Raya Kobo,30302,Amhara,North Wello,Raya Kobo,30302,07/09/2006,NA,102,102,NA,NA,NA,0,56,NA,0,NA
flood,ethiopia,Amhara,,North Wello,,Raya Kobo,30302,Amhara,North Wello,Raya Kobo,30302,23/08/2006,NA,87,87,NA,NA,NA,0,87,NA,0,NA
flood,ethiopia,Amhara,,North Wello,,Habru,30308,Amhara,North Wello,Habru,30308,07/09/2007,NA,2,2,NA,NA,NA,0,NA,NA,0,NA
flood,ethiopia,Amhara,,North Wello,,Bugna,30301,Amhara,North Wello,Bugna,30301,01/08/2005,NA,NA,NA,2,NA,NA,0,NA,NA,0,NA
flood,ethiopia,Amhara,,North Shewa,,Ensaro,30503,Amhara,North Shewa,Ensaro,30503,15/09/2008,NA,NA,NA,1,1,NA,0,NA,NA,0,NA
flood,ethiopia,Amhara,,West Gondar,,Metema,30113,Amhara,West Gondar,Metema,30113,07/09/2006,NA,966,966,1,NA,398,17,NA,NA,17,398
flood,ethiopia,Amhara,,West Gondar,,Metema,30113,Amhara,West Gondar,Metema,30113,01/10/2001,NA,NA,NA,NA,NA,570,0,NA,NA,0,570
flood,ethiopia,Amhara,,Central Gondar,,Dembia,30111,Amhara,Central Gondar,Dembia,30111,07/01/2008,NA,NA,NA,NA,NA,400,0,NA,15,0,400
flood,ethiopia,Amhara,,Central Gondar,,Dembia,30111,Amhara,Central Gondar,Dembia,30111,01/08/2007,NA,NA,NA,2,NA,1600,0,NA,NA,0,1600
flood,ethiopia,Amhara,,Central Gondar,,Dembia,30111,Amhara,Central Gondar,Dembia,30111,07/09/2006,NA,23860,23860,1,NA,192.14,0,NA,NA,0,192.14
flood,ethiopia,Amhara,,Central Gondar,,Dembia,30111,Amhara,Central Gondar,Dembia,30111,01/07/2001,NA,1130,1130,NA,NA,NA,0,NA,NA,0,NA
flood,ethiopia,Amhara,,Central Gondar,,Dembia,30111,Amhara,Central Gondar,Dembia,30111,01/07/2001,NA,1130,1130,NA,NA,NA,0,NA,NA,0,NA
flood,ethiopia,Amhara,,North Gondar,,Dabat,30105,Amhara,North Gondar,Dabat,30105,01/08/2005,NA,NA,NA,NA,NA,1035,52,NA,NA,52,1035
flood,ethiopia,Amhara,,East Gojam,,Goncha Siso Enebse,30603,Amhara,East Gojam,Goncha Siso Enebse,30603,01/07/2004,NA,NA,NA,3,NA,NA,0,NA,NA,0,NA
flood,ethiopia,Amhara,,East Gojam,,Goncha Siso Enebse,30603,Amhara,East Gojam,Goncha Siso Enebse,30603,01/07/2004,NA,NA,NA,3,NA,NA,0,NA,NA,0,NA
flood,ethiopia,Amhara,,East Gojam,,Dejen,30613,Amhara,East Gojam,Dejen,30613,07/09/2006,NA,288,288,NA,NA,701.75,953,2219,NA,953,701.75
flood,ethiopia,Amhara,,East Gojam,,Bibugn,30601,Amhara,East Gojam,Bibugn,30601,01/06/2004,NA,NA,NA,3,5,NA,0,NA,4,0,NA
flood,ethiopia,Afar,,Afar Zone 4,,Ewa,20402,Afar,Afar Zone 4,Ewa,20402,07/09/2007,NA,NA,NA,NA,NA,NA,0,NA,70,0,NA
flood,ethiopia,Afar,,Afar Zone 3,,Gewane,20303,Afar,Afar Zone 3,Gewane,20303,24/08/2007,NA,12000,12000,NA,NA,900,30,NA,NA,30,900
flood,ethiopia,Afar,,Afar Zone 3,,Gewane,20303,Afar,Afar Zone 3,Gewane,20303,01/08/2007,NA,NA,NA,NA,NA,800,30,12000,NA,30,800
flood,ethiopia,Afar,,Afar Zone 3,,Gewane,20303,Afar,Afar Zone 3,Gewane,20303,07/09/2006,NA,10294,10294,2,NA,NA,15,NA,NA,15,NA
flood,ethiopia,Afar,,Afar Zone 1,,Dubti,20101,Afar,Afar Zone 1,Dubti,20101,07/09/2006,NA,7000,7000,NA,NA,NA,0,NA,NA,0,NA
flood,ethiopia,Afar,,Afar Zone 1,,Dubti,20101,Afar,Afar Zone 1,Dubti,20101,30/11/2005,NA,4000,4000,NA,NA,1000,0,NA,NA,0,1000
flood,ethiopia,Afar,,Afar Zone 1,,Dubti,20101,Afar,Afar Zone 1,Dubti,20101,07/09/2005,NA,42000,42000,NA,NA,NA,0,NA,NA,0,NA
flood,ethiopia,Afar,,Afar Zone 1,,Dubti,20101,Afar,Afar Zone 1,Dubti,20101,14/04/2004,NA,21847,21847,NA,NA,NA,123,NA,NA,123,NA
flood,ethiopia,Afar,,Afar Zone 1,,Dubti,20101,Afar,Afar Zone 1,Dubti,20101,07/09/2003,NA,38,38,NA,NA,15,500,NA,NA,500,15
flood,ethiopia,Afar,,Afar Zone 1,,Dubti,20101,Afar,Afar Zone 1,Dubti,20101,13/04/2002,NA,4000,4000,NA,NA,NA,0,1000,NA,0,NA
flood,ethiopia,Afar,,Afar Zone 1,,Afambo,20104,Afar,Afar Zone 1,Afambo,20104,07/09/2007,NA,1500,1500,NA,NA,295,0,1500,NA,0,295
flood,ethiopia,Afar,,Afar Zone 1,,Afambo,20104,Afar,Afar Zone 1,Afambo,20104,07/09/2003,NA,NA,NA,NA,NA,NA,0,14200,NA,0,NA
flood,ethiopia,Afar,,Afar Zone 3,,Awash Fentale,20302,Afar,Afar Zone 3,Awash Fentale,20302,07/09/2007,NA,1149,1149,NA,NA,NA,1246,1149,NA,1246,NA
flood,ethiopia,Afar,,Afar Zone 3,,Amibara,20301,Afar,Afar Zone 3,Amibara,20301,07/12/2007,NA,200,200,NA,NA,NA,0,NA,NA,0,NA
flood,ethiopia,Afar,,Afar Zone 3,,Amibara,20301,Afar,Afar Zone 3,Amibara,20301,07/09/2006,NA,13200,13200,NA,NA,NA,0,NA,NA,0,NA
flood,ethiopia,Afar,,Afar Zone 3,,Amibara,20301,Afar,Afar Zone 3,Amibara,20301,01/08/2006,NA,6000,6000,NA,NA,NA,160,NA,NA,160,NA
flood,ethiopia,Afar,,Afar Zone 1,,Dubti,20101,Afar,Afar Zone 1,Dubti,20101,07/09/2005,NA,25000,25000,NA,NA,NA,0,NA,NA,0,NA
flood,ethiopia,Afar,,Afar Zone 1,,Mile,20105,Afar,Afar Zone 1,Mile,20105,07/09/2008,NA,5000,5000,NA,NA,NA,0,NA,NA,0,NA
flood,ethiopia,Afar,,Afar Zone 1,,Mile,20105,Afar,Afar Zone 1,Mile,20105,07/09/2007,NA,1275,1275,NA,NA,NA,0,1275,NA,0,NA
flood,ethiopia,Afar,,Afar Zone 1,,Mile,20105,Afar,Afar Zone 1,Mile,20105,13/07/2006,NA,6375,6375,NA,NA,NA,5524,NA,NA,5524,NA
flood,ethiopia,Afar,,Afar Zone 1,,Mile,20105,Afar,Afar Zone 1,Mile,20105,01/04/2004,NA,NA,NA,4,NA,NA,3170,NA,NA,3170,NA
flood,ethiopia,Afar,,Afar Zone 1,,Elidar,20102,Afar,Afar Zone 1,Elidar,20102,07/12/2007,NA,620,620,NA,NA,NA,0,NA,NA,0,NA
flood,ethiopia,Afar,,Afar Zone 1,,Elidar,20102,Afar,Afar Zone 1,Elidar,20102,27/09/2006,NA,620,620,NA,18,NA,0,NA,NA,0,NA
flood,ethiopia,Afar,,Afar Zone 1,,Dubti,20101,Afar,Afar Zone 1,Dubti,20101,07/09/2007,NA,NA,NA,NA,NA,100,0,NA,NA,0,100
flood,ethiopia,Afar,,Afar Zone 1,,Dubti,20101,Afar,Afar Zone 1,Dubti,20101,07/12/2007,NA,4000,4000,NA,NA,NA,0,NA,NA,0,NA
flood,ethiopia,Amhara,,North Wello,,Mersa Town,30397,Amhara,North Wello,Mersa Town,30397,22/08/2010,NA,NA,0,5,19,3745,NA,NA,NA,NA,3745
flood,ethiopia,Amhara,,South Wello,,kalu,30407,Amhara,South Wello,kalu,30407,20/08/2011,NA,NA,0,20,NA,NA,NA,NA,NA,NA,NA
flood,ethiopia,Amhara,,Central Gondar,,Dembia,30111,Amhara,Central Gondar,Dembia,30111,20/08/2011,NA,NA,0,NA,NA,NA,NA,NA,NA,NA,NA
flood,ethiopia,Amhara,,Central Gondar,,Gonder Zuria,30110,Amhara,Central Gondar,Gonder Zuria,30110,20/08/2011,NA,NA,0,NA,NA,NA,NA,NA,NA,NA,NA
flood,ethiopia,Somali,,Shebelle,,Mustahil,50606,Somali,Shebelle,Mustahil,50606,21/08/2011,NA,NA,0,NA,NA,NA,NA,NA,NA,NA,NA
flood,ethiopia,Tigray,,Western Tigray,,Alamata,10407,Tigray,Western Tigray,Alamata,10407,22/08/2011,NA,NA,0,NA,NA,NA,NA,NA,NA,NA,NA
flood,ethiopia,Somali,,Shebelle,,Kelafo,50605,Somali,Shebelle,Kelafo,50605,02/05/2012,702,NA,702,NA,NA,NA,NA,NA,NA,NA,NA
flood,ethiopia,Somali,,Shebelle,,Mustahil,50606,Somali,Shebelle,Mustahil,50606,03/05/2012,30,NA,30,NA,NA,NA,NA,NA,NA,NA,NA
flood,ethiopia,Somali,,Korahe,,Kebridehar,50502,Somali,Korahe,Kebridehar,50502,25/04/2012,NA,NA,0,NA,NA,NA,NA,NA,NA,NA,NA
flood,ethiopia,Somali,,Korahe,,Shekosh,50501,Somali,Korahe,Shekosh,50501,26/04/2012,330,NA,330,NA,NA,NA,NA,NA,NA,NA,NA
flood,ethiopia,SNNPR,,sidama,,loka abaya,70414,SNNPR,sidama,loka abaya,70414,01/05/2013,650,NA,650,NA,NA,NA,NA,NA,NA,NA,NA
flood,ethiopia,SNNPR,,Wolayita,,Humbo,70604,SNNPR,Wolayita,Humbo,70604,02/05/2013,650,NA,650,NA,NA,NA,NA,NA,NA,NA,NA
flood,ethiopia,OROMIA,,East Hararge,,Adhaki,11068,OROMIA,East Hararge,Adhaki,11068,03/05/2013,400,NA,400,NA,NA,NA,NA,NA,NA,NA,NA
flood,ethiopia,OROMIA,,West Hararge,,Adigrat Town,10308,OROMIA,West Hararge,Adigrat Town,10308,04/05/2013,400,NA,400,NA,NA,NA,NA,NA,NA,NA,NA
flood,ethiopia,Tigray,,Central Tigray,,Adwa,10204,Tigray,Central Tigray,Adwa,10204,05/05/2013,400,NA,400,NA,NA,NA,NA,NA,NA,NA,NA
flood,ethiopia,Somali,,Shebelle,,Mustahil,50606,Somali,Shebelle,Mustahil,50606,31/10/2015,102000,NA,102000,5,NA,NA,10000,NA,NA,10000,NA
flood,ethiopia,Somali,,Shebelle,,Kelafo,50605,Somali,Shebelle,Kelafo,50605,01/11/2015,102000,NA,102000,5,NA,NA,10000,NA,NA,10000,NA
flood,ethiopia,OROMIA,,East Hararge,,Ayder,11067,OROMIA,East Hararge,Ayder,11067,02/04/2018,NA,NA,0,NA,NA,NA,NA,NA,NA,NA,NA
flood,ethiopia,Tigray,,South Eastern,,Dega Temben,10604,Tigray,South Eastern,Dega Temben,10604,03/04/2018,NA,NA,0,NA,NA,NA,NA,NA,NA,NA,NA
flood,ethiopia,OROMIA,,East Shewa,,Endamehoni,10405,OROMIA,East Shewa,Endamehoni,10405,04/04/2018,NA,NA,0,NA,NA,NA,NA,NA,NA,NA,NA
flood,ethiopia,OROMIA,,West Hararge,,Enderta,10602,OROMIA,West Hararge,Enderta,10602,05/04/2018,NA,NA,0,NA,NA,NA,NA,NA,NA,NA,NA
flood,ethiopia,OROMIA,,Arsi,,Robe,NA,OROMIA,Arsi,Robe,NA,NA,NA,NA,NA,NA,NA,NA,NA,NA,NA,NA,NA
flood,ethiopia,Somali,,Afder,,West Imi,50805,Somali,Afder,West Imi,50805,05/04/2018,NA,NA,165000,NA,NA,12911,NA,NA,NA,NA,12911
flood,ethiopia,Somali,,Fafan,,Kebribeyah,50502,Somali,Fafan,Kebribeyah,50502,05/04/2018,NA,NA,165000,NA,NA,12911,NA,NA,NA,NA,12911
flood,ethiopia,Somali,,Liben,,Filtu,50901,Somali,Liben,Filtu,50901,05/04/2018,NA,NA,165000,NA,NA,12911,NA,NA,NA,NA,12911
flood,ethiopia,Somali,,Siti,,Shinile,50103,Somali,Siti,Shinile,50103,05/04/2018,NA,NA,165000,NA,NA,12911,NA,NA,NA,NA,12911
flood,ethiopia,Somali,,Shebelle,,Ferfer,50607,Somali,Shebelle,Ferfer,50607,05/04/2018,NA,NA,165000,NA,NA,12911,NA,NA,NA,NA,12911
flood,ethiopia,Somali,,Doolo,,Warder,50704,Somali,Doolo,Warder,50704,05/04/2018,NA,NA,165000,NA,NA,12911,NA,NA,NA,NA,12911
