COUNTY,CNSTTNC,WARDS,ADM1_PCODE,ADM2_PCODE,ADM3_PCODE
Mombasa,Changamwe,Port Reitz,KE001,KE001001,KE0010010001
Mombasa,Changamwe,Kipevu,KE001,KE001001,KE0010010002
Mombasa,Changamwe,Airport,KE001,KE001001,KE0010010003
Mombasa,Changamwe,Changamwe,KE001,KE001001,KE0010010004
Mombasa,Changamwe,Chaani,KE001,KE001001,KE0010010005
Mombasa,Jomvu,Jomvu Kuu,KE001,KE001002,KE0010020006
Mombasa,Jomvu,Miritini,KE001,KE001002,KE0010020007
Mombasa,Jomvu,Mikindani,KE001,KE001002,KE0010020008
Mombasa,Kisauni,Mjambere,KE001,KE001003,KE0010030009
Mombasa,Kisauni,Junda,KE001,KE001003,KE0010030010
Mombasa,Kisauni,Bamburi,KE001,KE001003,KE0010030011
Mombasa,Kisauni,Mwakirunge,KE001,KE001003,KE0010030012
Mombasa,Kisauni,Mtopanga,KE001,KE001003,KE0010030013
Mombasa,Kisauni,Magogoni,KE001,KE001003,KE0010030014
Mombasa,Kisauni,Shanzu,KE001,KE001003,KE0010030015
Mombasa,Nyali,Frere Town,KE001,KE001004,KE0010040016
Mombasa,Nyali,Ziwa La Ng'ombe,KE001,KE001004,KE0010040017
Mombasa,Nyali,Mkomani,KE001,KE001004,KE0010040018
Mombasa,Nyali,Kongowea,KE001,KE001004,KE0010040019
Mombasa,Nyali,Kadzandani,KE001,KE001004,KE0010040020
Mombasa,Likoni,Mtongwe,KE001,KE001005,KE0010050021
Mombasa,Likoni,Shika Adabu,KE001,KE001005,KE0010050022
Mombasa,Likoni,Bofu,KE001,KE001005,KE0010050023
Mombasa,Likoni,Likoni,KE001,KE001005,KE0010050024
Mombasa,Likoni,Tibwani,KE001,KE001005,KE0010050025
Mombasa,Mvita,Mji Wa Kale/Makadara,KE001,KE001006,KE0010060026
Mombasa,Mvita,Tudor,KE001,KE001006,KE0010060027
Mombasa,Mvita,Tononoka,KE001,KE001006,KE0010060028
Mombasa,Mvita,Shimanzi/Ganjoni,KE001,KE001006,KE0010060029
Mombasa,Mvita,Majengo,KE001,KE001006,KE0010060030
Kwale,Msabweni,Gombato Bogwe,KE002,KE002007,KE0020070031
Kwale,Msambweni,Ukunda,KE002,KE002007,KE0020070032
Kwale,Msambweni,Kinondo,KE002,KE002007,KE0020070033
Kwale,Msambweni,Ramisi,KE002,KE002007,KE0020070034
Kwale,Lunga Lunga,Pongwe/Kikoneni,KE002,KE002008,KE0020080035
Kwale,Lunga Lunga,Dzombo,KE002,KE002008,KE0020080036
Kwale,Lunga Lunga,Mwereni,KE002,KE002008,KE0020080037
Kwale,Lunga Lunga,Vanga,KE002,KE002008,KE0020080038
Kwale,Matuga,Tsimba Golini,KE002,KE002009,KE0020090039
Kwale,Matuga,Waa,KE002,KE002009,KE0020090040
Kwale,Matuga,Tiwi,KE002,KE002009,KE0020090041
Kwale,Matuga,Kubo South,KE002,KE002009,KE0020090042
Kwale,Matuga,Mkongani,KE002,KE002009,KE0020090043
Kwale,Kinango,Ndavaya,KE002,KE002010,KE0020100044
Kwale,Kinango,Puma,KE002,KE002010,KE0020100045
Kwale,Kinango,Kinango,KE002,KE002010,KE0020100046
Kwale,Kinango,Mackinon Road,KE002,KE002010,KE0020100047
Kwale,Kinango,Chengoni/Samburu,KE002,KE002010,KE0020100048
Kwale,Kinango,Mwabila,KE002,KE002010,KE0020100049
Kwale,Kinango,Kasemeni,KE002,KE002010,KE0020100050
Kilifi,Kilifi North,Tezo,KE003,KE003011,KE0030110051
Kilifi,Kilifi North,Sokoni,KE003,KE003011,KE0030110052
Kilifi,Kilifi North,Kibarani,KE003,KE003011,KE0030110053
Kilifi,Kilifi North,Dabaso,KE003,KE003011,KE0030110054
Kilifi,Kilifi North,Matsangoni,KE003,KE003011,KE0030110055
Kilifi,Kilifi North,Watamu,KE003,KE003011,KE0030110056
Kilifi,Kilifi North,Mnarani,KE003,KE003011,KE0030110057
Kilifi,Kilifi South,Junju,KE003,KE003012,KE0030120058
Kilifi,Kilifi South,Mwarakaya,KE003,KE003012,KE0030120059
Kilifi,Kilifi South,Shimo La Tewa,KE003,KE003012,KE0030120060
Kilifi,Kilfi South,Chasimba,KE003,KE003012,KE0030120061
Kilifi,Kilifi South,Mtepeni,KE003,KE003012,KE0030120062
Kilifi,Kaloleni,Mariakani,KE003,KE003013,KE0030130063
Kilifi,Kaloleni,Kayafungo,KE003,KE003013,KE0030130064
Kilifi,Kaloleni,Kaloleni,KE003,KE003013,KE0030130065
Kilifi,Kaloleni,Mwanamwinga,KE003,KE003013,KE0030130066
Kilifi,Rabai,Mwawesa,KE003,KE003014,KE0030140067
Kilifi,Rabai,Ruruma,KE003,KE003014,KE0030140068
Kilifi,Rabai,Kambe/Ribe,KE003,KE003014,KE0030140069
Kilifi,Rabai,Rabai/Kisurutini,KE003,KE003014,KE0030140070
Kilifi,Ganze,Ganze,KE003,KE003015,KE0030150071
Kilifi,Ganze,Bamba,KE003,KE003015,KE0030150072
Kilifi,Ganze,Jaribuni,KE003,KE003015,KE0030150073
Kilifi,Ganze,Sokoke,KE003,KE003015,KE0030150074
Kilifi,Malindi,Jilore,KE003,KE003016,KE0030160075
Kilifi,Malindi,Kakuyuni,KE003,KE003016,KE0030160076
Kilifi,Malindi,Ganda,KE003,KE003016,KE0030160077
Kilifi,Malindi,Malindi Town,KE003,KE003016,KE0030160078
Kilifi,Malindi,Shella,KE003,KE003016,KE0030160079
Kilifi,Magarini,Marafa,KE003,KE003017,KE0030170080
Kilifi,Magarini,Magarini,KE003,KE003017,KE0030170081
Kilifi,Magarini,Gongoni,KE003,KE003017,KE0030170082
Kilifi,Magarini,Adu,KE003,KE003017,KE0030170083
Kilifi,Magarini,Garashi,KE003,KE003017,KE0030170084
Kilifi,Magarini,Sabaki,KE003,KE003017,KE0030170085
Tana River,Garsen,Kipini East,KE004,KE004018,KE0040180086
Tana River,Garsen,Garsen South,KE004,KE004018,KE0040180087
Tana River,Garsen,Kipini West,KE004,KE004018,KE0040180088
Tana River,Garsen,Garsen Central,KE004,KE004018,KE0040180089
Tana River,Garsen,Garsen West,KE004,KE004018,KE0040180090
Tana River,Garsen,Garsen North,KE004,KE004018,KE0040180091
Tana River,Galole,Kinakomba,KE004,KE004019,KE0040190092
Tana River,Galole,Mikinduni,KE004,KE004019,KE0040190093
Tana River,Galole,Chewani,KE004,KE004019,KE0040190094
Tana River,Galole,Wayu,KE004,KE004019,KE0040190095
Tana River,Bura,Chewele,KE004,KE004020,KE0040200096
Tana River,Bura,Hirimani,KE004,KE004020,KE0040200097
Tana River,Bura,Bangale,KE004,KE004020,KE0040200098
Tana River,Bura,Sala,KE004,KE004020,KE0040200099
Tana River,Bura,Madogo,KE004,KE004020,KE0040200100
Lamu,Lamu East,Faza,KE005,KE005021,KE0050210101
Lamu,Lamu East,Kiunga,KE005,KE005021,KE0050210102
Lamu,Lamu East,Basuba,KE005,KE005021,KE0050210103
Lamu,Lamu West,Shella,KE005,KE005022,KE0050220104
Lamu,Lamu West,Mkomami,KE005,KE005022,KE0050220105
Lamu,Lamu West,Hindi,KE005,KE005022,KE0050220106
Lamu,Lamu West,Mkunumbi,KE005,KE005022,KE0050220107
Lamu,Lamu West,Hongwe,KE005,KE005022,KE0050220108
Lamu,Lamu West,Witu,KE005,KE005022,KE0050220109
Lamu,Lamu West,Bahari,KE005,KE005022,KE0050220110
Taita Taveta,Taveta,Chala,KE006,KE006023,KE0060230111
Taita Taveta,Taveta,Mahoo,KE006,KE006023,KE0060230112
Taita Taveta,Taveta,Bomani,KE006,KE006023,KE0060230113
Taita Taveta,Taveta,Mboghoni,KE006,KE006023,KE0060230114
Taita Taveta,Taveta,Mata,KE006,KE006023,KE0060230115
Taita Taveta,Wundanyi,Wundanyi/Mbale,KE006,KE006024,KE0060240116
Taita Taveta,Wundanyi,Werugha,KE006,KE006024,KE0060240117
Taita Taveta,Wundanyi,Wumigu/Kishushe,KE006,KE006024,KE0060240118
Taita Taveta,Wundanyi,Mwanda/Mgange,KE006,KE006024,KE0060240119
Taita Taveta,Mwatate,Ronge,KE006,KE006025,KE0060250120
Taita Taveta,Mwatate,Mwatate,KE006,KE006025,KE0060250121
Taita Taveta,Mwatate,Bura,KE006,KE006025,KE0060250122
Taita Taveta,Mwatate,Chawia,KE006,KE006025,KE0060250123
Taita Taveta,Mwatate,Wusi/Kishamba,KE006,KE006025,KE0060250124
Taita Taveta,Voi,Mbololo,KE006,KE006026,KE0060260125
Taita Taveta,Voi,Sagala,KE006,KE006026,KE0060260126
Taita Taveta,Voi,Kaloleni,KE006,KE006026,KE0060260127
Taita Taveta,Voi,Maungu,KE006,KE006026,KE0060260128
Taita Taveta,Voi,Kasigau,KE006,KE006026,KE0060260129
Taita Taveta,Voi,Ngolia,KE006,KE006026,KE0060260130
Garissa,Garissa Township,Township,KE007,KE007027,KE0070270131
Garissa,Garissa Township,Galbet,KE007,KE007027,KE0070270132
Garissa,Garissa Township,Township,KE007,KE007027,KE0070270133
Garissa,Garissa Township,Township,KE007,KE007027,KE0070270134
Garissa,Balambala,Balambala,KE007,KE007028,KE0070280135
Garissa,Balambala,Danyere,KE007,KE007028,KE0070280136
Garissa,Balambala,Jarajara,KE007,KE007028,KE0070280137
Garissa,Balambala,Saka,KE007,KE007028,KE0070280138
Garissa,Balambala,Sankuri,KE007,KE007028,KE0070280139
Garissa,Lagdera,Modogashe,KE007,KE007029,KE0070290140
Garissa,Lagdera,Benane,KE007,KE007029,KE0070290141
Garissa,Lagdera,Goreale,KE007,KE007029,KE0070290142
Garissa,Lagdera,Maalamin,KE007,KE007029,KE0070290143
Garissa,Lagdera,Sabena,KE007,KE007029,KE0070290144
Garissa,Lagdera,Baraki,KE007,KE007029,KE0070290145
Garissa,Dadaab,Dertu,KE007,KE007030,KE0070300146
Garissa,Dadaab,Dadaab,KE007,KE007030,KE0070300147
Garissa,Dadaab,Labisigale,KE007,KE007030,KE0070300148
Garissa,Dadaab,Damajale,KE007,KE007030,KE0070300149
Garissa,Dadaab,Liboi,KE007,KE007030,KE0070300150
Garissa,Dadaab,Abakaile,KE007,KE007030,KE0070300151
Garissa,Fafi,Bura,KE007,KE007031,KE0070310152
Garissa,Fafi,Dekaharia,KE007,KE007031,KE0070310153
Garissa,Fafi,Jarajila,KE007,KE007031,KE0070310154
Garissa,Fafi,Fafi,KE007,KE007031,KE0070310155
Garissa,Fafi,Nanighi,KE007,KE007031,KE0070310156
Garissa,Ijara,Hulugho,KE007,KE007032,KE0070320157
Garissa,Ijara,Sangailu,KE007,KE007032,KE0070320158
Garissa,Ijara,Ijara,KE007,KE007032,KE0070320159
Garissa,Ijara,Masalani,KE007,KE007032,KE0070320160
Wajir,Wajir North,Gurar,KE008,KE008033,KE0080330161
Wajir,Wajir North,Bute,KE008,KE008033,KE0080330162
Wajir,Wajir North,Korondile,KE008,KE008033,KE0080330163
Wajir,Wajir North,Malkagufu,KE008,KE008033,KE0080330164
Wajir,Wajir North,Batalu,KE008,KE008033,KE0080330165
Wajir,Wajir North,Danaba,KE008,KE008033,KE0080330166
Wajir,Wajir North,Godoma,KE008,KE008033,KE0080330167
Wajir,Wajir East,Wagberi,KE008,KE008034,KE0080340168
Wajir,Wajir East,Township,KE008,KE008034,KE0080340169
Wajir,Wajir East,Barwaqo,KE008,KE008034,KE0080340170
Wajir,Wajir East,Khorof/Harar,KE008,KE008034,KE0080340171
Wajir,Tarbaj,Elben,KE008,KE008035,KE0080350172
Wajir,Tarbaj,Sarman,KE008,KE008035,KE0080350173
Wajir,Tarbaj,Tarbaj,KE008,KE008035,KE0080350174
Wajir,Tarbaj,Wargadud,KE008,KE008035,KE0080350175
Wajir,Wajir West,Arbajahan,KE008,KE008036,KE0080360176
Wajir,Wajir West,Hadado/Athibohol,KE008,KE008036,KE0080360177
Wajir,Wajir West,Ademasajide,KE008,KE008036,KE0080360178
Wajir,Wajir West,Ganyure,KE008,KE008036,KE0080360179
Wajir,Wajir West,Wagalla,KE008,KE008036,KE0080360180
Wajir,Eldas,Eldas,KE008,KE008037,KE0080370181
Wajir,Eldas,Della,KE008,KE008037,KE0080370182
Wajir,Eldas,Elnur/Tula Tula,KE008,KE008037,KE0080370183
Wajir,Wajir South,Benane,KE008,KE008038,KE0080380184
Wajir,Wajir South,Bur-Der,KE008,KE008038,KE0080380185
Wajir,Wajir South,Dadaja Bulla,KE008,KE008038,KE0080380186
Wajir,Wajir South,Habaswein,KE008,KE008038,KE0080380187
Wajir,Wajir South,Lagboghol South,KE008,KE008038,KE0080380188
Wajir,Wajir South,Ibrahim Ure,KE008,KE008038,KE0080380189
Wajir,Wajir South,Diff,KE008,KE008038,KE0080380190
Mandera,Mandera West,Takaba South,KE009,KE009039,KE0090390191
Mandera,Mandera West,Takaba,KE009,KE009039,KE0090390192
Mandera,Mandera West,Laghsure,KE009,KE009039,KE0090390193
Mandera,Mandera West,Dandu,KE009,KE009039,KE0090390194
Mandera,Mandera West,Gither,KE009,KE009039,KE0090390195
Mandera,Banissa,Banissa,KE009,KE009040,KE0090400196
Mandera,Banissa,Derkhale,KE009,KE009040,KE0090400197
Mandera,Banissa,Guba,KE009,KE009040,KE0090400198
Mandera,Banissa,Malkamari,KE009,KE009040,KE0090400199
Mandera,Banissa,Kiliwaheri,KE009,KE009040,KE0090400200
Mandera,Mandera North,Ashabito,KE009,KE009041,KE0090410201
Mandera,Mandera North,Guticha,KE009,KE009041,KE0090410202
Mandera,Mandera North,Marothile,KE009,KE009041,KE0090410203
Mandera,Mandera North,Rhamu,KE009,KE009041,KE0090410204
Mandera,Mandera North,Rhamu Dimtu,KE009,KE009041,KE0090410205
Mandera,Mandera South,Wargadud,KE009,KE009042,KE0090420206
Mandera,Mandera South,Kotulo,KE009,KE009042,KE0090420207
Mandera,Mandera South,Elwak South,KE009,KE009042,KE0090420208
Mandera,Mandera South,Elwak North,KE009,KE009042,KE0090420209
Mandera,Mandera South,Shambir Fatuma,KE009,KE009042,KE0090420210
Mandera,Mandera East,Arabia,KE009,KE009043,KE0090430211
Mandera,Mandera East,Bulla Mpya,KE009,KE009043,KE0090430212
Mandera,Mandera East,Khalalio,KE009,KE009043,KE0090430213
Mandera,Mandera East,Neboi,KE009,KE009043,KE0090430214
Mandera,Mandera East,Township,KE009,KE009043,KE0090430215
Mandera,Lafey,Libehia,KE009,KE009044,KE0090440216
Mandera,Lafey,Fino,KE009,KE009044,KE0090440217
Mandera,Lafey,Lafey,KE009,KE009044,KE0090440218
Mandera,Lafey,Warankara,KE009,KE009044,KE0090440219
Mandera,Lafey,Alango Gof,KE009,KE009044,KE0090440220
Marsabit,Moyale,Butiye,KE010,KE010045,KE0100450221
Marsabit,Moyale,Sololo,KE010,KE010045,KE0100450222
Marsabit,Moyale,Heillu/Manyatta,KE010,KE010045,KE0100450223
Marsabit,Moyale,Golbo,KE010,KE010045,KE0100450224
Marsabit,Moyale,Moyale Township,KE010,KE010045,KE0100450225
Marsabit,Moyale,Uran,KE010,KE010045,KE0100450226
Marsabit,Moyale,Obbu,KE010,KE010045,KE0100450227
Marsabit,North Horr,Dukana,KE010,KE010046,KE0100460228
Marsabit,North Horr,Maikona,KE010,KE010046,KE0100460229
Marsabit,North Horr,Turbi,KE010,KE010046,KE0100460230
Marsabit,North Horr,North Horr,KE010,KE010046,KE0100460231
Marsabit,North Horr,Illeret,KE010,KE010046,KE0100460232
Marsabit,Saku,Sagante/Jaldesa,KE010,KE010047,KE0100470233
Marsabit,Saku,Karare,KE010,KE010047,KE0100470234
Marsabit,Saku,Marsabit Central,KE010,KE010047,KE0100470235
Marsabit,Laisamis,Loiyangalani,KE010,KE010048,KE0100480236
Marsabit,Laisamis,Kargi/South Horr,KE010,KE010048,KE0100480237
Marsabit,Laisamis,Korr/Ngurunit,KE010,KE010048,KE0100480238
Marsabit,Laisamis,Logologo,KE010,KE010048,KE0100480239
Marsabit,Laisamis,Laisamis,KE010,KE010048,KE0100480240
Isiolo,Isiolo North,Wabera,KE011,KE011049,KE0110490241
Isiolo,Isiolo North,Bula Pesa,KE011,KE011049,KE0110490242
Isiolo,Isiolo North,Chari,KE011,KE011049,KE0110490243
Isiolo,Isiolo North,Cherab,KE011,KE011049,KE0110490244
Isiolo,Isiolo North,Ngare Mara,KE011,KE011049,KE0110490245
Isiolo,Isiolo North,Burat,KE011,KE011049,KE0110490246
Isiolo,Isiolo North,Oldonyiro,KE011,KE011049,KE0110490247
Isiolo,Isiolo South,Garbatulla,KE011,KE011050,KE0110500248
Isiolo,Isiolo South,Kinna,KE011,KE011050,KE0110500249
Isiolo,Isiolo South,Sericho,KE011,KE011050,KE0110500250
Meru,Igembe South,Maua,KE012,KE012051,KE0120510251
Meru,Igembe South,Kiegu/Antubochiu,KE012,KE012051,KE0120510252
Meru,Igembe South,Athiru Gaiti,KE012,KE012051,KE0120510253
Meru,Igembe South,Akachiu,KE012,KE012051,KE0120510254
Meru,Igembe South,Kanuni,KE012,KE012051,KE0120510255
Meru,Igembe Central,Akirang'ondu,KE012,KE012052,KE0120520256
Meru,Igembe Central,Athiru Ruujine,KE012,KE012052,KE0120520257
Meru,Igembe Central,Igembe East,KE012,KE012052,KE0120520258
Meru,Igembe Central,Njia,KE012,KE012052,KE0120520259
Meru,Igembe Central,Kangeta,KE012,KE012052,KE0120520260
Meru,Igembe North,Antuambui,KE012,KE012053,KE0120530261
Meru,Igembe North,Ntunene,KE012,KE012053,KE0120530262
Meru,Igembe North,Antubetwe Kiongo,KE012,KE012053,KE0120530263
Meru,Igembe North,Naathu,KE012,KE012053,KE0120530264
Meru,Igembe North,Amwathi,KE012,KE012053,KE0120530265
Meru,Tigania West,Athwana,KE012,KE012054,KE0120540266
Meru,Tigania West,Akithii,KE012,KE012054,KE0120540267
Meru,Tigania West,Kianjai,KE012,KE012054,KE0120540268
Meru,Tigania West,Nkomo,KE012,KE012054,KE0120540269
Meru,Tigania West,Mbeu,KE012,KE012054,KE0120540270
Meru,Tigania East,Thangatha,KE012,KE012055,KE0120550271
Meru,Tigania East,Mikinduri,KE012,KE012055,KE0120550272
Meru,Tigania East,Kiguchwa,KE012,KE012055,KE0120550273
Meru,Tigania East,Muthara,KE012,KE012055,KE0120550274
Meru,Tigania East,Karama,KE012,KE012055,KE0120550275
Meru,North Imenti,Municipality,KE012,KE012056,KE0120560276
Meru,North Imenti,Ntima East,KE012,KE012056,KE0120560277
Meru,North Imenti,Ntima West,KE012,KE012056,KE0120560278
Meru,North Imenti,Nyaki West,KE012,KE012056,KE0120560279
Meru,North Imenti,Nyaki East,KE012,KE012056,KE0120560280
Meru,Buuri,Timau,KE012,KE012057,KE0120570281
Meru,Buuri,Kisima,KE012,KE012057,KE0120570282
Meru,Buuri,Kiirua/Naari,KE012,KE012057,KE0120570283
Meru,Buuri,Ruiri/Rwarera,KE012,KE012057,KE0120570284
Meru,Central Imenti,Mwanganthia,KE012,KE012058,KE0120580285
Meru,Central Imenti,Abothuguchi Central,KE012,KE012058,KE0120580286
Meru,Central Imenti,Abothuguchi West,KE012,KE012058,KE0120580287
Meru,Central Imenti,Kiagu,KE012,KE012058,KE0120580288
Meru,Buuri,Kibirichia,KE012,KE012057,KE0120570289
Meru,South Imenti,Mitunguu,KE012,KE012059,KE0120590290
Meru,South Imenti,Igoji East,KE012,KE012059,KE0120590291
Meru,South Imenti,Igoji West,KE012,KE012059,KE0120590292
Meru,South Imenti,Abogeta East,KE012,KE012059,KE0120590293
Meru,South Imenti,Abogeta West,KE012,KE012059,KE0120590294
Meru,South Imenti,Nkuene,KE012,KE012059,KE0120590295
Tharaka-Nithi,Maara,Mitheru,KE013,KE013060,KE0130600296
Tharaka-Nithi,Maara,Muthambi,KE013,KE013060,KE0130600297
Tharaka-Nithi,Maara,Mwimbi,KE013,KE013060,KE0130600298
Tharaka-Nithi,Maara,Ganga,KE013,KE013060,KE0130600299
Tharaka-Nithi,Maara,Chogoria,KE013,KE013060,KE0130600300
Tharaka-Nithi,Chuka/Igambang'ombe,Mariani,KE013,KE013061,KE0130610301
Tharaka-Nithi,Chuka/Igambang'ombe,Karingani,KE013,KE013061,KE0130610302
Tharaka-Nithi,Chuka/Igambang'ombe,Magumoni,KE013,KE013061,KE0130610303
Tharaka-Nithi,Chuka/Igambang'ombe,Mugwe,KE013,KE013061,KE0130610304
Tharaka-Nithi,Chuka/Igambang'ombe,Igambang'ombe,KE013,KE013061,KE0130610305
Tharaka-Nithi,Tharaka,Gatunga,KE013,KE013062,KE0130620306
Tharaka-Nithi,Tharaka,Mukothima,KE013,KE013062,KE0130620307
Tharaka-Nithi,Tharaka,Nkondi,KE013,KE013062,KE0130620308
Tharaka-Nithi,Tharaka,Chiakariga,KE013,KE013062,KE0130620309
Tharaka-Nithi,Tharaka,Marimanti,KE013,KE013062,KE0130620310
Embu,Manyatta,Ruguru-Ngandori,KE014,KE014063,KE0140630311
Embu,Manyatta,Kithimu,KE014,KE014063,KE0140630312
Embu,Manyatta,Nginda,KE014,KE014063,KE0140630313
Embu,Manyatta,Mbeti North,KE014,KE014063,KE0140630314
Embu,Manyatta,Kirimani,KE014,KE014063,KE0140630315
Embu,Manyatta,Gaturi South,KE014,KE014063,KE0140630316
Embu,Runyenjes,Gaturi North,KE014,KE014064,KE0140640317
Embu,Runyenjes,Kagaari South,KE014,KE014064,KE0140640318
Embu,Runyenjes,Central,KE014,KE014064,KE0140640319
Embu,Runyenjes,Kagaari North,KE014,KE014064,KE0140640320
Embu,Runyenjes,Kyeni North East,KE014,KE014064,KE0140640321
Embu,Runyenjes,Kyeni South,KE014,KE014064,KE0140640322
Embu,Mbeere South,Mwea,KE014,KE014065,KE0140650323
Embu,Mbeere South,Makima,KE014,KE014065,KE0140650324
Embu,Mbeere South,Mbeti South,KE014,KE014065,KE0140650325
Embu,Mbeere South,Mavuria,KE014,KE014065,KE0140650326
Embu,Mbeere South,Kiambere,KE014,KE014065,KE0140650327
Embu,Mbeere North,Nthawa,KE014,KE014066,KE0140660328
Embu,Mbeere North,Muminji,KE014,KE014066,KE0140660329
Embu,Mbeere North,Evurore,KE014,KE014066,KE0140660330
Kitui,Mwingi North,Ngomeni,KE015,KE015067,KE0150670331
Kitui,Mwingi North,Kyuso,KE015,KE015067,KE0150670332
Kitui,Mwingi North,Mumoni,KE015,KE015067,KE0150670333
Kitui,Mwingi North,Tseikuru,KE015,KE015067,KE0150670334
Kitui,Mwingi North,Tharaka,KE015,KE015067,KE0150670335
Kitui,Mwingi West,Kyome/Thaana,KE015,KE015068,KE0150680336
Kitui,Mwingi West,Nguutani,KE015,KE015068,KE0150680337
Kitui,Mwingi West,Migwani,KE015,KE015068,KE0150680338
Kitui,Mwingi West,Kiomo/Kyethani,KE015,KE015068,KE0150680339
Kitui,Mwingi West,Central,KE015,KE015068,KE0150680340
Kitui,Mwingi Central,Kivou,KE015,KE015069,KE0150690341
Kitui,Mwingi Central,Nguni,KE015,KE015069,KE0150690342
Kitui,Mwingi Central,Nuu,KE015,KE015069,KE0150690343
Kitui,Mwingi Central,Mui,KE015,KE015069,KE0150690344
Kitui,Mwingi Central,Waita,KE015,KE015069,KE0150690345
Kitui,Kitui West,Mutonguni,KE015,KE015070,KE0150700346
Kitui,Kitui West,Kauwi,KE015,KE015070,KE0150700347
Kitui,Kitui West,Matinyani,KE015,KE015070,KE0150700348
Kitui,Kitui West,Kwamutonga/Kithumula,KE015,KE015070,KE0150700349
Kitui,Kitui Rural,Kisasi,KE015,KE015071,KE0150710350
Kitui,Kitui Rural,Mbitini,KE015,KE015071,KE0150710351
Kitui,Kitui Rural,Kwavonza/Yatta,KE015,KE015071,KE0150710352
Kitui,Kitui Rural,Kanyangi,KE015,KE015071,KE0150710353
Kitui,Kitui Central,Miambani,KE015,KE015072,KE0150720354
Kitui,Kitui Central,Township,KE015,KE015072,KE0150720355
Kitui,Kitui Central,Kyangwithya West,KE015,KE015072,KE0150720356
Kitui,Kitui Central,Mulango,KE015,KE015072,KE0150720357
Kitui,Kitui Central,Kyangwithya East,KE015,KE015072,KE0150720358
Kitui,Kitui East,Zombe/Mwitika,KE015,KE015073,KE0150730359
Kitui,Kitui East,Nzambani,KE015,KE015073,KE0150730360
Kitui,Kitui East,Chuluni,KE015,KE015073,KE0150730361
Kitui,Kitui East,Voo/Kyamatu,KE015,KE015073,KE0150730362
Kitui,Kitui East,Endau/Malalani,KE015,KE015073,KE0150730363
Kitui,Kitui East,Mutitu/Kaliku,KE015,KE015073,KE0150730364
Kitui,Kitui South,Ikanga/Kyatune,KE015,KE015074,KE0150740365
Kitui,Kitui South,Mutomo,KE015,KE015074,KE0150740366
Kitui,Kitui South,Mutha,KE015,KE015074,KE0150740367
Kitui,Kitui South,Ikutha,KE015,KE015074,KE0150740368
Kitui,Kitui South,Kanziko,KE015,KE015074,KE0150740369
Kitui,Kitui South,Athi,KE015,KE015074,KE0150740370
Machakos,Masinga,Kivaa,KE016,KE016075,KE0160750371
Machakos,Masinga,Masinga Central,KE016,KE016075,KE0160750372
Machakos,Masinga,Ekalakala,KE016,KE016075,KE0160750373
Machakos,Masinga,Muthesya,KE016,KE016075,KE0160750374
Machakos,Masinga,Ndithini,KE016,KE016075,KE0160750375
Machakos,Yatta,Ndalani,KE016,KE016076,KE0160760376
Machakos,Yatta,Matuu,KE016,KE016076,KE0160760377
Machakos,Yatta,Kithimani,KE016,KE016076,KE0160760378
Machakos,Yatta,Ikombe,KE016,KE016076,KE0160760379
Machakos,Yatta,Katangi,KE016,KE016076,KE0160760380
Machakos,Kangundo,Kangundo North,KE016,KE016077,KE0160770381
Machakos,Kangundo,Kangundo Central,KE016,KE016077,KE0160770382
Machakos,Kangundo,Kangundo East,KE016,KE016077,KE0160770383
Machakos,Kangundo,Kangundo West,KE016,KE016077,KE0160770384
Machakos,Matungulu,Tala,KE016,KE016078,KE0160780385
Machakos,Matungulu,Matungulu North,KE016,KE016078,KE0160780386
Machakos,Matungulu,Matungulu East,KE016,KE016078,KE0160780387
Machakos,Matungulu,Matungulu West,KE016,KE016078,KE0160780388
Machakos,Matungulu,Kyeleni,KE016,KE016078,KE0160780389
Machakos,Kathiani,Mitaboni,KE016,KE016079,KE0160790390
Machakos,Kathiani,Kathiani Central,KE016,KE016079,KE0160790391
Machakos,Kathiani,Upper Kaewa/Iveti,KE016,KE016079,KE0160790392
Machakos,Kathiani,Upper Kaewa/Kaani,KE016,KE016079,KE0160790393
Machakos,Mavoko,Athi River,KE016,KE016080,KE0160800394
Machakos,Mavoko,Kinanie,KE016,KE016080,KE0160800395
Machakos,Mavoko,Muthwani,KE016,KE016080,KE0160800396
Machakos,Mavoko,Syokimau,KE016,KE016080,KE0160800397
Machakos,Machakos Town,Kalama,KE016,KE016081,KE0160810398
Machakos,Machakos Town,Mua,KE016,KE016081,KE0160810399
Machakos,Machakos Town,Mutituni,KE016,KE016081,KE0160810400
Machakos,Machakos Town,Machakos Central,KE016,KE016081,KE0160810401
Machakos,Machakos Town,Mumbuni North,KE016,KE016081,KE0160810402
Machakos,Machakos Town,Muvuti/Kiima Kimwe,KE016,KE016081,KE0160810403
Machakos,Machakos Town,Kola,KE016,KE016081,KE0160810404
Machakos,Mwala,Mbiuni,KE016,KE016082,KE0160820405
Machakos,Mwala,Makutano/Mwala,KE016,KE016082,KE0160820406
Machakos,Mwala,Masii,KE016,KE016082,KE0160820407
Machakos,Mwala,Muthetheni,KE016,KE016082,KE0160820408
Machakos,Mwala,Wamunyu,KE016,KE016082,KE0160820409
Machakos,Mwala,Kibauni,KE016,KE016082,KE0160820410
Makueni,Mbooni,Tulimani,KE017,KE017083,KE0170830411
Makueni,Mbooni,Mbooni,KE017,KE017083,KE0170830412
Makueni,Mbooni,Kithungo/Kitundu,KE017,KE017083,KE0170830413
Makueni,Mbooni,Kiteta/Kisau,KE017,KE017083,KE0170830414
Makueni,Mbooni,Waia-Kako,KE017,KE017083,KE0170830415
Makueni,Mbooni,Kalawa,KE017,KE017083,KE0170830416
Makueni,Kilome,Kasikeu,KE017,KE017084,KE0170840417
Makueni,Kilome,Mukaa,KE017,KE017084,KE0170840418
Makueni,Kilome,Kiima Kiu/Kalanzoni,KE017,KE017084,KE0170840419
Makueni,Kaiti,Ukia,KE017,KE017085,KE0170850420
Makueni,Kaiti,Kee,KE017,KE017085,KE0170850421
Makueni,Kaiti,Kilungu,KE017,KE017085,KE0170850422
Makueni,Kaiti,Ilima,KE017,KE017085,KE0170850423
Makueni,Makueni,Wote,KE017,KE017086,KE0170860424
Makueni,Makueni,Muvau/Kikumini,KE017,KE017086,KE0170860425
Makueni,Makueni,Mavindini,KE017,KE017086,KE0170860426
Makueni,Makueni,Kitise/Kithuki,KE017,KE017086,KE0170860427
Makueni,Makueni,Kathonzweni,KE017,KE017086,KE0170860428
Makueni,Makueni,Nzaui/Kilili/Kalamba,KE017,KE017086,KE0170860429
Makueni,Makueni,Mbitini,KE017,KE017086,KE0170860430
Makueni,Kibwezi West,Makindu,KE017,KE017087,KE0170870431
Makueni,Kibwezi West,Nguumo,KE017,KE017087,KE0170870432
Makueni,Kibwezi West,Kikumbulyu North,KE017,KE017087,KE0170870433
Makueni,Kibwezi West,Kikumbulyu South,KE017,KE017087,KE0170870434
Makueni,Kibwezi West,Nguu/Masumba,KE017,KE017087,KE0170870435
Makueni,Kibwezi West,Emali/Mulala,KE017,KE017087,KE0170870436
Makueni,Kibwezi East,Masongaleni,KE017,KE017088,KE0170880437
Makueni,Kibwezi East,Mtito Andei,KE017,KE017088,KE0170880438
Makueni,Kibwezi East,Thange,KE017,KE017088,KE0170880439
Makueni,Kibwezi East,Ivingoni/Nzambani,KE017,KE017088,KE0170880440
Nyandarua,Kinangop,Engineer,KE018,KE018089,KE0180890441
Nyandarua,Kinangop,Gathara,KE018,KE018089,KE0180890442
Nyandarua,Kinangop,North Kinangop,KE018,KE018089,KE0180890443
Nyandarua,Kinangop,Murungaru,KE018,KE018089,KE0180890444
Nyandarua,Kinangop,Njabini/Kiburu,KE018,KE018089,KE0180890445
Nyandarua,Kinangop,Nyakio,KE018,KE018089,KE0180890446
Nyandarua,Kinangop,Githabai,KE018,KE018089,KE0180890447
Nyandarua,Kinangop,Mugumu,KE018,KE018089,KE0180890448
Nyandarua,Kipipiri,Wanjohi,KE018,KE018090,KE0180900449
Nyandarua,Kipipiri,Kipipiri,KE018,KE018090,KE0180900450
Nyandarua,Kipipiri,Geta,KE018,KE018090,KE0180900451
Nyandarua,Kipipiri,Githioro,KE018,KE018090,KE0180900452
Nyandarua,Ol Kalou,Karau,KE018,KE018091,KE0180910453
Nyandarua,Ol Kalou,Kanjuiri Ridge,KE018,KE018091,KE0180910454
Nyandarua,Ol Kalou,Mirangine,KE018,KE018091,KE0180910455
Nyandarua,Ol Kalou,Kiambaga,KE018,KE018091,KE0180910456
Nyandarua,Ol Kalou,Rurii,KE018,KE018091,KE0180910457
Nyandarua,Ol Jorok,Gathanji,KE018,KE018092,KE0180920458
Nyandarua,Ol Jorok,Gatimu,KE018,KE018092,KE0180920459
Nyandarua,Ol Jorok,Weru,KE018,KE018092,KE0180920460
Nyandarua,Ol Jorok,Charagita,KE018,KE018092,KE0180920461
Nyandarua,Ndaragwa,Leshau/Pondo,KE018,KE018093,KE0180930462
Nyandarua,Ndaragwa,Kiriita,KE018,KE018093,KE0180930463
Nyandarua,Ndaragwa,Central,KE018,KE018093,KE0180930464
Nyandarua,Ndaragwa,Shamata,KE018,KE018093,KE0180930465
Nyeri,Tetu,Dedan Kimathi,KE019,KE019094,KE0190940466
Nyeri,Tetu,Wamagana,KE019,KE019094,KE0190940467
Nyeri,Tetu,Aguthi-Gaaki,KE019,KE019094,KE0190940468
Nyeri,Kieni,Mweiga,KE019,KE019095,KE0190950469
Nyeri,Kieni,Naromoru/Kiamathanga,KE019,KE019095,KE0190950470
Nyeri,Kieni,Mwiyogo/Endarasha,KE019,KE019095,KE0190950471
Nyeri,Kieni,Mugunda,KE019,KE019095,KE0190950472
Nyeri,Kieni,Gatarakwa,KE019,KE019095,KE0190950473
Nyeri,Kieni,Thiegu River,KE019,KE019095,KE0190950474
Nyeri,Kieni,Kabaru,KE019,KE019095,KE0190950475
Nyeri,Kieni,Gakawa,KE019,KE019095,KE0190950476
Nyeri,Mathira,Ruguru,KE019,KE019096,KE0190960477
Nyeri,Mathira,Magutu,KE019,KE019096,KE0190960478
Nyeri,Mathira,Iria-Ini,KE019,KE019096,KE0190960479
Nyeri,Mathira,Konyu,KE019,KE019096,KE0190960480
Nyeri,Mathira,Kirimukuyu,KE019,KE019096,KE0190960481
Nyeri,Mathira,Karatina Town,KE019,KE019096,KE0190960482
Nyeri,Othaya,Mahiga,KE019,KE019097,KE0190970483
Nyeri,Othaya,Iria-Ini,KE019,KE019097,KE0190970484
Nyeri,Othaya,Chinga,KE019,KE019097,KE0190970485
Nyeri,Othaya,Karima,KE019,KE019097,KE0190970486
Nyeri,Mukurwe-Ini,Gikondi,KE019,KE019098,KE0190980487
Nyeri,Mukurwe-Ini,Rugi,KE019,KE019098,KE0190980488
Nyeri,Mukurwe-Ini,Mukurwe-Ini East,KE019,KE019098,KE0190980489
Nyeri,Mukurwe-Ini,Mukurwe-Ini Central,KE019,KE019098,KE0190980490
Nyeri,Nyeri Town,Kiganjo/Mathari,KE019,KE019099,KE0190990491
Nyeri,Nyeri Town,Rware,KE019,KE019099,KE0190990492
Nyeri,Nyeri Town,Gatitu/Muruguru,KE019,KE019099,KE0190990493
Nyeri,Nyeri Town,Ruring'u,KE019,KE019099,KE0190990494
Nyeri,Nyeri Town,Kamakwa/Mukaro,KE019,KE019099,KE0190990495
Kirinyaga,Mwea,Mutithi,KE020,KE020100,KE0201000496
Kirinyaga,Mwea,Kangai,KE020,KE020100,KE0201000497
Kirinyaga,Mwea,Thiba,KE020,KE020100,KE0201000498
Kirinyaga,Mwea,Wamumu,KE020,KE020100,KE0201000499
Kirinyaga,Mwea,Nyangati,KE020,KE020100,KE0201000500
Kirinyaga,Mwea,Murinduko,KE020,KE020100,KE0201000501
Kirinyaga,Mwea,Gathigiriri,KE020,KE020100,KE0201000502
Kirinyaga,Mwea,Tebere,KE020,KE020100,KE0201000503
Kirinyaga,Gichugu,Kabare,KE020,KE020101,KE0201010504
Kirinyaga,Gichugu,Baragwi,KE020,KE020101,KE0201010505
Kirinyaga,Gichugu,Njuki-Ini,KE020,KE020101,KE0201010506
Kirinyaga,Gichugu,Ngariama,KE020,KE020101,KE0201010507
Kirinyaga,Gichugu,Karumandi,KE020,KE020101,KE0201010508
Kirinyaga,Ndia,Mukure,KE020,KE020102,KE0201020509
Kirinyaga,Ndia,Kiine,KE020,KE020102,KE0201020510
Kirinyaga,Ndia,Kariti,KE020,KE020102,KE0201020511
Kirinyaga,Kirinyaga Central,Mutira,KE020,KE020103,KE0201030512
Kirinyaga,Kirinyaga Central,Kanyekini,KE020,KE020103,KE0201030513
Kirinyaga,Kirinyaga Central,Kerugoya,KE020,KE020103,KE0201030514
Kirinyaga,Kirinyaga Central,Inoi,KE020,KE020103,KE0201030515
Murang'a,Kangema,Kanyenya-Ini,KE021,KE021104,KE0211040516
Murang'a,Kangema,Muguru,KE021,KE021104,KE0211040517
Murang'a,Kangema,Rwathia,KE021,KE021104,KE0211040518
Murang'a,Mathioya,Gitugi,KE021,KE021105,KE0211050519
Murang'a,Mathioya,Kiru,KE021,KE021105,KE0211050520
Murang'a,Mathioya,Kamacharia,KE021,KE021105,KE0211050521
Murang'a,Kiharu,Wangu,KE021,KE021106,KE0211060522
Murang'a,Kiharu,Mugoiri,KE021,KE021106,KE0211060523
Murang'a,Kiharu,Mbiri,KE021,KE021106,KE0211060524
Murang'a,Kiharu,Township,KE021,KE021106,KE0211060525
Murang'a,Kiharu,Murarandia,KE021,KE021106,KE0211060526
Murang'a,Kiharu,Gaturi,KE021,KE021106,KE0211060527
Murang'a,Kigumo,Kahumbu,KE021,KE021107,KE0211070528
Murang'a,Kigumo,Muthithi,KE021,KE021107,KE0211070529
Murang'a,Kigumo,Kigumo,KE021,KE021107,KE0211070530
Murang'a,Kigumo,Kangari,KE021,KE021107,KE0211070531
Murang'a,Kigumo,Kinyona,KE021,KE021107,KE0211070532
Murang'a,Maragwa,Kimorori/Wempa,KE021,KE021108,KE0211080533
Murang'a,Maragwa,Makuyu,KE021,KE021108,KE0211080534
Murang'a,Maragwa,Kambiti,KE021,KE021108,KE0211080535
Murang'a,Maragwa,Kamahuha,KE021,KE021108,KE0211080536
Murang'a,Maragwa,Ichagaki,KE021,KE021108,KE0211080537
Murang'a,Maragwa,Nginda,KE021,KE021108,KE0211080538
Murang'a,Kandara,Ng'araria,KE021,KE021109,KE0211090539
Murang'a,Kandara,Muruka,KE021,KE021109,KE0211090540
Murang'a,Kandara,Kagundu-Ini,KE021,KE021109,KE0211090541
Murang'a,Kandara,Gaichanjiru,KE021,KE021109,KE0211090542
Murang'a,Kandara,Ithiru,KE021,KE021109,KE0211090543
Murang'a,Kandara,Ruchu,KE021,KE021109,KE0211090544
Murang'a,Gatanga,Ithanga,KE021,KE021110,KE0211100545
Murang'a,Gatanga,Kakuzi/Mitumbiri,KE021,KE021110,KE0211100546
Murang'a,Gatanga,Mugumo-Ini,KE021,KE021110,KE0211100547
Murang'a,Gatanga,Kihumbu-Ini,KE021,KE021110,KE0211100548
Murang'a,Gatanga,Gatanga,KE021,KE021110,KE0211100549
Murang'a,Gatanga,Kariara,KE021,KE021110,KE0211100550
Kiambu,Gatundu South,Kiamwangi,KE022,KE022111,KE0221110551
Kiambu,Gatundu South,Kiganjo,KE022,KE022111,KE0221110552
Kiambu,Gatundu South,Ndarugu,KE022,KE022111,KE0221110553
Kiambu,Gatundu South,Ngenda,KE022,KE022111,KE0221110554
Kiambu,Gatundu North,Gituamba,KE022,KE022112,KE0221120555
Kiambu,Gatundu North,Githobokoni,KE022,KE022112,KE0221120556
Kiambu,Gatundu North,Chania,KE022,KE022112,KE0221120557
Kiambu,Gatundu North,Mangu,KE022,KE022112,KE0221120558
Kiambu,Juja,Murera,KE022,KE022113,KE0221130559
Kiambu,Juja,Theta,KE022,KE022113,KE0221130560
Kiambu,Juja,Juja,KE022,KE022113,KE0221130561
Kiambu,Juja,Witeithie,KE022,KE022113,KE0221130562
Kiambu,Juja,Kalimoni,KE022,KE022113,KE0221130563
Kiambu,Thika Town,Township,KE022,KE022114,KE0221140564
Kiambu,Thika Town,Kamenu,KE022,KE022114,KE0221140565
Kiambu,Thika Town,Hospital,KE022,KE022114,KE0221140566
Kiambu,Thika Town,Gatuanyaga,KE022,KE022114,KE0221140567
Kiambu,Thika Town,Ngoliba,KE022,KE022114,KE0221140568
Kiambu,Ruiru,Gitothua,KE022,KE022115,KE0221150569
Kiambu,Ruiru,Biashara,KE022,KE022115,KE0221150570
Kiambu,Ruiru,Gatongora,KE022,KE022115,KE0221150571
Kiambu,Ruiru,Kahawa Sukari,KE022,KE022115,KE0221150572
Kiambu,Ruiru,Kahawa Wendani,KE022,KE022115,KE0221150573
Kiambu,Ruiru,Kiuu,KE022,KE022115,KE0221150574
Kiambu,Ruiru,Mwiki,KE022,KE022115,KE0221150575
Kiambu,Ruiru,Mwihoko,KE022,KE022115,KE0221150576
Kiambu,Githunguri,Githunguri,KE022,KE022116,KE0221160577
Kiambu,Githunguri,Githiga,KE022,KE022116,KE0221160578
Kiambu,Githunguri,Ikinu,KE022,KE022116,KE0221160579
Kiambu,Githunguri,Ngewa,KE022,KE022116,KE0221160580
Kiambu,Githunguri,Komothai,KE022,KE022116,KE0221160581
Kiambu,Kiambu,Ting'ang'a,KE022,KE022117,KE0221170582
Kiambu,Kiambu,Ndumberi,KE022,KE022117,KE0221170583
Kiambu,Kiambu,Riabai,KE022,KE022117,KE0221170584
Kiambu,Kiambu,Township,KE022,KE022117,KE0221170585
Kiambu,Kiambaa,Cianda,KE022,KE022118,KE0221180586
Kiambu,Kiambaa,Karuri,KE022,KE022118,KE0221180587
Kiambu,Kiambaa,Nenderu,KE022,KE022118,KE0221180588
Kiambu,Kiambaa,Muchatha,KE022,KE022118,KE0221180589
Kiambu,Kiambaa,Kihara,KE022,KE022118,KE0221180590
Kiambu,Kabete,Gitaru,KE022,KE022119,KE0221190591
Kiambu,Kabete,Muguga,KE022,KE022119,KE0221190592
Kiambu,Kabete,Nyathuna,KE022,KE022119,KE0221190593
Kiambu,Kabete,Kabete,KE022,KE022119,KE0221190594
Kiambu,Kabete,Uthiru,KE022,KE022119,KE0221190595
Kiambu,Kikuyu,Karai,KE022,KE022120,KE0221200596
Kiambu,Kikuyu,Nachu,KE022,KE022120,KE0221200597
Kiambu,Kikuyu,Sigona,KE022,KE022120,KE0221200598
Kiambu,Kikuyu,Kikuyu,KE022,KE022120,KE0221200599
Kiambu,Kikuyu,Kinoo,KE022,KE022120,KE0221200600
Kiambu,Limuru,Bibirioni,KE022,KE022121,KE0221210601
Kiambu,Limuru,Limuru Central,KE022,KE022121,KE0221210602
Kiambu,Limuru,Ndeiya,KE022,KE022121,KE0221210603
Kiambu,Limuru,Limuru East,KE022,KE022121,KE0221210604
Kiambu,Limuru,Ngecha/Tigoni,KE022,KE022121,KE0221210605
Kiambu,Lari,Kinale,KE022,KE022122,KE0221220606
Kiambu,Lari,Kijabe,KE022,KE022122,KE0221220607
Kiambu,Lari,Nyanduma,KE022,KE022122,KE0221220608
Kiambu,Lari,Kamburu,KE022,KE022122,KE0221220609
Kiambu,Lari,Lari/Kirenga,KE022,KE022122,KE0221220610
Turkana,Turkana North,Kaeris,KE023,KE023123,KE0231230611
Turkana,Turkana North,Lakezone,KE023,KE023123,KE0231230612
Turkana,Turkana North,Lapur,KE023,KE023123,KE0231230613
Turkana,Turkana North,Kaaleng/Kaikor,KE023,KE023123,KE0231230614
Turkana,Turkana North,Kibish,KE023,KE023123,KE0231230615
Turkana,Turkana North,Nakalale,KE023,KE023123,KE0231230616
Turkana,Turkana West,Kakuma,KE023,KE023124,KE0231240617
Turkana,Turkana West,Lopur,KE023,KE023124,KE0231240618
Turkana,Turkana West,Letea,KE023,KE023124,KE0231240619
Turkana,Turkana West,Songot,KE023,KE023124,KE0231240620
Turkana,Turkana West,Kalobeyei,KE023,KE023124,KE0231240621
Turkana,Turkana West,Lokichogio,KE023,KE023124,KE0231240622
Turkana,Turkana West,Nanaam,KE023,KE023124,KE0231240623
Turkana,Turkana Central,Kerio Delta,KE023,KE023125,KE0231250624
Turkana,Turkana Central,Kangatotha,KE023,KE023125,KE0231250625
Turkana,Turkana Central,Kalokol,KE023,KE023125,KE0231250626
Turkana,Turkana Central,Lodwar Township,KE023,KE023125,KE0231250627
Turkana,Turkana Central,Kanamkemer,KE023,KE023125,KE0231250628
Turkana,Loima,Kotaruk/Lobei,KE023,KE023126,KE0231260629
Turkana,Loima,Turkwel,KE023,KE023126,KE0231260630
Turkana,Loima,Loima,KE023,KE023126,KE0231260631
Turkana,Loima,Lokiriama/Lorengippi,KE023,KE023126,KE0231260632
Turkana,Turkana South,Kaputir,KE023,KE023127,KE0231270633
Turkana,Turkana South,Katilu,KE023,KE023127,KE0231270634
Turkana,Turkana South,Lobokat,KE023,KE023127,KE0231270635
Turkana,Turkana South,Kalapata,KE023,KE023127,KE0231270636
Turkana,Turkana South,Lokichar,KE023,KE023127,KE0231270637
Turkana,Turkana East,Kapedo/Napeitom,KE023,KE023128,KE0231280638
Turkana,Turkana East,Katilia,KE023,KE023128,KE0231280639
Turkana,Turkana East,Lokori/Kochodin,KE023,KE023128,KE0231280640
West Pokot,Kapenguria,Riwo,KE024,KE024129,KE0241290641
West Pokot,Kapenguria,Kapenguria,KE024,KE024129,KE0241290642
West Pokot,Kapenguria,Mnangei,KE024,KE024129,KE0241290643
West Pokot,Kapenguria,Siyoi,KE024,KE024129,KE0241290644
West Pokot,Kapenguria,Endugh,KE024,KE024129,KE0241290645
West Pokot,Kapenguria,Sook,KE024,KE024129,KE0241290646
West Pokot,Sigor,Sekerr,KE024,KE024130,KE0241300647
West Pokot,Sigor,Masool,KE024,KE024130,KE0241300648
West Pokot,Sigor,Lomut,KE024,KE024130,KE0241300649
West Pokot,Sigor,Wei Wei,KE024,KE024130,KE0241300650
West Pokot,Kacheliba,Suam,KE024,KE024131,KE0241310651
West Pokot,Kacheliba,Kodich,KE024,KE024131,KE0241310652
West Pokot,Kacheliba,Kasei,KE024,KE024131,KE0241310653
West Pokot,Kacheliba,Kapchok,KE024,KE024131,KE0241310654
West Pokot,Kacheliba,Kiwawa,KE024,KE024131,KE0241310655
West Pokot,Kacheliba,Alale,KE024,KE024131,KE0241310656
West Pokot,Pokot South,Chepareria,KE024,KE024132,KE0241320657
West Pokot,Pokot South,Batei,KE024,KE024132,KE0241320658
West Pokot,Pokot South,Lelan,KE024,KE024132,KE0241320659
West Pokot,Pokot South,Tapach,KE024,KE024132,KE0241320660
Samburu,Samburu West,Lodokejek,KE025,KE025133,KE0251330661
Samburu,Samburu West,Suguta Marmar,KE025,KE025133,KE0251330662
Samburu,Samburu West,Maralal,KE025,KE025133,KE0251330663
Samburu,Samburu West,Loosuk,KE025,KE025133,KE0251330664
Samburu,Samburu West,Porro,KE025,KE025133,KE0251330665
Samburu,Samburu North,El Barta,KE025,KE025134,KE0251340666
Samburu,Samburu North,Nachola,KE025,KE025134,KE0251340667
Samburu,Samburu North,Ndoto,KE025,KE025134,KE0251340668
Samburu,Samburu North,Nyiro,KE025,KE025134,KE0251340669
Samburu,Samburu North,Angata Nanyukie,KE025,KE025134,KE0251340670
Samburu,Samburu North,Baawa,KE025,KE025134,KE0251340671
Samburu,Samburu East,Waso,KE025,KE025135,KE0251350672
Samburu,Samburu East,Wamba West,KE025,KE025135,KE0251350673
Samburu,Samburu East,Wamba East,KE025,KE025135,KE0251350674
Samburu,Samburu East,Wamba North,KE025,KE025135,KE0251350675
Trans Nzoia,Kwanza,Kapomboi,KE026,KE026136,KE0261360676
Trans Nzoia,Kwanza,Kwanza,KE026,KE026136,KE0261360677
Trans Nzoia,Kwanza,Keiyo,KE026,KE026136,KE0261360678
Trans Nzoia,Kwanza,Bidii,KE026,KE026136,KE0261360679
Trans Nzoia,Endebess,Chepchoina,KE026,KE026137,KE0261370680
Trans Nzoia,Endebes,Endebes,KE026,KE026137,KE0261370681
Trans Nzoia,Endebess,Matumbei,KE026,KE026137,KE0261370682
Trans Nzoia,Saboti,Kinyoro,KE026,KE026138,KE0261380683
Trans Nzoia,Saboti,Matisi,KE026,KE026138,KE0261380684
Trans Nzoia,Saboti,Tuwani,KE026,KE026138,KE0261380685
Trans Nzoia,Saboti,Saboti,KE026,KE026138,KE0261380686
Trans Nzoia,Saboti,Machewa,KE026,KE026138,KE0261380687
Trans Nzoia,Kiminini,Kiminini,KE026,KE026139,KE0261390688
Trans Nzoia,Kiminini,Waitaluk,KE026,KE026139,KE0261390689
Trans Nzoia,Kiminini,Sirende,KE026,KE026139,KE0261390690
Trans Nzoia,Kiminini,Hospital,KE026,KE026139,KE0261390691
Trans Nzoia,Kiminini,Sikhendu,KE026,KE026139,KE0261390692
Trans Nzoia,Kiminini,Nabiswa,KE026,KE026139,KE0261390693
Trans Nzoia,Cherangany,Sinyerere,KE026,KE026140,KE0261400694
Trans Nzoia,Cherangany,Makutano,KE026,KE026140,KE0261400695
Trans Nzoia,Cherangany,Kaplamai,KE026,KE026140,KE0261400696
Trans Nzoia,Cherangany,Motosiet,KE026,KE026140,KE0261400697
Trans Nzoia,Cherangany,Cherangany/Suwerwa,KE026,KE026140,KE0261400698
Trans Nzoia,Cherangany,Chepsiro/Kiptoror,KE026,KE026140,KE0261400699
Trans Nzoia,Cherangany,Sitatunga,KE026,KE026140,KE0261400700
Uasin Gishu,Soy,Moi's Bridge,KE027,KE027141,KE0271410701
Uasin Gishu,Soy,Kapkures,KE027,KE027141,KE0271410702
Uasin Gishu,Soy,Ziwa,KE027,KE027141,KE0271410703
Uasin Gishu,Soy,Segero/Barsombe,KE027,KE027141,KE0271410704
Uasin Gishu,Soy,Kipsomba,KE027,KE027141,KE0271410705
Uasin Gishu,Soy,Soy,KE027,KE027141,KE0271410706
Uasin Gishu,Soy,Kuinet/Kapsuswa,KE027,KE027141,KE0271410707
Uasin Gishu,Turbo,Ngenyilel,KE027,KE027142,KE0271420708
Uasin Gishu,Turbo,Tapsagoi,KE027,KE027142,KE0271420709
Uasin Gishu,Turbo,Kamagut,KE027,KE027142,KE0271420710
Uasin Gishu,Turbo,Kiplombe,KE027,KE027142,KE0271420711
Uasin Gishu,Turbo,Kapsaos,KE027,KE027142,KE0271420712
Uasin Gishu,Turbo,Huruma,KE027,KE027142,KE0271420713
Uasin Gishu,Moiben,Tembelio,KE027,KE027143,KE0271430714
Uasin Gishu,Moiben,Sergoit,KE027,KE027143,KE0271430715
Uasin Gishu,Moiben,Karuna/Meibeki,KE027,KE027143,KE0271430716
Uasin Gishu,Moiben,Moiben,KE027,KE027143,KE0271430717
Uasin Gishu,Moiben,Kimumu,KE027,KE027143,KE0271430718
Uasin Gishu,Ainabkoi,Kapsoya,KE027,KE027144,KE0271440719
Uasin Gishu,Ainabkoi,Kaptagat,KE027,KE027144,KE0271440720
Uasin Gishu,Ainabkoi,Ainabkoi/Olare,KE027,KE027144,KE0271440721
Uasin Gishu,Kapseret,Simat/Kapseret,KE027,KE027145,KE0271450722
Uasin Gishu,Kapseret,Kipkenyo,KE027,KE027145,KE0271450723
Uasin Gishu,Kapseret,Ngeria,KE027,KE027145,KE0271450724
Uasin Gishu,Kapseret,Megun,KE027,KE027145,KE0271450725
Uasin Gishu,Kapseret,Langas,KE027,KE027145,KE0271450726
Uasin Gishu,Kesses,Racecourse,KE027,KE027146,KE0271460727
Uasin Gishu,Kesses,Cheptiret/Kipchamo,KE027,KE027146,KE0271460728
Uasin Gishu,Kesses,Tulwet/Chiyat,KE027,KE027146,KE0271460729
Uasin Gishu,Kesses,Tarakwa,KE027,KE027146,KE0271460730
Elgeyo-Marakwet,Marakwet East,Kapyego,KE028,KE028147,KE0281470731
Elgeyo-Marakwet,Marakwet East,Sambirir,KE028,KE028147,KE0281470732
Elgeyo-Marakwet,Marakwet East,Endo,KE028,KE028147,KE0281470733
Elgeyo-Marakwet,Marakwet East,Embobut/Embulot,KE028,KE028147,KE0281470734
Elgeyo-Marakwet,Marakwet West,Lelan,KE028,KE028148,KE0281480735
Elgeyo-Marakwet,Marakwet West,Sengwer,KE028,KE028148,KE0281480736
Elgeyo-Marakwet,Marakwet West,Cheragany/Chebororwa,KE028,KE028148,KE0281480737
Elgeyo-Marakwet,Marakwet West,Moiben/Kuserwo,KE028,KE028148,KE0281480738
Elgeyo-Marakwet,Marakwet West,Kapsowar,KE028,KE028148,KE0281480739
Elgeyo-Marakwet,Marakwet West,Arror,KE028,KE028148,KE0281480740
Elgeyo-Marakwet,Keiyo North,Kimariny,KE028,KE028149,KE0281490741
Elgeyo-Marakwet,Keiyo North,Emsoo,KE028,KE028149,KE0281490742
Elgeyo-Marakwet,Keiyo North,Tambach,KE028,KE028149,KE0281490743
Elgeyo-Marakwet,Keiyo North,Kapchemutwa,KE028,KE028149,KE0281490744
Elgeyo-Marakwet,Keiyo South,Kaptarakwa,KE028,KE028150,KE0281500745
Elgeyo-Marakwet,Keiyo South,Chepkorio,KE028,KE028150,KE0281500746
Elgeyo-Marakwet,Keiyo South,Soy North,KE028,KE028150,KE0281500747
Elgeyo-Marakwet,Keiyo South,Soy South,KE028,KE028150,KE0281500748
Elgeyo-Marakwet,Keiyo South,Kabiemit,KE028,KE028150,KE0281500749
Elgeyo-Marakwet,Keiyo South,Metkei,KE028,KE028150,KE0281500750
Nandi,Tinderet,Songhor/Soba,KE029,KE029151,KE0291510751
Nandi,Tinderet,Tinderet,KE029,KE029151,KE0291510752
Nandi,Tinderet,Chemilil/Chemase,KE029,KE029151,KE0291510753
Nandi,Tinderet,Kapsimotwo,KE029,KE029151,KE0291510754
Nandi,Aldai,Kibwareng,KE029,KE029152,KE0291520755
Nandi,Aldai,Terik,KE029,KE029152,KE0291520756
Nandi,Aldai,Kemeloi-Maraba,KE029,KE029152,KE0291520757
Nandi,Aldai,Kobujoi,KE029,KE029152,KE0291520758
Nandi,Aldai,Kaptumoi/Kaboi,KE029,KE029152,KE0291520759
Nandi,Aldai,Koyo/Ndurio,KE029,KE029152,KE0291520760
Nandi,Nandi Hills,Nandi Hills,KE029,KE029153,KE0291530761
Nandi,Nandi Hills,Chepkunyuk,KE029,KE029153,KE0291530762
Nandi,Nandi Hills,Ollessos,KE029,KE029153,KE0291530763
Nandi,Nandi Hills,Kapchorua,KE029,KE029153,KE0291530764
Nandi,Chesumei,Chemundu/Kapng'etunyi,KE029,KE029154,KE0291540765
Nandi,Chesumei,Kosirai,KE029,KE029154,KE0291540766
Nandi,Chesumei,Lelmok/Ngechek,KE029,KE029154,KE0291540767
Nandi,Chesumei,Kaptel/Kamoiywo,KE029,KE029154,KE0291540768
Nandi,Chesumei,Kiptuiya,KE029,KE029154,KE0291540769
Nandi,Emgwen,Chepkumia,KE029,KE029155,KE0291550770
Nandi,Emgwen,Kapkangani,KE029,KE029155,KE0291550771
Nandi,Emgwen,Kapsabet,KE029,KE029155,KE0291550772
Nandi,Emgwen,Kilibwoni,KE029,KE029155,KE0291550773
Nandi,Mosop,Cheterwai,KE029,KE029156,KE0291560774
Nandi,Mosop,Kipkaren,KE029,KE029156,KE0291560775
Nandi,Mosop,Kurgung/Surungai,KE029,KE029156,KE0291560776
Nandi,Mosop,Kabiyet,KE029,KE029156,KE0291560777
Nandi,Mosop,Ndalat,KE029,KE029156,KE0291560778
Nandi,Mosop,Kabisanga,KE029,KE029156,KE0291560779
Nandi,Mosop,Sangalo/Kebulonik,KE029,KE029156,KE0291560780
Baringo,Tiaty,Tirioko,KE030,KE030157,KE0301570781
Baringo,Tiaty,Kollowa,KE030,KE030157,KE0301570782
Baringo,Tiaty,Ribkwo,KE030,KE030157,KE0301570783
Baringo,Tiaty,Silale,KE030,KE030157,KE0301570784
Baringo,Tiaty,Loiyamorok,KE030,KE030157,KE0301570785
Baringo,Tiaty,Tangulbei/Korossi,KE030,KE030157,KE0301570786
Baringo,Tiaty,Churo/Amaya,KE030,KE030157,KE0301570787
Baringo,Baringo North,Barwessa,KE030,KE030158,KE0301580788
Baringo,Baringo North,Kabartonjo,KE030,KE030158,KE0301580789
Baringo,Baringo North,Saimo/Kipsaram,KE030,KE030158,KE0301580790
Baringo,Baringo North,Saimo/Soi,KE030,KE030158,KE0301580791
Baringo,Baringo North,Bartabwa,KE030,KE030158,KE0301580792
Baringo,Baringo Central,Kabarnet,KE030,KE030159,KE0301590793
Baringo,Baringo Central,Sacho,KE030,KE030159,KE0301590794
Baringo,Baringo Central,Tenges,KE030,KE030159,KE0301590795
Baringo,Baringo Central,Ewalel/Chapchap,KE030,KE030159,KE0301590796
Baringo,Baringo Central,Kapropita,KE030,KE030159,KE0301590797
Baringo,Baringo South,Marigat,KE030,KE030160,KE0301600798
Baringo,Baringo South,Ilchamus,KE030,KE030160,KE0301600799
Baringo,Baringo South,Mochongoi,KE030,KE030160,KE0301600800
Baringo,Baringo South,Mukutan,KE030,KE030160,KE0301600801
Baringo,Mogotio,Mogotio,KE030,KE030161,KE0301610802
Baringo,Mogotio,Emining,KE030,KE030161,KE0301610803
Baringo,Mogotio,Kisanana,KE030,KE030161,KE0301610804
Baringo,Eldama Ravine,Lembus,KE030,KE030162,KE0301620805
Baringo,Eldama Ravine,Lembus Kwen,KE030,KE030162,KE0301620806
Baringo,Eldama Ravine,Ravine,KE030,KE030162,KE0301620807
Baringo,Eldama Ravine,Mumberes/Maji Mazuri,KE030,KE030162,KE0301620808
Baringo,Eldama Ravine,Lembus/Perkerra,KE030,KE030162,KE0301620809
Baringo,Eldama Ravine,Koibatek,KE030,KE030162,KE0301620810
Laikipia,Laikipia West,Ol-Moran,KE031,KE031163,KE0311630811
Laikipia,Laikipa West,Rumuruti Township,KE031,KE031163,KE0311630812
Laikipia,Laikipia West,Githiga,KE031,KE031163,KE0311630813
Laikipia,Laikipia West,Marmanet,KE031,KE031163,KE0311630814
Laikipia,Laikipia West,Igwamiti,KE031,KE031163,KE0311630815
Laikipia,Laikipia West,Salama,KE031,KE031163,KE0311630816
Laikipia,Laikipia East,Ngobit,KE031,KE031164,KE0311640817
Laikipia,Laikipia East,Tigithi,KE031,KE031164,KE0311640818
Laikipia,Laikipia East,Thingithu,KE031,KE031164,KE0311640819
Laikipia,Laikipia East,Nanyuki,KE031,KE031164,KE0311640820
Laikipia,Laikipia East,Umande,KE031,KE031164,KE0311640821
Laikipia,Laikipia North,Sosian,KE031,KE031165,KE0311650822
Laikipia,Laikipia North,Segera,KE031,KE031165,KE0311650823
Laikipia,Laikipia North,Mugogodo West,KE031,KE031165,KE0311650824
Laikipia,Laikipia North,Mugogodo East,KE031,KE031165,KE0311650825
Nakuru,Molo,Mariashoni,KE032,KE032166,KE0321660826
Nakuru,Molo,Elburgon,KE032,KE032166,KE0321660827
Nakuru,Molo,Turi,KE032,KE032166,KE0321660828
Nakuru,Molo,Molo,KE032,KE032166,KE0321660829
Nakuru,Njoro,Mau Narok,KE032,KE032167,KE0321670830
Nakuru,Njoro,Mauche,KE032,KE032167,KE0321670831
Nakuru,Njoro,Kihingo,KE032,KE032167,KE0321670832
Nakuru,Njoro,Nessuit,KE032,KE032167,KE0321670833
Nakuru,Njoro,Lare,KE032,KE032167,KE0321670834
Nakuru,Njoro,Njoro,KE032,KE032167,KE0321670835
Nakuru,Naivasha,Biashara,KE032,KE032168,KE0321680836
Nakuru,Naivasha,Hells Gate,KE032,KE032168,KE0321680837
Nakuru,Naivasha,Lake View,KE032,KE032168,KE0321680838
Nakuru,Naivasha,Maai Mahiu,KE032,KE032168,KE0321680839
Nakuru,Naivasha,Maiela,KE032,KE032168,KE0321680840
Nakuru,Naivasha,Olkaria,KE032,KE032168,KE0321680841
Nakuru,Naivasha,Naivasha East,KE032,KE032168,KE0321680842
Nakuru,Naivasha,Viwanda,KE032,KE032168,KE0321680843
Nakuru,Gilgil,Gilgil,KE032,KE032169,KE0321690844
Nakuru,Gilgil,Elementaita,KE032,KE032169,KE0321690845
Nakuru,Gilgil,Mbaruk/Eburru,KE032,KE032169,KE0321690846
Nakuru,Gilgil,Malewa West,KE032,KE032169,KE0321690847
Nakuru,Gilgil,Murindat,KE032,KE032169,KE0321690848
Nakuru,Kuresoi South,Amalo,KE032,KE032170,KE0321700849
Nakuru,Kuresoi South,Keringet,KE032,KE032170,KE0321700850
Nakuru,Kuresoi South,Kiptagich,KE032,KE032170,KE0321700851
Nakuru,Kuresoi South,Tinet,KE032,KE032170,KE0321700852
Nakuru,Kuresoi North,Kiptororo,KE032,KE032171,KE0321710853
Nakuru,Kuresoi North,Nyota,KE032,KE032171,KE0321710854
Nakuru,Kuresoi North,Sirikwa,KE032,KE032171,KE0321710855
Nakuru,Kuresoi North,Kamara,KE032,KE032171,KE0321710856
Nakuru,Subukia,Subukia,KE032,KE032172,KE0321720857
Nakuru,Subukia,Waseges,KE032,KE032172,KE0321720858
Nakuru,Subukia,Kabazi,KE032,KE032172,KE0321720859
Nakuru,Rongai,Menengai West,KE032,KE032173,KE0321730860
Nakuru,Rongai,Soin,KE032,KE032173,KE0321730861
Nakuru,Rongai,Visoi,KE032,KE032173,KE0321730862
Nakuru,Rongai,Mosop,KE032,KE032173,KE0321730863
Nakuru,Rongai,Solai,KE032,KE032173,KE0321730864
Nakuru,Bahati,Dundori,KE032,KE032174,KE0321740865
Nakuru,Bahati,Kabatini,KE032,KE032174,KE0321740866
Nakuru,Bahati,Kiamaina,KE032,KE032174,KE0321740867
Nakuru,Bahati,Lanet/Umoja,KE032,KE032174,KE0321740868
Nakuru,Bahati,Bahati,KE032,KE032174,KE0321740869
Nakuru,Nakuru Town West,Barut,KE032,KE032175,KE0321750870
Nakuru,Nakuru Town West,London,KE032,KE032175,KE0321750871
Nakuru,Nakuru Town West,Kaptembwo,KE032,KE032175,KE0321750872
Nakuru,Nakuru Town West,Kapkures,KE032,KE032175,KE0321750873
Nakuru,Nakuru Town West,Rhoda,KE032,KE032175,KE0321750874
Nakuru,Nakuru Town West,Shaabab,KE032,KE032175,KE0321750875
Nakuru,Nakuru Town East,Biashara,KE032,KE032176,KE0321760876
Nakuru,Nakuru Town East,Kivumbini,KE032,KE032176,KE0321760877
Nakuru,Nakuru Town East,Flamingo,KE032,KE032176,KE0321760878
Nakuru,Nakuru Town East,Menengai,KE032,KE032176,KE0321760879
Nakuru,Nakuru Town East,Nakuru East,KE032,KE032176,KE0321760880
Narok,Kilgoris,Kilgoris Central,KE033,KE033177,KE0331770881
Narok,Kilgoris,Keyian,KE033,KE033177,KE0331770882
Narok,Kilgoris,Angata Barikoi,KE033,KE033177,KE0331770883
Narok,Kilgoris,Shankoe,KE033,KE033177,KE0331770884
Narok,Kilgoris,Kimentet,KE033,KE033177,KE0331770885
Narok,Kilgoris,Lolgorian,KE033,KE033177,KE0331770886
Narok,Emurua Dikirr,Ilkerin,KE033,KE033178,KE0331780887
Narok,Emurua Dikirr,Ololmasani,KE033,KE033178,KE0331780888
Narok,Emurua Dikirr,Mogondo,KE033,KE033178,KE0331780889
Narok,Emurua Dikirr,Kapsasian,KE033,KE033178,KE0331780890
Narok,Narok North,Olposimoru,KE033,KE033179,KE0331790891
Narok,Narok North,Olokurto,KE033,KE033179,KE0331790892
Narok,Narok North,Narok Town,KE033,KE033179,KE0331790893
Narok,Narok North,Nkareta,KE033,KE033179,KE0331790894
Narok,Narok North,Olorropil,KE033,KE033179,KE0331790895
Narok,Narok North,Melili,KE033,KE033179,KE0331790896
Narok,Narok East,Mosiro,KE033,KE033180,KE0331800897
Narok,Narok East,Ildamat,KE033,KE033180,KE0331800898
Narok,Narok East,Keekonyokie,KE033,KE033180,KE0331800899
Narok,Narok East,Suswa,KE033,KE033180,KE0331800900
Narok,Narok South,Maji Moto/Naroosura,KE033,KE033181,KE0331810901
Narok,Narok South,Ololulung'a,KE033,KE033181,KE0331810902
Narok,Narok South,Melelo,KE033,KE033181,KE0331810903
Narok,Narok South,Loita,KE033,KE033181,KE0331810904
Narok,Narok South,Sogoo,KE033,KE033181,KE0331810905
Narok,Narok South,Sagamian,KE033,KE033181,KE0331810906
Narok,Narok West,Ilmotiok,KE033,KE033182,KE0331820907
Narok,Narok West,Mara,KE033,KE033182,KE0331820908
Narok,Narok West,Siana,KE033,KE033182,KE0331820909
Narok,Narok West,Naikarra,KE033,KE033182,KE0331820910
Kajiado,Kajiado North,Olkeri,KE034,KE034183,KE0341830911
Kajiado,Kajiado North,Ongat Rongai,KE034,KE034183,KE0341830912
Kajiado,Kajiado North,Nkaimurunya,KE034,KE034183,KE0341830913
Kajiado,Kajiado North,Oloolua,KE034,KE034183,KE0341830914
Kajiado,Kajiado North,Ngong,KE034,KE034183,KE0341830915
Kajiado,Kajiado Central,Purko,KE034,KE034184,KE0341840916
Kajiado,Kajiado Central,Ildamat,KE034,KE034184,KE0341840917
Kajiado,Kajiado Central,Dalalekutuk,KE034,KE034184,KE0341840918
Kajiado,Kajiado Central,Matapato North,KE034,KE034184,KE0341840919
Kajiado,Kajiado Central,Matapato South,KE034,KE034184,KE0341840920
Kajiado,Kajiado East,Kaputiei North,KE034,KE034185,KE0341850921
Kajiado,Kajiado East,Kitengela,KE034,KE034185,KE0341850922
Kajiado,Kajiado East,Oloosirkon/Sholinke,KE034,KE034185,KE0341850923
Kajiado,Kajiado East,Kenyewa-Poka,KE034,KE034185,KE0341850924
Kajiado,Kajiado East,Imaroro,KE034,KE034185,KE0341850925
Kajiado,Kajiado West,Keekonyokie,KE034,KE034186,KE0341860926
Kajiado,Kajiado West,Oloodokilan,KE034,KE034186,KE0341860927
Kajiado,Kajiado West,Magadi,KE034,KE034186,KE0341860928
Kajiado,Kajiado West,Ewuaso Kedong,KE034,KE034186,KE0341860929
Kajiado,Kajiado West,Mosiro,KE034,KE034186,KE0341860930
Kajiado,Kajiado South,Entonet/Lengism,KE034,KE034187,KE0341870931
Kajiado,Kajiado South,Imbirikani/Esselengei,KE034,KE034187,KE0341870932
Kajiado,Kajiado South,Kuku,KE034,KE034187,KE0341870933
Kajiado,Kajiado South,Rombo,KE034,KE034187,KE0341870934
Kajiado,Kajiado South,Kimana,KE034,KE034187,KE0341870935
Kericho,Kipkelion East,Londiani,KE035,KE035188,KE0351880936
Kericho,Kipkelion East,Kedowa/Kimugul,KE035,KE035188,KE0351880937
Kericho,Kipkelion East,Chepseon,KE035,KE035188,KE0351880938
Kericho,Kipkelion East,Tendeno/Sorget,KE035,KE035188,KE0351880939
Kericho,Kipkelion West,Kunyak,KE035,KE035189,KE0351890940
Kericho,Kipkelion West,Kamasian,KE035,KE035189,KE0351890941
Kericho,Kipkelion West,Kipkelion,KE035,KE035189,KE0351890942
Kericho,Kipkelion West,Chilchila,KE035,KE035189,KE0351890943
Kericho,Ainamoi,Kapsoit,KE035,KE035190,KE0351900944
Kericho,Ainamoi,Ainamoi,KE035,KE035190,KE0351900945
Kericho,Ainamoi,Kapkugerwet,KE035,KE035190,KE0351900946
Kericho,Ainamoi,Kipchebor,KE035,KE035190,KE0351900947
Kericho,Ainamoi,Kipchimchim,KE035,KE035190,KE0351900948
Kericho,Ainamoi,Kapsaos,KE035,KE035190,KE0351900949
Kericho,Bureti,Kisiara,KE035,KE035191,KE0351910950
Kericho,Bureti,Tebesonik,KE035,KE035191,KE0351910951
Kericho,Bureti,Cheboin,KE035,KE035191,KE0351910952
Kericho,Bureti,Chemosot,KE035,KE035191,KE0351910953
Kericho,Bureti,Litein,KE035,KE035191,KE0351910954
Kericho,Bureti,Cheplanget,KE035,KE035191,KE0351910955
Kericho,Bureti,Kapkatet,KE035,KE035191,KE0351910956
Kericho,Belgut,Waldai,KE035,KE035192,KE0351920957
Kericho,Belgut,Kabianga,KE035,KE035192,KE0351920958
Kericho,Belgut,Cheptororiet/Seretut,KE035,KE035192,KE0351920959
Kericho,Belgut,Chaik,KE035,KE035192,KE0351920960
Kericho,Ainamoi,Kapsuser,KE035,KE035192,KE0351920961
Kericho,Sigowet/Soin,Sigowet,KE035,KE035193,KE0351930962
Kericho,Sigowet/Soin,Kaplelartet,KE035,KE035193,KE0351930963
Kericho,Sigowet/Soin,Soliat,KE035,KE035193,KE0351930964
Kericho,Sigowet/Soin,Soin,KE035,KE035193,KE0351930965
Bomet,Sotik,Ndanai/Abosi,KE036,KE036194,KE0361940966
Bomet,Sotik,Chemagel,KE036,KE036194,KE0361940967
Bomet,Sotik,Kipsonoi,KE036,KE036194,KE0361940968
Bomet,Sotik,Kapletundo,KE036,KE036194,KE0361940969
Bomet,Sotik,Rongena/Chebilat,KE036,KE036194,KE0361940970
Bomet,Chepalungu,Kong'asis,KE036,KE036195,KE0361950971
Bomet,Chepalungu,Nyangores,KE036,KE036195,KE0361950972
Bomet,Chepalungu,Sigor,KE036,KE036195,KE0361950973
Bomet,Chepalungu,Chebunyo,KE036,KE036195,KE0361950974
Bomet,Chepalungu,Siongiroi,KE036,KE036195,KE0361950975
Bomet,Bomet East,Merigi,KE036,KE036196,KE0361960976
Bomet,Bomet East,Kembu,KE036,KE036196,KE0361960977
Bomet,Bomet East,Longisa,KE036,KE036196,KE0361960978
Bomet,Bomet East,Kipreres,KE036,KE036196,KE0361960979
Bomet,Bomet East,Chemaner,KE036,KE036196,KE0361960980
Bomet,Bomet Central,Silibwet Township,KE036,KE036197,KE0361970981
Bomet,Bomet Central,Ndaraweta,KE036,KE036197,KE0361970982
Bomet,Bomet Central,Sigorwet,KE036,KE036197,KE0361970983
Bomet,Bomet Central,Cheseon,KE036,KE036197,KE0361970984
Bomet,Bomet Central,Mutarakwa,KE036,KE036197,KE0361970985
Bomet,Konoin,Chepchabas,KE036,KE036198,KE0361980986
Bomet,Konoin,Kimulot,KE036,KE036198,KE0361980987
Bomet,Konoin,Mogogosieki,KE036,KE036198,KE0361980988
Bomet,Konoin,Boito,KE036,KE036198,KE0361980989
Bomet,Konoin,Embomos,KE036,KE036198,KE0361980990
Kakamega,Lugari,Mautuma,KE037,KE037199,KE0371990991
Kakamega,Lugari,Lugari,KE037,KE037199,KE0371990992
Kakamega,Lugari,Lumakanda,KE037,KE037199,KE0371990993
Kakamega,Lugari,Chekalini,KE037,KE037199,KE0371990994
Kakamega,Lugari,Chevaywa,KE037,KE037199,KE0371990995
Kakamega,Lugari,Luandeti,KE037,KE037199,KE0371990996
Kakamega,Likuyani,Likuyani,KE037,KE037200,KE0372000997
Kakamega,Likuyani,Sango,KE037,KE037200,KE0372000998
Kakamega,Likuyani,Kongoni,KE037,KE037200,KE0372000999
Kakamega,Likuyani,Nzoia,KE037,KE037200,KE0372001000
Kakamega,Likuyani,Sinoko,KE037,KE037200,KE0372001001
Kakamega,Malava,West Kabras,KE037,KE037201,KE0372011002
Kakamega,Malava,Chemuche,KE037,KE037201,KE0372011003
Kakamega,Malava,East Kabras,KE037,KE037201,KE0372011004
Kakamega,Malava,Butali/Chegulo,KE037,KE037201,KE0372011005
Kakamega,Malava,Manda/Shivanga,KE037,KE037201,KE0372011006
Kakamega,Malava,Shirugu/Mugai,KE037,KE037201,KE0372011007
Kakamega,Malava,South Kabras,KE037,KE037201,KE0372011008
Kakamega,Lurambi,Butsotso East,KE037,KE037202,KE0372021009
Kakamega,Lurambi,South Butsotso,KE037,KE037202,KE0372021010
Kakamega,Lurambi,Central Butsotso,KE037,KE037202,KE0372021011
Kakamega,Lurambi,Shieywe,KE037,KE037202,KE0372021012
Kakamega,Lurambi,Mahiakalo,KE037,KE037202,KE0372021013
Kakamega,Lurambi,Shirere,KE037,KE037202,KE0372021014
Kakamega,Navakholo,Ingotse-Matiha,KE037,KE037203,KE0372031015
Kakamega,Navakholo,Shinoyi-Shikomari-Esumeiya,KE037,KE037203,KE0372031016
Kakamega,Navakholo,Bunyala West,KE037,KE037203,KE0372031017
Kakamega,Navakholo,Bunyala East,KE037,KE037203,KE0372031018
Kakamega,Navakholo,Bunyala Central,KE037,KE037203,KE0372031019
Kakamega,Mumias West,Mumias Central,KE037,KE037204,KE0372041020
Kakamega,Mumias West,Mumias North,KE037,KE037204,KE0372041021
Kakamega,Mumias West,Etenje,KE037,KE037204,KE0372041022
Kakamega,Mumias West,Musanda,KE037,KE037204,KE0372041023
Kakamega,Mumias East,Lusheya/Lubinu,KE037,KE037205,KE0372051024
Kakamega,Mumias East,Malaha/Isongo/Makunga,KE037,KE037205,KE0372051025
Kakamega,Mumias East,East Wanga,KE037,KE037205,KE0372051026
Kakamega,Matungu,Koyonzo,KE037,KE037206,KE0372061027
Kakamega,Matungu,Kholera,KE037,KE037206,KE0372061028
Kakamega,Matungu,Khalaba,KE037,KE037206,KE0372061029
Kakamega,Matungu,Mayoni,KE037,KE037206,KE0372061030
Kakamega,Matungu,Namamali,KE037,KE037206,KE0372061031
Kakamega,Butere,Marama West,KE037,KE037207,KE0372071032
Kakamega,Butere,Marama Central,KE037,KE037207,KE0372071033
Kakamega,Butere,Marenyo/Shianda,KE037,KE037207,KE0372071034
Kakamega,Butere,Marama North,KE037,KE037207,KE0372071035
Kakamega,Butere,Marama South,KE037,KE037207,KE0372071036
Kakamega,Khwisero,Kisa North,KE037,KE037208,KE0372081037
Kakamega,Khwisero,Kisa East,KE037,KE037208,KE0372081038
Kakamega,Khwisero,Kisa West,KE037,KE037208,KE0372081039
Kakamega,Khwisero,Kisa Central,KE037,KE037208,KE0372081040
Kakamega,Shinyalu,Isukha North,KE037,KE037209,KE0372091041
Kakamega,Shinyalu,Murhanda,KE037,KE037209,KE0372091042
Kakamega,Shinyalu,Isukha Central,KE037,KE037209,KE0372091043
Kakamega,Shinyalu,Isukha South,KE037,KE037209,KE0372091044
Kakamega,Shinyalu,Isukha East,KE037,KE037209,KE0372091045
Kakamega,Shinyalu,Isukha West,KE037,KE037209,KE0372091046
Kakamega,Ikolomani,Idakho South,KE037,KE037210,KE0372101047
Kakamega,Ikolomani,Idakho East,KE037,KE037210,KE0372101048
Kakamega,Ikolomani,Idakho North,KE037,KE037210,KE0372101049
Kakamega,Ikolomani,Idakho Central,KE037,KE037210,KE0372101050
Vihiga,Vihiga,Lugaga/Wamuluma,KE038,KE038211,KE0382111051
Vihiga,Vihiga,South Maragoli,KE038,KE038211,KE0382111052
Vihiga,Vihiga,Central Maragoli,KE038,KE038211,KE0382111053
Vihiga,Vihiga,Mungoma,KE038,KE038211,KE0382111054
Vihiga,Sabatia,Lyaywa/Izava,KE038,KE038212,KE0382121055
Vihiga,Sabatia,Sabatia West,KE038,KE038212,KE0382121056
Vihiga,Sabatia,Chavakali,KE038,KE038212,KE0382121057
Vihiga,Sabatia,North Maragoli,KE038,KE038212,KE0382121058
Vihiga,Sabatia,Wodanga,KE038,KE038212,KE0382121059
Vihiga,Sabatia,Busali,KE038,KE038212,KE0382121060
Vihiga,Hamisi,Shiru,KE038,KE038213,KE0382131061
Vihiga,Hamisi,Gisambai,KE038,KE038213,KE0382131062
Vihiga,Hamisi,Shamakhokho,KE038,KE038213,KE0382131063
Vihiga,Hamisi,Banja,KE038,KE038213,KE0382131064
Vihiga,Hamisi,Muhudu,KE038,KE038213,KE0382131065
Vihiga,Hamisi,Tambua,KE038,KE038213,KE0382131066
Vihiga,Hamisi,Jepkoyai,KE038,KE038213,KE0382131067
Vihiga,Luanda,Luanda Township,KE038,KE038214,KE0382141068
Vihiga,Luanda,Wemilabi,KE038,KE038214,KE0382141069
Vihiga,Luanda,Mwibona,KE038,KE038214,KE0382141070
Vihiga,Luanda,Luanda South,KE038,KE038214,KE0382141071
Vihiga,Luanda,Emabungo,KE038,KE038214,KE0382141072
Vihiga,Emuhaya,North East Bunyore,KE038,KE038215,KE0382151073
Vihiga,Emuhaya,Central Bunyore,KE038,KE038215,KE0382151074
Vihiga,Emuhaya,West Bunyore,KE038,KE038215,KE0382151075
Bungoma,Mt Elgon,Cheptais,KE039,KE039216,KE0392161076
Bungoma,Mt Elgon,Chesikaki,KE039,KE039216,KE0392161077
Bungoma,Mt Elgon,Chepyuk,KE039,KE039216,KE0392161078
Bungoma,Mt Elgon,Kapkateny,KE039,KE039216,KE0392161079
Bungoma,Mt Elgon,Kaptama,KE039,KE039216,KE0392161080
Bungoma,Mt Elgon,Elgon,KE039,KE039216,KE0392161081
Bungoma,Sirisia,Namwela,KE039,KE039217,KE0392171082
Bungoma,Sirisia,Malakisi/South Kulisiru,KE039,KE039217,KE0392171083
Bungoma,Sirisia,Lwandanyi,KE039,KE039217,KE0392171084
Bungoma,Kabuchai,Kabuchai/Chwele,KE039,KE039218,KE0392181085
Bungoma,Kabuchai,West Nalondo,KE039,KE039218,KE0392181086
Bungoma,Kabuchai,Bwake/Luuya,KE039,KE039218,KE0392181087
Bungoma,Kabuchai,Mukuyuni,KE039,KE039218,KE0392181088
Bungoma,Bumula,South Bukusu,KE039,KE039219,KE0392191089
Bungoma,Bumula,Bumula,KE039,KE039219,KE0392191090
Bungoma,Bumula,Khasoko,KE039,KE039219,KE0392191091
Bungoma,Bumula,Kabula,KE039,KE039219,KE0392191092
Bungoma,Bumula,Kimaeti,KE039,KE039219,KE0392191093
Bungoma,Bumula,West Bukusu,KE039,KE039219,KE0392191094
Bungoma,Bumula,Siboti,KE039,KE039219,KE0392191095
Bungoma,Kanduyi,Bukembe West,KE039,KE039220,KE0392201096
Bungoma,Kanduyi,Bukembe East,KE039,KE039220,KE0392201097
Bungoma,Kanduyi,Township,KE039,KE039220,KE0392201098
Bungoma,Kanduyi,Khalaba,KE039,KE039220,KE0392201099
Bungoma,Kanduyi,Musikoma,KE039,KE039220,KE0392201100
Bungoma,Kanduyi,East Sang'alo,KE039,KE039220,KE0392201101
Bungoma,Kanduyi,Marakary/Tuuti,KE039,KE039220,KE0392201102
Bungoma,Kanduyi,West Sang'alo,KE039,KE039220,KE0392201103
Bungoma,Webuye East,Mihuu,KE039,KE039221,KE0392211104
Bungoma,Webuye East,Ndivisi,KE039,KE039221,KE0392211105
Bungoma,Webuye East,Maraka,KE039,KE039221,KE0392211106
Bungoma,Webuye West,Misikhu,KE039,KE039222,KE0392221107
Bungoma,Webuye West,Sitikho,KE039,KE039222,KE0392221108
Bungoma,Webuye West,Matulo,KE039,KE039222,KE0392221109
Bungoma,Webuye West,Bokoli,KE039,KE039222,KE0392221110
Bungoma,Kimilili,Kibingei,KE039,KE039223,KE0392231111
Bungoma,Kimilili,Kimilili,KE039,KE039223,KE0392231112
Bungoma,Kimilili,Maeni,KE039,KE039223,KE0392231113
Bungoma,Kimilili,Kamukuywa,KE039,KE039223,KE0392231114
Bungoma,Tongaren,Mbakalo,KE039,KE039224,KE0392241115
Bungoma,Tongaren,Naitiri/Kabuyefwe,KE039,KE039224,KE0392241116
Bungoma,Tongaren,Milima,KE039,KE039224,KE0392241117
Bungoma,Tongaren,Ndalu,KE039,KE039224,KE0392241118
Bungoma,Tongaren,Tongaren,KE039,KE039224,KE0392241119
Bungoma,Tongaren,Soysambu/Mitua,KE039,KE039224,KE0392241120
Busia,Teso North,Malaba Central,KE040,KE040225,KE0402251121
Busia,Teso North,Malaba North,KE040,KE040225,KE0402251122
Busia,Teso North,Ang'urai South,KE040,KE040225,KE0402251123
Busia,Teso North,Ang'urai North,KE040,KE040225,KE0402251124
Busia,Teso North,Ang'urai East,KE040,KE040225,KE0402251125
Busia,Teso North,Malaba South,KE040,KE040225,KE0402251126
Busia,Teso South,Angorom,KE040,KE040226,KE0402261127
Busia,Teso South,Chakol South,KE040,KE040226,KE0402261128
Busia,Teso South,Chakol North,KE040,KE040226,KE0402261129
Busia,Teso South,Amukura West,KE040,KE040226,KE0402261130
Busia,Teso South,Amukura East,KE040,KE040226,KE0402261131
Busia,Teso South,Amukura Central,KE040,KE040226,KE0402261132
Busia,Nambale,Nambale,KE040,KE040227,KE0402271133
Busia,Nambale,Bukhayo North/Walatsi,KE040,KE040227,KE0402271134
Busia,Nambale,Bukhayo East,KE040,KE040227,KE0402271135
Busia,Nambale,Bukhayo Central,KE040,KE040227,KE0402271136
Busia,Matayos,Bukhayo West,KE040,KE040228,KE0402281137
Busia,Matayos,Mayenje,KE040,KE040228,KE0402281138
Busia,Matayos,Matayos South,KE040,KE040228,KE0402281139
Busia,Matayos,Busibwabo,KE040,KE040228,KE0402281140
Busia,Matayos,Burumba,KE040,KE040228,KE0402281141
Busia,Butula,Marachi West,KE040,KE040229,KE0402291142
Busia,Butula,Kingandole,KE040,KE040229,KE0402291143
Busia,Butula,Marachi Central,KE040,KE040229,KE0402291144
Busia,Butula,Marachi East,KE040,KE040229,KE0402291145
Busia,Butula,Marachi North,KE040,KE040229,KE0402291146
Busia,Butula,Elugulu,KE040,KE040229,KE0402291147
Busia,Funyula,Namboboto/Nambuku,KE040,KE040230,KE0402301148
Busia,Funyula,Nangina,KE040,KE040230,KE0402301149
Busia,Funyula,Ageng'a Nanguba,KE040,KE040230,KE0402301150
Busia,Funyula,Bwiri,KE040,KE040230,KE0402301151
Busia,Budalangi,Bunyala Central,KE040,KE040231,KE0402311152
Busia,Budalangi,Bunyala North,KE040,KE040231,KE0402311153
Busia,Budalangi,Bunyala West,KE040,KE040231,KE0402311154
Busia,Budalangi,Bunyala South,KE040,KE040231,KE0402311155
Siaya,Ugenya,West Ugenya,KE041,KE041232,KE0412321156
Siaya,Ugenya,Ukwala,KE041,KE041232,KE0412321157
Siaya,Ugenya,North Ugenya,KE041,KE041232,KE0412321158
Siaya,Ugenya,East Ugenya,KE041,KE041232,KE0412321159
Siaya,Ugunja,Sidindi,KE041,KE041233,KE0412331160
Siaya,Ugunja,Sigomere,KE041,KE041233,KE0412331161
Siaya,Ugunja,Ugunja,KE041,KE041233,KE0412331162
Siaya,Alego Usonga,Usonga,KE041,KE041234,KE0412341163
Siaya,Alego Usonga,West Alego,KE041,KE041234,KE0412341164
Siaya,Alego Usonga,Central Alego,KE041,KE041234,KE0412341165
Siaya,Alego Usonga,Siaya Township,KE041,KE041234,KE0412341166
Siaya,Alego Usonga,North Alego,KE041,KE041234,KE0412341167
Siaya,Alego Usonga,South East Alego,KE041,KE041234,KE0412341168
Siaya,Gem,North Gem,KE041,KE041235,KE0412351169
Siaya,Gem,West Gem,KE041,KE041235,KE0412351170
Siaya,Gem,Central Gem,KE041,KE041235,KE0412351171
Siaya,Gem,Yala Township,KE041,KE041235,KE0412351172
Siaya,Gem,East Gem,KE041,KE041235,KE0412351173
Siaya,Gem,South Gem,KE041,KE041235,KE0412351174
Siaya,Bondo,West Yimbo,KE041,KE041236,KE0412361175
Siaya,Bondo,Central Sakwa,KE041,KE041236,KE0412361176
Siaya,Bondo,South Sakwa,KE041,KE041236,KE0412361177
Siaya,Bondo,Yimbo East,KE041,KE041236,KE0412361178
Siaya,Bondo,West Sakwa,KE041,KE041236,KE0412361179
Siaya,Bondo,North Sakwa,KE041,KE041236,KE0412361180
Siaya,Rarieda,East Asembo,KE041,KE041237,KE0412371181
Siaya,Rarieda,West Asembo,KE041,KE041237,KE0412371182
Siaya,Rarieda,North Uyoma,KE041,KE041237,KE0412371183
Siaya,Rarieda,South Uyoma,KE041,KE041237,KE0412371184
Siaya,Rarieda,West Uyoma,KE041,KE041237,KE0412371185
Kisumu,Kisumu East,Kajulu,KE042,KE042238,KE0422381186
Kisumu,Kisumu East,Kolwa East,KE042,KE042238,KE0422381187
Kisumu,Kisumu East,Manyatta 'B',KE042,KE042238,KE0422381188
Kisumu,Kisumu East,Nyalenda 'A',KE042,KE042238,KE0422381189
Kisumu,Kisumu East,Kolwa Central,KE042,KE042238,KE0422381190
Kisumu,Kisumu West,South West Kisumu,KE042,KE042239,KE0422391191
Kisumu,Kisumu West,Central Kisumu,KE042,KE042239,KE0422391192
Kisumu,Kisumu West,Kisumu North,KE042,KE042239,KE0422391193
Kisumu,Kisumu West,West Kisumu,KE042,KE042239,KE0422391194
Kisumu,Kisumu West,North West Kisumu,KE042,KE042239,KE0422391195
Kisumu,Kisumu Central,Railways,KE042,KE042240,KE0422401196
Kisumu,Kisumu Central,Migosi,KE042,KE042240,KE0422401197
Kisumu,Kisumu Central,Shauri Moyo/Kaloleni,KE042,KE042240,KE0422401198
Kisumu,Kisumu Central,Market Milimani,KE042,KE042240,KE0422401199
Kisumu,Kisumu Central,Kondele,KE042,KE042240,KE0422401200
Kisumu,Kisumu Central,Nyalenda 'B',KE042,KE042240,KE0422401201
Kisumu,Seme,West Seme,KE042,KE042241,KE0422411202
Kisumu,Seme,Central Seme,KE042,KE042241,KE0422411203
Kisumu,Seme,East Seme,KE042,KE042241,KE0422411204
Kisumu,Seme,North Seme,KE042,KE042241,KE0422411205
Kisumu,Nyando,East Kano/Wawidhi,KE042,KE042242,KE0422421206
Kisumu,Nyando,Awasi/Onjiko,KE042,KE042242,KE0422421207
Kisumu,Nyando,Ahero,KE042,KE042242,KE0422421208
Kisumu,Nyando,Kabonyo/Kanyagwal,KE042,KE042242,KE0422421209
Kisumu,Nyando,Kobura,KE042,KE042242,KE0422421210
Kisumu,Muhoroni,Miwani,KE042,KE042243,KE0422431211
Kisumu,Muhoroni,Ombeyi,KE042,KE042243,KE0422431212
Kisumu,Muhoroni,Masogo/Nyang'oma,KE042,KE042243,KE0422431213
Kisumu,Muhoroni,Chemilil,KE042,KE042243,KE0422431214
Kisumu,Muhoroni,Muhoroni Koru,KE042,KE042243,KE0422431215
Kisumu,Nyakach,South West Nyakach,KE042,KE042244,KE0422441216
Kisumu,Nyakach,North Nyakach,KE042,KE042244,KE0422441217
Kisumu,Nyakach,Central Nyakach,KE042,KE042244,KE0422441218
Kisumu,Nyakach,West Nyakach,KE042,KE042244,KE0422441219
Kisumu,Nyakach,South East Nyakach,KE042,KE042244,KE0422441220
Homa Bay,Kasipul,West Kasipul,KE043,KE043245,KE0432451221
Homa Bay,Kasipul,South Kasipul,KE043,KE043245,KE0432451222
Homa Bay,Kasipul,Central Kasipul,KE043,KE043245,KE0432451223
Homa Bay,Kasipul,East Kamagak,KE043,KE043245,KE0432451224
Homa Bay,Kasipul,West Kamagak,KE043,KE043245,KE0432451225
Homa Bay,Kabondo Kasipul,Kabondo East,KE043,KE043246,KE0432461226
Homa Bay,Kabondo Kasipul,Kabondo West,KE043,KE043246,KE0432461227
Homa Bay,Kabondo Kasipul,Kokwanyo/Kakelo,KE043,KE043246,KE0432461228
Homa Bay,Kabondo Kasipul,Kojwach,KE043,KE043246,KE0432461229
Homa Bay,Karachuonyo,West Karachuonyo,KE043,KE043247,KE0432471230
Homa Bay,Karachuonyo,North Karachuonyo,KE043,KE043247,KE0432471231
Homa Bay,Karachuonyo,Central,KE043,KE043247,KE0432471232
Homa Bay,Karachuonyo,Kanyaluo,KE043,KE043247,KE0432471233
Homa Bay,Karachuonyo,Kibiri,KE043,KE043247,KE0432471234
Homa Bay,Karachuonyo,Wang'chieng,KE043,KE043247,KE0432471235
Homa Bay,Karachuonyo,Kendu Bay Town,KE043,KE043247,KE0432471236
Homa Bay,Rangwe,West Gem,KE043,KE043248,KE0432481237
Homa Bay,Rangwe,East Gem,KE043,KE043248,KE0432481238
Homa Bay,Rangwe,Kagan,KE043,KE043248,KE0432481239
Homa Bay,Rangwe,Kochia,KE043,KE043248,KE0432481240
Homa Bay,Homa Bay Town,Homa Bay Central,KE043,KE043249,KE0432491241
Homa Bay,Homa Bay Town,Homa Bay Arujo,KE043,KE043249,KE0432491242
Homa Bay,Homa Bay Town,Homa Bay West,KE043,KE043249,KE0432491243
Homa Bay,Homa Bay Town,Homa Bay East,KE043,KE043249,KE0432491244
Homa Bay,Ndhiwa,Kwabwai,KE043,KE043250,KE0432501245
Homa Bay,Ndhiwa,Kanyadoto,KE043,KE043250,KE0432501246
Homa Bay,Ndhiwa,Kanyikela,KE043,KE043250,KE0432501247
Homa Bay,Ndhiwa,Kabuoch North,KE043,KE043250,KE0432501248
Homa Bay,Ndhiwa,Kabuoch/Pala,KE043,KE043250,KE0432501249
Homa Bay,Ndhiwa,Kanyamwa Kologi,KE043,KE043250,KE0432501250
Homa Bay,Ndhiwa,Kanyamwa Kosewe,KE043,KE043250,KE0432501251
Homa Bay,Suba North,Mfangano Island,KE043,KE043251,KE0432511252
Homa Bay,Suba North,Rusinga Island,KE043,KE043251,KE0432511253
Homa Bay,Suba North,Kasgunga,KE043,KE043251,KE0432511254
Homa Bay,Suba North,Gembe,KE043,KE043251,KE0432511255
Homa Bay,Suba North,Lambwe,KE043,KE043251,KE0432511256
Homa Bay,Suba South,Gwassi South,KE043,KE043252,KE0432521257
Homa Bay,Suba South,Gwassi North,KE043,KE043252,KE0432521258
Homa Bay,Suba South,Kaksingiri West,KE043,KE043252,KE0432521259
Homa Bay,Suba South,Kaksingiri East,KE043,KE043252,KE0432521260
Migori,Rongo,North Kamagambo,KE044,KE044253,KE0442531261
Migori,Rongo,Central Kamagambo,KE044,KE044253,KE0442531262
Migori,Rongo,East Kamagambo,KE044,KE044253,KE0442531263
Migori,Rongo,South Kamagambo,KE044,KE044253,KE0442531264
Migori,Awendo,North Sakwa,KE044,KE044254,KE0442541265
Migori,Awendo,South Sakwa,KE044,KE044254,KE0442541266
Migori,Awendo,West Sakwa,KE044,KE044254,KE0442541267
Migori,Awendo,Central Sakwa,KE044,KE044254,KE0442541268
Migori,Suna East,God Jope,KE044,KE044255,KE0442551269
Migori,Suna East,Suna Central,KE044,KE044255,KE0442551270
Migori,Suna East,Kakrao,KE044,KE044255,KE0442551271
Migori,Suna East,Kwa,KE044,KE044255,KE0442551272
Migori,Suna West,Wiga,KE044,KE044256,KE0442561273
Migori,Suna West,Wasweta Ii,KE044,KE044256,KE0442561274
Migori,Suna West,Ragana-Oruba,KE044,KE044256,KE0442561275
Migori,Suna West,Wasimbete,KE044,KE044256,KE0442561276
Migori,Uriri,West Kanyamkago,KE044,KE044257,KE0442571277
Migori,Uriri,North Kanyamkago,KE044,KE044257,KE0442571278
Migori,Uriri,Central Kanyamkago,KE044,KE044257,KE0442571279
Migori,Uriri,South Kanyamkago,KE044,KE044257,KE0442571280
Migori,Uriri,East Kanyamkago,KE044,KE044257,KE0442571281
Migori,Nyatike,Kachieng,KE044,KE044258,KE0442581282
Migori,Nyatike,Kanyasa,KE044,KE044258,KE0442581283
Migori,Nyatike,North Kadem,KE044,KE044258,KE0442581284
Migori,Nyatike,Macalder/Kanyaruanda,KE044,KE044258,KE0442581285
Migori,Nyatike,Kaler,KE044,KE044258,KE0442581286
Migori,Nyatike,Got Kachola,KE044,KE044258,KE0442581287
Migori,Nyatike,Muhuru,KE044,KE044258,KE0442581288
Migori,Kuria West,Bukira East,KE044,KE044259,KE0442591289
Migori,Kuria West,Bukira Central/Ikerege,KE044,KE044259,KE0442591290
Migori,Kuria West,Isibania,KE044,KE044259,KE0442591291
Migori,Kuria West,Mokerero,KE044,KE044259,KE0442591292
Migori,Kuria West,Masaba,KE044,KE044259,KE0442591293
Migori,Kuria West,Tagare,KE044,KE044259,KE0442591294
Migori,Kuria West,Nyamosense'komosoko,KE044,KE044259,KE0442591295
Migori,Kuria West,Gokeharaka/Getabwega,KE044,KE044259,KE0442591296
Migori,Kuria East,Ntimaru West,KE044,KE044260,KE0442601297
Migori,Kuria East,Ntimaru East,KE044,KE044260,KE0442601298
Migori,Kuria East,Nyabasi East,KE044,KE044260,KE0442601299
Migori,Kuria East,Nyabasi West,KE044,KE044260,KE0442601300
Kisii,Bonchari,Bomariba,KE045,KE045261,KE0452611301
Kisii,Bonchari,Bokiakumi,KE045,KE045261,KE0452611302
Kisii,Bonchari,Bomorenda,KE045,KE045261,KE0452611303
Kisii,Bonchari,Riana,KE045,KE045261,KE0452611304
Kisii,South Migirango,Tabaka,KE045,KE045262,KE0452621305
Kisii,South Mugirango,Boikanga,KE045,KE045262,KE0452621306
Kisii,South Mugirango,Bogetenga,KE045,KE045262,KE0452621307
Kisii,South Mugirango,Borabu/Chitago,KE045,KE045262,KE0452621308
Kisii,South Mugirango,Moticho,KE045,KE045262,KE0452621309
Kisii,South Mugirango,Getenga,KE045,KE045262,KE0452621310
Kisii,Bomachoge Borabu,Bombaba Borabu,KE045,KE045263,KE0452631311
Kisii,Bomachoge Borabu,Boochi Borabu,KE045,KE045263,KE0452631312
Kisii,Bomachoge Borabu,Bokimonge,KE045,KE045263,KE0452631313
Kisii,Bomachoge Borabu,Magenche,KE045,KE045263,KE0452631314
Kisii,Bobasi,Masige West,KE045,KE045264,KE0452641315
Kisii,Bobasi,Masige East,KE045,KE045264,KE0452641316
Kisii,Bobasi,Bassi Central,KE045,KE045264,KE0452641317
Kisii,Bobasi,Nyacheki,KE045,KE045264,KE0452641318
Kisii,Bobasi,Bassi Bogetaorio,KE045,KE045264,KE0452641319
Kisii,Bobasi,Bobasi Chache,KE045,KE045264,KE0452641320
Kisii,Bobasi,Sameta/Mokwerero,KE045,KE045264,KE0452641321
Kisii,Bobasi,Bobasi/Boitangare,KE045,KE045264,KE0452641322
Kisii,Bomachoge Chache,Majoge Bassi,KE045,KE045265,KE0452651323
Kisii,Bomachoge Chache,Boochi/Tendere,KE045,KE045265,KE0452651324
Kisii,Bomachoge Chache,Bosoti/Sengera,KE045,KE045265,KE0452651325
Kisii,Nyaribari Masaba,Ichuni,KE045,KE045266,KE0452661326
Kisii,Nyaribari Masaba,Nyamasibi,KE045,KE045266,KE0452661327
Kisii,Nyaribari Masaba,Masimba,KE045,KE045266,KE0452661328
Kisii,Nyaribari Masaba,Gesusu,KE045,KE045266,KE0452661329
Kisii,Nyaribari Masaba,Kiamokama,KE045,KE045266,KE0452661330
Kisii,Nyaribari Chache,Bobaracho,KE045,KE045267,KE0452671331
Kisii,Nyaribari Chache,Kisii Central,KE045,KE045267,KE0452671332
Kisii,Nyaribari Chache,Keumbu,KE045,KE045267,KE0452671333
Kisii,Nyaribari Chache,Kiogoro,KE045,KE045267,KE0452671334
Kisii,Nyaribari Chache,Birongo,KE045,KE045267,KE0452671335
Kisii,Nyaribari Chache,Ibeno,KE045,KE045267,KE0452671336
Kisii,Kitutu Chache North,Monyerero,KE045,KE045268,KE0452681337
Kisii,Kitutu Chache North,Sensi,KE045,KE045268,KE0452681338
Kisii,Kitutu Chache North,Marani,KE045,KE045268,KE0452681339
Kisii,Kitutu Chache North,Kegogi,KE045,KE045268,KE0452681340
Kisii,Kitutu Chache South,Bogusero,KE045,KE045269,KE0452691341
Kisii,Kitutu Chache South,Bogeka,KE045,KE045269,KE0452691342
Kisii,Kitutu Chache South,Nyakoe,KE045,KE045269,KE0452691343
Kisii,Kitutu Chache South,Kitutu Central,KE045,KE045269,KE0452691344
Kisii,Kitutu Chache South,Nyatieko,KE045,KE045269,KE0452691345
Nyamira,Kitutu Masaba,Rigoma,KE046,KE046270,KE0462701346
Nyamira,Kitutu Masaba,Gachuba,KE046,KE046270,KE0462701347
Nyamira,Kitutu Masaba,Kemera,KE046,KE046270,KE0462701348
Nyamira,Kitutu Masaba,Magombo,KE046,KE046270,KE0462701349
Nyamira,Kitutu Masaba,Manga,KE046,KE046270,KE0462701350
Nyamira,Kitutu Masaba,Gesima,KE046,KE046270,KE0462701351
Nyamira,West Mugirango,Nyamaiya,KE046,KE046271,KE0462711352
Nyamira,West Mugirango,Bogichora,KE046,KE046271,KE0462711353
Nyamira,West Mugirango,Bosamaro,KE046,KE046271,KE0462711354
Nyamira,West Mugirango,Bonyamatuta,KE046,KE046271,KE0462711355
Nyamira,West Mugirango,Township,KE046,KE046271,KE0462711356
Nyamira,North Mugirango,Itibo,KE046,KE046272,KE0462721357
Nyamira,North Mugirango,Bomwagamo,KE046,KE046272,KE0462721358
Nyamira,North Mugirango,Bokeira,KE046,KE046272,KE0462721359
Nyamira,North Mugirango,Magwagwa,KE046,KE046272,KE0462721360
Nyamira,North Mugirango,Ekerenyo,KE046,KE046272,KE0462721361
Nyamira,Borabu,Mekenene,KE046,KE046273,KE0462731362
Nyamira,Borabu,Kiabonyoru,KE046,KE046273,KE0462731363
Nyamira,Borabu,Nyansiongo,KE046,KE046273,KE0462731364
Nyamira,Borabu,Esise,KE046,KE046273,KE0462731365
Nairobi,Westlands,Kitisuru,KE047,KE047274,KE0472741366
Nairobi,Westlands,Parklands/Highridge,KE047,KE047274,KE0472741367
Nairobi,Westlands,Karura,KE047,KE047274,KE0472741368
Nairobi,Westlands,Kangemi,KE047,KE047274,KE0472741369
Nairobi,Westlands,Moutain View,KE047,KE047274,KE0472741370
Nairobi,Dagoreti North,Kilimani,KE047,KE047275,KE0472751371
Nairobi,Dagoreti North,Kawangware,KE047,KE047275,KE0472751372
Nairobi,Dagoreti North,Gatina,KE047,KE047275,KE0472751373
Nairobi,Dagoreti North,Kileleshwa,KE047,KE047275,KE0472751374
Nairobi,Dagoreti North,Kabiro,KE047,KE047275,KE0472751375
Nairobi,Dagoreti South,Mutuini,KE047,KE047276,KE0472761376
Nairobi,Dagoreti South,Ngando,KE047,KE047276,KE0472761377
Nairobi,Dagoreti South,Riruta,KE047,KE047276,KE0472761378
Nairobi,Dagoreti South,Uthiru-Ruthimitu,KE047,KE047276,KE0472761379
Nairobi,Dagoreti South,Waithaka,KE047,KE047276,KE0472761380
Nairobi,Langa'ta,Karen,KE047,KE047277,KE0472771381
Nairobi,Langa'ta,Nairobi West,KE047,KE047277,KE0472771382
Nairobi,Langa'ta,Mugumoini,KE047,KE047277,KE0472771383
Nairobi,Langa'ta,South 'C',KE047,KE047277,KE0472771384
Nairobi,Langa'ta,Nyayo Highrise,KE047,KE047277,KE0472771385
Nairobi,Kibera,Laini Saba,KE047,KE047278,KE0472781386
Nairobi,Kibera,Lindi,KE047,KE047278,KE0472781387
Nairobi,Kibera,Makina,KE047,KE047278,KE0472781388
Nairobi,Kibera,Woodley/Kenyatta Golf Course,KE047,KE047278,KE0472781389
Nairobi,Kibera,Serangombe,KE047,KE047278,KE0472781390
Nairobi,Roysambu,Githurai,KE047,KE047279,KE0472791391
Nairobi,Roysambu,Kahawa West,KE047,KE047279,KE0472791392
Nairobi,Roysambu,Zimmerman,KE047,KE047279,KE0472791393
Nairobi,Roysambu,Roysambu,KE047,KE047279,KE0472791394
Nairobi,Roysambu,Kahawa,KE047,KE047279,KE0472791395
Nairobi,Kasarani,Clay City,KE047,KE047280,KE0472801396
Nairobi,Kasarani,Mwiki,KE047,KE047280,KE0472801397
Nairobi,Kasarani,Kasarani,KE047,KE047280,KE0472801398
Nairobi,Kasarani,Njiru,KE047,KE047280,KE0472801399
Nairobi,Kasarani,Ruai,KE047,KE047280,KE0472801400
Nairobi,Ruaraka,Babadogo,KE047,KE047281,KE0472811401
Nairobi,Ruaraka,Utalii,KE047,KE047281,KE0472811402
Nairobi,Ruaraka,Mathare North,KE047,KE047281,KE0472811403
Nairobi,Ruaraka,Lucky Summer,KE047,KE047281,KE0472811404
Nairobi,Ruaraka,Korogocho,KE047,KE047281,KE0472811405
Nairobi,Embakasi South,Imara Daima,KE047,KE047282,KE0472821406
Nairobi,Embakasi South,Kwa Njenga,KE047,KE047282,KE0472821407
Nairobi,Embakasi South,Kwa Reuben,KE047,KE047282,KE0472821408
Nairobi,Embakasi South,Pipeline,KE047,KE047282,KE0472821409
Nairobi,Embakasi South,Kware,KE047,KE047282,KE0472821410
Nairobi,Embakasi North,Kariobangi North,KE047,KE047283,KE0472831411
Nairobi,Embakasi North,Dandora Area I,KE047,KE047283,KE0472831412
Nairobi,Embakasi North,Dandora Area Ii,KE047,KE047283,KE0472831413
Nairobi,Embakasi North,Dandora Area Iii,KE047,KE047283,KE0472831414
Nairobi,Embakasi North,Dandora Area Iv,KE047,KE047283,KE0472831415
Nairobi,Embakasi Central,Kayole North,KE047,KE047284,KE0472841416
Nairobi,Embakasi Central,Kayole Central,KE047,KE047284,KE0472841417
Nairobi,Embakasi Central,Kayole South,KE047,KE047284,KE0472841418
Nairobi,Embakasi Central,Komarock,KE047,KE047284,KE0472841419
Nairobi,Embakasi Central,Matopeni/Spring Valley,KE047,KE047284,KE0472841420
Nairobi,Embakasi East,Upper Savanna,KE047,KE047285,KE0472851421
Nairobi,Embakasi East,Lower Savanna,KE047,KE047285,KE0472851422
Nairobi,Embakasi East,Embakasi,KE047,KE047285,KE0472851423
Nairobi,Embakasi East,Utawala,KE047,KE047285,KE0472851424
Nairobi,Embakasi East,Mihang'o,KE047,KE047285,KE0472851425
Nairobi,Embakasi West,Umoja I,KE047,KE047286,KE0472861426
Nairobi,Embakasi West,Umoja Ii,KE047,KE047286,KE0472861427
Nairobi,Embakasi West,Mowlem,KE047,KE047286,KE0472861428
Nairobi,Embakasi West,Kariobangi South,KE047,KE047286,KE0472861429
Nairobi,Makadara,Maringo/Hamza,KE047,KE047287,KE0472871430
Nairobi,Makadara,Viwandani,KE047,KE047287,KE0472871431
Nairobi,Makadara,Harambee,KE047,KE047287,KE0472871432
Nairobi,Makadara,Makongeni,KE047,KE047287,KE0472871433
Nairobi,Kamukunji,Pumwani,KE047,KE047288,KE0472881434
Nairobi,Kamukunji,Eastleigh North,KE047,KE047288,KE0472881435
Nairobi,Kamukunji,Eastleigh South,KE047,KE047288,KE0472881436
Nairobi,Kamukunji,Air Base,KE047,KE047288,KE0472881437
Nairobi,Kamukunji,California,KE047,KE047288,KE0472881438
Nairobi,Starehe,Nairobi Central,KE047,KE047289,KE0472891439
Nairobi,Starehe,Ngara,KE047,KE047289,KE0472891440
Nairobi,Starehe,Pangani,KE047,KE047289,KE0472891441
Nairobi,Starehe,Ziwani/Kariokor,KE047,KE047289,KE0472891442
Nairobi,Starehe,Land Mawe,KE047,KE047289,KE0472891443
Nairobi,Starehe,Nairobi South,KE047,KE047289,KE0472891444
Nairobi,Mathare,Hospital,KE047,KE047290,KE0472901445
Nairobi,Mathare,Mabatini,KE047,KE047290,KE0472901446
Nairobi,Mathare,Huruma,KE047,KE047290,KE0472901447
Nairobi,Mathare,Ngei,KE047,KE047290,KE0472901448
Nairobi,Mathare,Mlango Kubwa,KE047,KE047290,KE0472901449
Nairobi,Mathare,Kiamaiko,KE047,KE047290,KE0472901450
