Region;Zone;Wereda;pcode;Date;directely affected;Indirectly Affected;Affected;Deaths;Injured;Crop Damages;Lost Cattle ;Relocated ;Houses Destroyed 
SNNPR;Hadiya;Shashogo;70204;24/07/2012;;1272;1272;;;2189;0;;
OROMIA;Arsi;Tena;40813;31/01/2010;;4150;4150;;;;16;;
OROMIA;East Shewa;Fentale;40701;24/08/2010;;9000;9000;;;;0;900;
OROMIA;West Arsi;Shashemene Zuria;41712;24/08/2010;;5000;5000;;;;0;;
OROMIA;West Shewa;Tikur Enchini;40509;24/08/2010;;;;1;;;26;;
OROMIA;Arsi;Golocha;40803;18/08/2010;;8000;8000;;;;5;;
SNNPR;Sidama;Aleta Wendo;70405;01/01/2010;;1844;1844;;;;4;;
OROMIA;Borena;Miyo;41216;01/04/2010;;350;350;;;101;0;;
OROMIA;Borena;Miyo;41216;01/04/2010;;1200;1200;;;;0;;
OROMIA;Borena;Moyale (Oromia);41210;01/04/2010;;9700;9700;;;324;0;1937;
OROMIA;Borena;Yabelo;41207;01/03/2010;;9200;9200;;;2644;54;2213;
OROMIA;West Guji;Abaya;41213;01/05/2010;;4600;4600;;;678;0;;
OROMIA;East Welega;Jimma Arjo;40214;01/08/2010;;;;2;;66;35;;
OROMIA;Jima;Limu Kosa;40402;01/07/2010;;;;;;119;0;;
Amhara;West Gojam;Yilmana Densa;30703;01/08/2010;;16;16;;;;0;;
SNNPR;Yem Sp. Wer.;Yem SP woreda;71201;01/08/2004;;;;2;;;0;;
SNNPR;South Omo;Hamer;70704;01/08/2010;;6250;6250;;;;0;;
SNNPR;South Omo;Dasenech (Kuraz);70706;01/08/2010;;5000;5000;;;;0;;
SNNPR;Gamugofa;Dita;71008;01/08/2010;;;;;;21;3;;
Gambella;Agnewak;Itang;120207;01/08/2010;;15000;15000;;;;0;;
Gambella;Nuwer;Wantawo;120104;01/08/2010;;3750;3750;;;;0;;
Amhara;North Wello;Mersa Town;30397;22/08/2010;;;0;;;;;;
Gambella;Nuwer;Akobo;120101;01/08/2010;;2500;2500;;;;0;;
Gambella;Nuwer;Jikawo;120103;01/08/2010;;6250;6250;;;;0;;
Gambella;Nuwer;Lare;120102;01/08/2010;;5000;5000;;;;0;;
Amhara;Oromia;Kemisie Town;31006;01/08/2010;;1139;1139;;;;0;;
Amhara;North Shewa;Menze Mama Midir;30509;01/08/2010;;8;8;;;;0;8;
Amhara;South Wello;Were ilu;30415;01/08/2010;;8444;8444;;;55;0;;
Tigray;Eastern Tigray;Wukro Town;10309;01/08/2010;;557;557;;;;0;;
Amhara;Wag Himra;Sekota;30802;01/08/2010;;;;;;21;0;;
Amhara;Wag Himra;Zequala;30801;01/08/2010;;505;505;;;87;460;;
Amhara;Central Gondar;West Belesa;30116;01/08/2010;;505;505;;;;0;505;110
Tigray;Central Tigray;Werei Leke;10203;01/08/2006;;;;;;491;12;;24
Amhara;South Wello;Worebabu;40111;01/08/2010;;10183;10183;;;229;27;;
Amhara;West Gojam;Bure Town;30710;01/08/2010;;1960;1960;;;521;0;;
Tigray;North Western Tigray;Welkait;10502;01/07/2010;;125;125;;;75;0;;
Amhara;South Wello;Wegde;30416;30/11/2007;;1;1;1;;;28;;
Amhara;South Wello;Wegde;30416;30/11/2007;;1;1;1;;;28;;
Amhara;South Wello;Wegde;30416;07/09/2006;;828;828;;;710;177;135;
Amhara;Central Gondar;Dembia;30111;01/08/2010;;;;;;124;0;;
Amhara;Central Gondar;wegera;30109;20/08/2011;;;0;;;;;;
OROMIA;Borena;Teltale;41212;01/04/2010;;3000;3000;;;16003;12;1050;
Amhara;South Wello;Thehulederie;30405;01/08/2004;;;;2;1;;0;;
Amhara;South Wello;Kalu;30407;01/08/2010;;8107;8107;;;873;4;232;13
Amhara;South Wello;Kalu;30407;01/08/2010;;2750;2750;;;189;37;;
Amhara;South Wello;Kalu;30407;01/08/2010;;;;;;125;57;;
Amhara;Central Gondar;Takusa;30121;07/09/2008;;22;22;;;;0;;
Tigray;Western Tigray;Tahtay Adiyabo;10101;01/08/2010;;2952;2952;;;;0;;
Tigray;Western Tigray;Tahtay Adiyabo;10101;01/07/2010;;2200;2200;;;875;12;;
Amhara;South Wello;Kutaber;30403;01/08/2010;;7891;7891;;;382;1;;
Amhara;South Wello;Tenta;30402;01/08/2010;;3645;3645;;;223;8;;
Amhara;South Wello;Mekdela;30401;01/08/2010;;726;726;;;60;0;;
Amhara;South Wello;Jama;30414;01/08/2010;;6;6;;;;4;6;
Amhara;South Wello;Albuko;30408;01/08/2010;;28150;28150;;;4089;88;249;
Amhara;North Wello;Delanta;30306;01/08/2010;;12686;12686;;;1470;65;39;
SNNPR;Silte;Selti;72002;07/09/2006;;3120;3120;;;;0;;
SNNPR;Silte;Selti;72002;06/12/2006;;;;;;;121;3120;984
Tigray;Western Tigray;shire;10108;01/08/2010;;999;999;;;;0;;
Amhara;South Wello;Ambasel;30404;01/08/2010;;77853;77853;;;2716;19;805;
Amhara;South Gonder;Dera (Amhara);40602;01/08/2010;;18641;18641;;;2726;316;;79
Amhara;South Gonder;Libokemekem;30202;01/08/2010;;;;;;387;62;;
Amhara;South Gonder;Fogera;30203;01/08/2010;;;;;;1164;64;;
Amhara;West Gojam;Bure Town;30710;01/08/2010;;1960;1960;;;;0;;
Amhara;South Wello;Kalu;30407;01/08/2010;;8540;8540;;;972;45;726;
SNNPR;Sidama;Shashogo;70204;07/09/2006;;1540;1540;;;;0;;
Amhara;North Shewa;Kewet;30512;01/08/2010;;1495;1495;;;110;3;;
Amhara;North Wello;Wadla;30305;01/08/2010;;1336;1336;;;116;9;;
SNNPR;Hadiya;Shashogo;70204;07/09/2006;;7500;7500;;;;0;;
Amhara;North Wello;Bugna;30301;01/08/2010;;4462;4462;;;1004;28;50;
Amhara;North Wello;Wadla;30305;01/08/2010;;18935;18935;;;1866;23;3;
SNNPR;Hadiya;Shashogo;70204;06/12/2006;;;;2;;5066;0;8258;
Amhara;North Wello;Raya Kobo;30302;01/08/2010;;494;494;;;;0;494;
Amhara;North Wello;Raya Kobo;30302;01/08/2010;;5728;5728;;;493;14;47;44
Amhara;North Wello;Habru;30308;01/08/2010;;37796;37796;;;5064;72;2919;
Amhara;North Wello;Habru;30308;01/08/2010;;31255;31255;;;3422;58;2624;
SNNPR;Hadiya;Shashogo;70204;07/09/2005;;17;17;;;5.4;0;;
Afar;Afar Zone 5;Dewe;20503;29/07/2010;;1000;1000;;;;0;;
Amhara;Oromia;Artuma Fursi;31004;01/08/2010;;7560;7560;;;1202;3;5883;
Afar;Afar Zone 5;Samurobi Gele'alo;20502;29/07/2010;;1000;1000;;;;0;;
Afar;Afar Zone 5;Samurobi Gele'alo;20502;29/07/2010;;1100;1100;;;346;0;;
Tigray;Southern Tigray;Alamata;10407;01/08/2010;;5363;5363;;;;0;;
Tigray;Southern Tigray;Alamata;10407;01/08/2010;;18384;18384;;;;0;;
Afar;Afar Zone 5;Samurobi Gele'alo;20502;07/09/2006;;;;;;;660;;
Afar;Afar Zone 5;Samurobi Gele'alo;20502;07/09/2006;;;;;;;550;;
Afar;Afar Zone 5;Samurobi Gele'alo;20502;07/09/2006;;;;;;;620;;
Afar;Afar Zone 5;Samurobi Gele'alo;20502;07/09/2006;;;;;;;450;;
Afar;Afar Zone 5;Samurobi Gele'alo;20502;07/09/2006;;;;;;;400;;
Amhara;West Gojam;Semen Achefer;30701;01/08/2010;;250;250;;;;0;;
Tigray;Southern Tigray;Enderta;10602;01/08/2010;;395;395;;;37;8;;
SNNPR;South Omo;selamgo;70701;07/09/2007;;25000;25000;;;;0;;
Tigray;Southern Tigray;Seharti Samre;10601;01/07/2010;;980;980;;;404;49;;
Tigray;Central Tigray;Degua Temben;10604;01/08/2010;;130;130;;;5;0;;
Amhara;Wag Himra;Sahila;30806;20/03/2009;;;;;;;14;;
Tigray;Eastern Tigray;Saesi Tsesada Amba;10303;01/08/2010;;7950;7950;;;530;0;;
Tigray;Eastern Tigray;Saesi Tsesada Amba;10303;01/08/2006;;;;6;;;0;;
Tigray;Central Tigray;Nader Adet;10207;01/08/2010;;9120;9120;;;727;0;;
Tigray;Central Tigray;Tahtay Maychew;10206;01/07/2010;;3550;3550;;;208;0;;
Tigray;Western Tigray;Tahtay Koraro;10104;01/07/2010;;4735;4735;;;569;33;;
Tigray;Western Tigray;Medebay Zana;10103;01/07/2010;;2145;2145;;;225;0;;
Tigray;Western Tigray;Medebay Zana;10103;01/07/2010;;3020;3020;;;202;0;;
Tigray;Central Tigray;Kola Temben;10208;01/06/2010;;4450;4450;;;573;96;;
Tigray;Eastern Tigray;Erob;10302;01/07/2010;;755;755;;;14;17;;
Tigray;Southern Tigray;Ofla;10408;01/07/2010;;39705;39705;7;;2583;45;85;
Tigray;Southern Tigray;Mychew /Town/;10206;01/08/2010;;853;853;;;;0;;
Tigray;North Western Tigray;Kafta Humera;10501;01/07/2010;;1385;1385;;;3534;0;;
Tigray;Southern Tigray;Mychew /Town/;10206;01/08/2010;;1264;1264;;;;0;;
Somali;Afder;west Imi;50805;07/09/2006;;41000;41000;7;2;;0;;
Tigray;Southern Tigray;Endamehoni;10405;01/08/2010;;41950;41950;;;2226;107;;
Tigray;Southern Tigray;Raya Azebo;10406;01/07/2010;;10255;10255;;;250;303;1362;
Tigray;Central Tigray;Adwa;10204;01/07/2010;;1410;1410;;;;0;94;
Tigray;Eastern Tigray;Hawzen;10305;01/07/2010;;3630;3630;;;78;0;;
Tigray;Eastern Tigray;Hawzen;10305;30/11/2010;;10135;10135;;;1177;0;;
Tigray;Southern Tigray;Alamata;10407;21/12/2010;;11885;11885;2;;2416;202;9875;
Somali;Afder;west Imi;50805;07/09/2005;;66;66;;;;0;3000;
Somali;Afder;West Imi;50805;22/04/2005;;13415;13415;55;;;14128;;900
Amhara;Central Gondar;West Belesa;30117;01/06/2004;;;;2;;;0;;
Afar;Afar Zone 4;Ewa;20402;28/08/2010;;1200;1200;;;;0;;
Amhara;Central Gondar;West Belesa;30117;01/08/2004;;1100;1100;;;112;0;;
SNNPR;Gamugofa;Mierab Abaya;71005;22/06/2007;;;;;;179;45;500;
SNNPR;Gamugofa;Mierab Abaya;71005;07/09/2007;;470;470;;;400;108;470;
SNNPR;Gamugofa;Mierab Abaya;71005;07/09/2006;;300;300;;;;0;;
SNNPR;Gamugofa;Mierab Abaya;71005;03/12/2003;;;;;;120;0;300;
OROMIA;East Shewa;Metta;41009;01/04/2010;;1800;1800;;;3467;0;630;
Afar;Afar Zone 1;Chifra;20106;15/08/2010;;600;600;;;;0;;
Afar;Afar Zone 1;Chifra;20106;28/07/2010;;18600;18600;;;865;0;18600;
Afar;Afar Zone 1;Chifra;20106;14/08/2010;;15630;15630;;;160;0;15630;
Afar;Afar Zone 1;Chifra;20106;22/07/2010;;11500;11500;;;1642;0;11500;
Tigray;Central Tigray;Mereb Lehe;10201;01/08/2010;;5772;5772;;;;0;;
Tigray;Central Tigray;Mereb Lehe;10201;01/08/2010;;15810;15810;;;1054;72;;
OROMIA;Bale;Agarfa;41104;01/07/2010;;4000;4000;;;;0;;
Amhara;North Shewa;Merhabete;30502;01/08/2010;;1697;1697;;;50;0;;
OROMIA;East Shewa;Adama;40703;01/07/2010;;5000;5000;;;;0;1750;
OROMIA;East Shewa;Boset;40702;01/07/2010;;4000;4000;;;;0;;
OROMIA;East Shewa;Haro Maya;41006;01/04/2010;;;;;;187;0;;
OROMIA;East Shewa;Kombolcha;41001;01/04/2010;;;;;;63;0;;
Amhara;East Gojam;Michakel;30609;01/08/2005;;;;;;239;0;;
OROMIA;East Shewa;Girawa;41016;01/04/2010;;5000;5000;;;616;0;;
Amhara;East Gojam;Michakel;30609;01/08/2005;;;;;;;0;;34
OROMIA;East Shewa;Bedeno;41013;01/04/2010;;1700;1700;;;49;0;;
Amhara;East Gojam;Michakel;30609;01/08/2005;;2315;2315;;;775;0;;27
OROMIA;East Shewa;Deder;41011;01/04/2010;;2000;2000;;;195;0;;
OROMIA;East Shewa;Goro Gutu;41010;01/04/2010;;3000;3000;;;185;0;1050;
OROMIA;Arsi;Tena;40813;01/08/2010;;4150;4150;;;206;16;;
Amhara;South Wello;Legehida;30420;01/08/2010;;366;366;;;713;0;;
OROMIA;West Arsi;Shashemene Zuria;41712;01/08/2010;;5000;5000;;;95;0;;
Amhara;South Wello;Legehida;30420;01/08/2010;;381;381;;;51;0;;
OROMIA;West Arsi;Adaba;41710;01/08/2010;;22000;22000;;;459;3;7700;
OROMIA;West Arsi;Dodola;41707;01/08/2010;;;;;;;10;;
OROMIA;Arsi;Shirka;40814;01/08/2010;;2500;2500;;;240;0;875;
OROMIA;West Guji;Gelana (West Guji);41217;01/04/2010;;14000;14000;;;3173;0;988;
OROMIA;Bale;Lege Hida;41107;01/07/2010;;4500;4500;;;;0;;
Amhara;Central Gondar;Lay Armacho;30108;01/08/2004;;;;;;268;48;;
SNNPR;Silte;Lanfuro;72003;07/09/2006;;300;300;;;;0;;
Tigray;North Western Tigray;Kafta Humera;10501;01/06/2004;;;;2;;;0;;
SNNPR;Silte;Lanfuro;72003;06/12/2006;;;;;;18.4;49;300;60
SNNPR;Silte;Lanfuro;72003;01/05/2003;;;;;;128;333;;
Tigray;Southern Tigray;Raya Azebo;10406;07/09/2007;;87;87;;;;0;;
Tigray;Southern Tigray;Raya Azebo;10406;01/08/2006;;;;;;;0;;24
Tigray;Southern Tigray;Raya Azebo;10406;01/09/2004;;50;50;;;;0;;
Tigray;Southern Tigray;Raya Azebo;10406;01/09/2004;;1875;1875;;;1087;0;;
Tigray;Southern Tigray;Raya Azebo;10406;07/09/2001;;;;;;200;0;;
Tigray;Southern Tigray;Ofla;10408;01/08/2004;;;;;;176;0;;
SNNPR;South Omo;Kuraz (Dasenech) ;70706;07/09/2006;;10000;10000;125;;;0;;
Tigray;Southern Tigray;Alamata;10407;07/09/2007;;1400;1400;;;;0;;
Tigray;Southern Tigray;Alamata;10407;01/09/2003;;;;;;;0;2000;
Tigray;Southern Tigray;Alamata;10407;11/08/2001;;1027;1027;;;;0;162;
SNNPR;South Omo;Kuraz (Dasenech and Yangatom);70706;07/09/2006;;15748;15748;;;;0;;
Tigray;Western Tigray;Medebay Zana;10103;01/08/2004;;;;;;176;0;;
SNNPR;South Omo;Kuraz (Dasenech and Yangatom);70706;06/12/2006;;5000;5000;;;;96;;
SNNPR;South Omo;Kuraz (Dasenech and Yangatom);70706;07/09/2005;;5000;5000;;;;96;;
Tigray;Eastern Tigray;Hawzen;10305;01/08/2005;;3400;3400;;;815;3;;
SNNPR;South Omo;Kuraz (Dasenech and Yangatom);70706;07/09/2001;;;;6;;;0;;
Tigray;Central Tigray;Laelay Maychew;10205;01/08/2004;;;;1;;85;0;;28
Tigray;Central Tigray;Adwa;10204;01/08/2004;;;;4;;;0;;
SNNPR;South Omo;Kuraz (Dasenech and Yangatom);70706;11/12/2001;;;;;;;53;;
SNNPR;South Omo;Kuraz (Dasenech and Yangatom);70706;07/09/2001;;;;12;;;0;;
SNNPR;South Omo;Kuraz (Dasenech and Yangatom);70706;07/09/2007;;28000;28000;;;;0;;
Somali;Doolo;Warder;50704;05/12/2005;;8000;8000;1;;;0;;
Somali;Siti;Shinile;50103;07/09/2000;;;;;;;0;1000;
Somali;Siti;Erer;130105;07/09/2000;;;;5;;377;300;1820;
Somali;Siti;Ayisha;50101;06/12/2006;;3000;3000;;;;500;;19
Somali;Liben;Filtu;50901;07/09/2005;;6225;6225;;;;260;;
Somali;Liben;Filtu;50901;07/09/2005;;6225;6225;5;;;818;;
Somali;Liben;Filtu;50901;01/05/2002;;;;;;;0;2500;
Somali;Liben;Dolo Odo;50902;30/11/2003;;10000;10000;;;;0;;
Somali;Liben;Dolo Odo;50902;07/09/2005;;46700;46700;6;;;0;;
Somali;Liben;Dolo Odo;50902;05/12/2005;;;;6;;;0;;
Somali;Liben;Dolo Odo;50902;07/09/2005;;150000;150000;6;;;259;;
Somali;Korahe;Kebridehar;50502;07/09/2005;;;;1;;;0;;105
Somali;Korahe;Kebridehar;50502;07/09/2006;;3500;3500;2;;;0;;33
Somali;Korahe;Kebridehar;50502;05/12/2005;;4800;4800;2;;;2365;;
Somali;Korahe;Kebridehar;50502;07/09/2005;;;;;;;0;;200
Somali;Fafan;Jijiga;50204;25/04/2005;;;;;;;0;;200
Somali;Fafan;Gursum;41003;07/09/2005;;550;550;4;;;900;;
Somali;Shebelle;Mustahil;50606;06/12/2006;;361600;361600;80;;;0;;
Somali;Shebelle;Mustahil;50606;07/09/2003;;91050;91050;64;;;5900;6350;880
Somali;Shebelle;Mustahil;50606;07/09/2003;;100000;100000;64;;;0;;
Somali;Shebelle;Mustahil;50606;08/08/2007;;32000;32000;2;4;4770;361;32000;
Somali;Shebelle;Mustahil;50606;07/09/2006;;;;;;;0;;300
Somali;Shebelle;Mustahil;50606;07/09/2006;;74000;74000;4;8;;0;;
Somali;Shebelle;Mustahil;50606;07/09/2005;;;;4;;;0;;300
Somali;Shebelle;Mustahil;50606;07/09/2005;;16449;16449;14;;5400;4534;;
Somali;Shebelle;Kelafo;50605;05/12/2005;;40000;40000;66;;;0;;
Somali;Shebelle;Kelafo;50605;07/09/2003;;110000;110000;;;;0;;
Somali;Shebelle;Kelafo;50605;07/09/2006;;;;;;;0;;108
Somali;Shebelle;Kelafo;50605;07/09/2006;;88540;88540;29;2;;0;;
Somali;Shebelle;Kelafo;50605;07/09/2006;;;;2;1;3200;392;8539;
Somali;Shebelle;Kelafo;50605;07/09/2005;;9574;9574;29;;5969;23440;;34
SNNPR;Wolayita;Kindo Koyisha;70606;07/09/2006;;4035;4035;;;;0;;
Somali;Shebelle;Gode;50604;07/09/2006;;5650;5650;10;;;333;;
Somali;Shebelle;Ferfer;50607;07/09/2006;;13514;13514;;;;0;;
Somali;Shebelle;Ferfer;50607;07/09/2005;;18500;18500;5;;;0;;
Somali;Fefan;Kebribeyah;50206;27/04/2005;;;;16;;;0;;108
Somali;Fefan;Kebribeyah;50206;05/12/2005;;24550;24550;53;;2500;27638;125000;5600
Gambella;Agnewak;Jore;120204;01/08/2010;;1250;1250;;;;0;;
Somali;Degehabur;Gashamo;50304;07/09/2005;;105000;105000;;;;0;;
Somali;Degehabur;Degehabur;50302;05/12/2005;;10000;10000;10;;;3125;;
Gambella;Agnewak;Jor;120204;07/09/2006;;;;;;1650;1245;30915;
Amhara;Oromia;Jilye Tumuga;31003;30/11/2007;;;;;;50;60;;
Amhara;Oromia;Jilye Tumuga;31003;30/11/2007;;;;;;50;60;;
Amhara;Oromia;Jilye Tumuga;31003;07/09/2006;;500;500;1;;273;0;739;
OROMIA;South West Shoa;Illu Galan;40500;01/07/2010;;14600;14600;;;950;0;;
Harari;Harar;Sofi;130101;07/09/2005;;;;;;1835;0;;
Harari;Harar;Sofi;130101;07/09/2005;;;;;;148;0;;
Harari;Harar;Sofi;130101;07/09/2005;;;;;;115;0;;
Somali;Liben;Guradamole;50801;05/12/2005;;23000;23000;16;;;0;;
Somali;Liben;Guradamole;50801;07/09/2005;;;;;;;0;;20
Harari;Harar;Sofi;130101;07/09/2005;;;;;;74.5;0;;
Harari;Harar;Sofi;130101;07/09/2005;;;;;;71;0;;
Harari;Harar;Sofi;130101;07/09/2005;;;;;;3.5;0;;
Harari;Harar;Sofi;130101;07/09/2005;;;;;;1.5;0;;
Harari;Harar;Sofi;130101;22/06/2001;;40;40;;;;0;;
Harari;Harar;Sofi;130101;22/06/2001;;5;5;;;;0;;
Tigray;North Western Tigray;Humera /Town/;10501;01/08/2010;;6909;6909;;;;0;;
Tigray;North Western Tigray;Humera /Town/;10501;07/09/2007;;462;462;;;;0;;
Tigray;North Western Tigray;Humera /Town/;10501;01/08/2006;;;;;;;0;400;
Tigray;Southern Tigray;Hintalo Wajirat;10603;01/07/2010;;1140;1140;;;769;0;;
Tigray;Southern Tigray;Hintalo Wajirat;10603;01/07/2010;;2495;2495;;;;0;161;
SNNPR;Wolayita;Sodo Zuria;70605;07/09/2006;;1363;1363;;;;0;;
SNNPR;Wolayita;Sodo Zuria;70605;07/09/2005;;1363;1363;;;600;0;;17
SNNPR;Wolayita;Sodo Zuria;70605;05/12/2005;;;;;;631;0;1363;17
SNNPR;Wolayita;Ofa;70607;07/09/2006;;6240;6240;;;;0;;
SNNPR;Wolayita;Ofa;70607;01/08/2005;;70;70;1;;20;0;;
SNNPR;Wolayita;Ofa;70607;01/08/2004;;;;;;160;0;;
SNNPR;Wolayita;Ofa;70607;01/04/2004;;;;;;284;0;;109
SNNPR;Wolayita;Ofa;70607;02/12/2002;;;;;;402;0;;
SNNPR;Wolayita;Humbo;70604;07/12/2007;;6768;6768;;;364;3;3270;654
SNNPR;Wolayita;Humbo;70604;07/09/2006;;7885;7885;;;;0;;
SNNPR;Wolayita;Humbo;70604;06/12/2006;;;;;;435;0;1075;
SNNPR;Wolayita;Humbo;70604;07/09/2005;;6755;6755;2;;1017;0;;
SNNPR;Wolayita;Humbo;70604;05/12/2005;;;;2;;1017;1525;6755;
SNNPR;Wolayita;Damot Sore;70609;07/09/2008;;12000;12000;;;200;0;;
SNNPR;Wolayita;Damot Sore;70609;07/09/2007;;6000;6000;;;400;0;;
SNNPR;Wolayita;Damot Sore;70609;07/09/2006;;650;650;;;39;0;;
SNNPR;Wolayita;Damot Sore;70609;07/09/2006;;860;860;;;10;0;;
SNNPR;Wolayita;Damot Sore;70609;07/09/2005;;1000;1000;12;;150;40;4;
SNNPR;Wolayita;Damot Sore;70609;07/09/2004;;;;;;80;0;;
SNNPR;Wolayita;Damot Sore;70609;07/09/2002;;400;400;;;15;0;;
Somali;Fefan;Harshin;50207;07/09/2005;;3050;3050;;;;0;;25
Tigray;Eastern Tigray;Gulo Meheda;10301;01/08/2010;;806;806;;;115;0;;
Amhara;North Wello;Guba Lafto;30307;01/08/2010;;26142;26142;;;1783;9;;
SNNPR;South Omo;Male;70707;07/09/2007;;30000;30000;;;;0;;
Amhara;Central Gondar;Gonder Zuria;30110;01/08/2010;;200;200;;;155;0;;
Amhara;Central Gondar;Gondar Zuria;30110;07/09/2007;;;;;;;11;;
Amhara;Central Gondar;Gondar Zuria;30110;07/09/2006;;2810;2810;;;;29;3529;
Amhara;Central Gondar;Gondar Zuria;30110;01/12/2006;;;;;;1500;0;;
Amhara;Central Gondar;Gondar Zuria;30110;06/12/2006;;1533;1533;;;;39;437;
OROMIA;Bale;Gololcha Bale;41105;01/07/2010;;5000;5000;;;;0;;
OROMIA;Bale;Gololcha Bale;41105;07/09/2008;;1803;1803;;;;0;;
OROMIA;Bale;Gololcha Bale;41105;07/09/2007;;11882;11882;;;2409;0;;
SNNPR;South Omo;Hamer;70704;07/09/2007;;809;809;;;;0;;
SNNPR;South Omo;Hamer;70704;07/09/2007;;943;943;;;;0;;
SNNPR;South Omo;Hamer;70704;07/09/2007;;845;845;;;;0;;
SNNPR;South Omo;Hamer;70704;07/09/2007;;1263;1263;;;;0;;
SNNPR;South Omo;Hamer;70704;07/09/2007;;1417;1417;;;;0;;
SNNPR;South Omo;Hamer;70704;07/09/2007;;1420;1420;;;;0;;
SNNPR;South Omo;Hamer;70704;07/09/2007;;20000;20000;;;;0;;
SNNPR;South Omo;Hamer;70704;07/09/2007;;1843;1843;;;;0;;
SNNPR;South Omo;Hamer;70704;07/09/2007;;1843;1843;;;;0;;
SNNPR;South Omo;Hamer;70704;07/09/2007;;1843;1843;;;;0;;
SNNPR;South Omo;Hamer;70704;07/09/2002;;;;;;40;0;;
SNNPR;South Omo;Gelila;70703;07/09/2007;;15000;15000;;;;0;;
OROMIA;Arsi;Golocha;40803;16/04/2005;;;;;;;0;;20
Afar;Afar Zone 3;Gewane ;20303;10/08/2012;5000;;5000;;;;;;
OROMIA;Bale;Gasera;41106;01/07/2010;;9300;9300;;;;0;;
Tigray;Eastern Tigray;Ganta Afshum;10304;01/08/2010;;8310;8310;;;277;0;;
Gambella;Agnewak;Gambella Town;120202;07/09/2000;;6;6;;;;0;61592;
OROMIA;East Shewa;Fientale;40701;01/08/2010;;9000;9000;;;46;0;900;
OROMIA;East Shewa;Fientale;40701;07/09/2007;;560;560;;;;0;;
OROMIA;East Shewa;Fientale;40701;20/04/2007;;560;560;;;31;0;;
SNNPR;Gurage;Enemor Ener;70111;01/08/2005;;;;;;381;0;;
SNNPR;Gurage;Enemor Ener;70111;01/08/2004;;6000;6000;1;;487;3;;
Amhara;East Gojam;Enebse Sarmder;30604;01/08/2010;;9910;9910;;;528;464;;
Amhara;North Shewa;Eferatana Gidem;30508;16/05/2009;;124;124;;;;13;124;39
Amhara;North Shewa;Eferatana Gidem;30508;01/08/2007;;;;;;195;0;;14
Amhara;North Shewa;Eferatana Gidem;30508;07/09/2006;;77;77;;;135.15;17;;
Amhara;North Shewa;Eferatana Gidem;30508;12/08/2006;;77;77;;;3.01;0;77;
Amhara;North Shewa;Eferatana Gidem;30508;07/09/2000;;;;2;;;0;;
Somali;Shebelle;East Imey;50601;02/11/2015;102000;;102000;5;;;10000;;
Amhara;Central Gondar;East Belesa;30117;01/08/2010;;1134;1134;;;540;31;;
Afar;Afar Zone 3;Dulecha;20304;07/09/2006;;4443;4443;;;;332;4000;
Afar;Afar Zone 3;Dulecha;20304;01/08/2006;;4000;4000;;;;0;;
Dire Dawa;Dire Dawa urban;Addis Ketema (Dire Dawa);150109;06/12/2006;;;;371;228;;0;;1685
Dire Dawa;Dire Dawa urban;Addis Ketema (Dire Dawa);150109;07/09/2005;;;;32;;;0;;
SNNPR;South Omo;Gelila;70703;05/08/2002;;;;3;;;0;;
Dire Dawa;Dire Dawa urban;Addis Ketema (Dire Dawa);150109;20/05/2005;;;;27;;;0;;
Dire Dawa;Dire Dawa urban;Addis Ketema (Dire Dawa);150109;20/05/2005;;;;32;;;0;;
Amhara;Oromia;Dewa Harewa;31001;07/09/2006;;2219;2219;;;509;0;739;
SNNPR;Silte;Sankura;72006;01/07/2004;;1920;1920;1;;1063;348;;
Amhara;Oromia;Dewa Harewa;31001;07/09/2006;;4125;4125;;;;0;;
Amhara;Oromia;Dewa Harewa;31001;07/09/2006;;2645;2645;;;1441;178;2645;638
Amhara;South Wello;Dessie Zuria;30409;01/08/2010;;27687;27687;;;1735;2;14;
Amhara;South Wello;Dessie Zuria;30409;01/06/2004;;;;4;10;;0;;
Amhara;South Wello;Dessie City Adm.;30409;01/08/2010;;8421;8421;;;478;17;55;
SNNPR;Sidama;Dara;70406;07/09/2007;;3240;3240;;;;0;;
SNNPR;Sidama;Dara;70406;07/09/2007;;3240;3240;;;;0;;
SNNPR;Sidama;Dara;70406;07/09/2007;;2470;2470;;;;0;;
SNNPR;Sidama;Dara;70406;07/12/2007;;3240;3240;;;370;0;;100
SNNPR;Sidama;Dara;70406;01/05/2004;;;;2;;1040;0;;
SNNPR;Sidama;Dale;70404;07/09/2006;;2580;2580;;;;0;;
SNNPR;Sidama;Dale;70404;07/09/2006;;3600;3600;;;;0;;
SNNPR;Sidama;Dale;70404;06/12/2006;;;;2;1;;8;;25
SNNPR;Gamugofa;Deramalo;71009;07/09/2006;;1658;1658;;;;0;;
Amhara;East Gojam;Debay Tilatgen;30607;01/08/2004;;;;;;1800;0;;380
Amhara;North Welo;Dawunt;30311;01/08/2010;;9260;9260;;;1250;416;15;
Somali;Shebelle;Danan;50603;07/09/2006;;;;;;;0;5000;
Somali;Shebelle;Danan;50603;07/09/2006;;8250;8250;3;;;0;;
Somali;Shebelle;Danan;50603;07/09/2006;;8250;8250;;;;0;;
Somali;Shebelle;Danan;50603;07/09/2006;;;;;;;80;;3
Somali;Shebelle;Danan;50603;07/09/2005;;3500;3500;1;;3116;384;;28
Afar;Afar Zone 2;Dalol;20206;15/08/2010;;2420;2420;;;;0;;
Afar;Afar Zone 2;Dalol;20206;25/08/2010;;1850;1850;;;;0;;
SNNPR;Kefa;Decha;70908;07/09/2007;;11;11;;;;0;;
Afar;Afar Zone 2;Dalol;20206;25/08/2010;;1800;1800;;;;25;1800;
Afar;Afar Zone 2;Dalol;20206;07/09/2007;;320;320;;;;0;;
Afar;Afar Zone 2;Dalol;20206;07/12/2007;;6000;6000;;;;0;;
SNNPR;Gurage;Sodo;70105;06/12/2006;;;;;;;0;358;
SNNPR;Gurage;Muhur Na Aklil;70112;06/12/2006;;;;;;;0;143;
SNNPR;Gurage;Meskan;70106;07/09/2005;;;;;;;0;;50
SNNPR;Gurage;Mareko;70107;07/12/2007;;5560;5560;;;;1710;1255;2
SNNPR;Gode;Kelafo;50605;27/05/2003;;91050;91050;;;;0;;
SNNPR;Gedeo;Yirgachefe;70502;01/05/2004;;510;510;;;;0;;
SNNPR;Gedeo;Yirgachefe;70502;01/05/2004;;;;;;69;0;;
SNNPR;Gedeo;Wenago;70501;01/04/2004;;;;;;400;0;;
SNNPR;Gedeo;Dila Zuria;70505;07/12/2007;;;;;;2145;2;20989;2
SNNPR;Gedeo;Bule;70504;07/09/2005;;;;;;1;0;;
SNNPR;Gedeo;Bule;70504;07/09/2005;;;;;;36;0;555;
SNNPR;Gedeo;Bule;70504;01/05/2004;;;;;;6.5;0;;
SNNPR;Gamugofa;Kucha;71003;07/09/2005;;7720;7720;2;;;1525;;
Afar;Afar Zone 5;Bure Mudaytu;20305;15/08/2010;;4120;4120;;;;125;4120;
Afar;Afar Zone 4;Bure Mudaytu;20305;15/08/2010;;5000;5000;;;;0;;
Afar;Afar Zone 3;Bure Mudaytu;20305;15/08/2010;;3670;3670;;;;0;;
Afar;Afar Zone 3;Bure Mudaytu;20305;24/08/2007;;4300;4300;;;;0;4300;
SNNPR;Gamugofa;Kucha;71003;03/12/2003;;;;5;1;;0;400;15
SNNPR;Gamugofa;Kemba;71012;07/09/2005;;4;4;;;;0;;
SNNPR;Gamugofa;Kemba;71012;03/12/2003;;;;1;;50;0;20;3
SNNPR;Gamugofa;Dita;71008;03/12/2003;;;;11;5;924;201;7381;136
Afar;Afar Zone 3;Bure Mudaytu;20305;01/08/2006;;10000;10000;;;;219;;
SNNPR;Gamugofa;Chencha;71007;03/12/2003;;;;;5;289;8;346;57
SNNPR;Gamugofa;Bonke;71013;07/12/2007;;;;5;;606;0;2205;
SNNPR;Gamugofa;Bonke;71013;07/09/2007;;445;445;;;945;55;445;89
SNNPR;Gamugofa;Bonke;71013;07/09/2006;;;;;;300;144;;
SNNPR;Gamugofa;Bonke;71013;07/09/2004;;;;;;;0;500;
OROMIA;East Shewa;bora;40710;01/08/2010;;5000;5000;1;;500;235;2000;
SNNPR;South Omo;Bena Tsemai;70705;07/09/2007;;25000;25000;;;;0;;
SNNPR;South Omo;Bena Tsemai;70705;07/09/2007;;2020;2020;;;93.5;0;;
SNNPR;South Omo;Bena Tsemai;70705;07/09/2007;;1045;1045;;;45;0;;
SNNPR;South Omo;Bena Tsemai;70705;07/09/2007;;825;825;;;35;0;;
SNNPR;South Omo;Bena Tsemai;70705;07/09/2007;;4168;4168;;;;0;;
SNNPR;South Omo;Bena Tsemai;70705;07/09/2002;;3500;3500;;;;0;;
SNNPR;Gamugofa;Kucha;71003;07/09/2002;;400;400;5;;;201;;
SNNPR;Gamugofa;Dita;71008;07/09/2002;;7381;7381;;;;0;;
SNNPR;Gamugofa;Bonke;71013;07/09/2002;;1519;1519;;;;0;;
SNNPR;Basketo Sp. Wer;Basketo;71801;06/12/2006;;;;;;4425;0;330;
SNNPR;South Omo;Bako Gazer (Debub Ari);70702;17/06/2007;;;;4;;2861;87;;
SNNPR;Dawuro;Mareka;71702;01/05/2004;;;;;;220;0;;
SNNPR;South Omo;Bako Gazer (Debub Ari);70702;17/06/2007;;;;4;;;87;;
SNNPR;Amaro Sp. Wer.;Amaro;71302;07/09/2009;;1752;1752;;;252.5;0;;
SNNPR;Amaro Sp. Wer.;Amaro;71302;07/09/2009;;1148;1148;;;68.4;0;;
SNNPR;Amaro Sp. Wer.;Amaro;71302;07/09/2009;;1676;1676;;;30;0;;
SNNPR;Amaro Sp. Wer.;Amaro;71302;07/09/2009;;636;636;1;;20.2;0;;
SNNPR;Amaro Sp. Wer.;Amaro;71302;07/09/2009;;473;473;;;12.6;0;;
SNNPR;Amaro Sp. Wer.;Amaro;71302;07/09/2009;;271;271;;;12.3;0;;
SNNPR;Amaro Sp. Wer.;Amaro;71302;07/09/2009;;1158;1158;;;12.25;0;;
SNNPR;Amaro Sp. Wer.;Amaro;71302;07/09/2009;;394;394;;;6.8;0;;
SNNPR;Amaro Sp. Wer.;Amaro;71302;07/09/2009;;60;60;;;1.7;0;;
SNNPR;Amaro Sp. Wer.;Amaro;71302;19/02/2008;;7;7;1;;0.25;0;;
SNNPR;Amaro Sp. Wer.;Amaro;71302;07/09/2006;;4140;4140;;;;0;;
SNNPR;Amaro Sp. Wer.;Amaro;71302;05/12/2005;;;;6;;240;23;4140;46
SNNPR;South Omo;Bako Gazer (Debub Ari);70702;07/09/2007;;10000;10000;;;;0;;
SNNPR;South Omo;Bako Gazer (Debub Ari);70702;30/11/2007;;;;;;115.56;8;;
SNNPR;South Omo;Bako Gazer (Debub Ari);70702;30/11/2007;;;;;;9;8;;4
SNNPR;South Omo;Bako Gazer (Debub Ari);70702;30/11/2007;;39;39;2;;;14;;2
SNNPR;South Omo;Bako Gazer (Debub Ari);70702;30/11/2007;;;;;;7282;17;;
OROMIA;Bale;Ginir;41108;07/09/2007;;;;;;592;0;;
OROMIA;Arsi;Robe;40812;07/09/2007;;;;;;160;0;;
SNNPR;South Omo;Bako Gazer (Debub Ari);70702;30/11/2007;;;;;;2353.5;4;;
SNNPR;South Omo;Bako Gazer (Debub Ari);70702;30/11/2007;;;;;;4;26;;2
SNNPR;South Omo;Bako Gazer (Debub Ari);70702;30/11/2007;;;;;;2.83;4;;
SNNPR;South Omo;Bako Gazer (Debub Ari);70702;30/11/2007;;;;;;45.66;8;;16
SNNPR;South Omo;Bako Gazer (Debub Ari);70702;30/11/2007;;;;;;19.1;4;;
OROMIA;West Shewa;Cheliya;40505;01/05/2003;;;;;;;12;;
SNNPR;South Omo;Bako Gazer (Debub Ari);70702;30/11/2007;;;;;;124.5;5;;
SNNPR;South Omo;Bako Gazer (Debub Ari);70702;30/11/2007;;;;;;2;2;;
SNNPR;South Omo;Bako Gazer (Debub Ari);70702;30/11/2007;;;;;;;21;;
SNNPR;South Omo;Bako Gazer (Debub Ari);70702;30/11/2007;;;;;;0.05;4;;
OROMIA;West Hararge;Daro Lebu;40909;01/08/2004;;;;2;;;0;;
OROMIA;West Arsi;Siraro;41701;01/04/2003;;;;3;;890;190;;
OROMIA;West Arsi;Adaba;41710;17/03/2007;;;;3;;;0;;
OROMIA;West Arsi;Adaba;41710;21/03/2007;;;;3;;;0;;
SNNPR;South Omo;Bako Gazer (Debub Ari);70702;30/11/2007;;;;;;3.5;1;;
SNNPR;South Omo;Bako Gazer (Debub Ari);70702;30/11/2007;;;;;;501;7;;
OROMIA;North Shewa;Dera;40602;01/09/2001;;;;3;;;0;;
OROMIA;North Shewa;Dera;40602;01/09/2001;;;;3;;;0;;
SNNPR;South Omo;Bako Gazer (Debub Ari);70702;02/12/2001;;40;40;;;;16;;
OROMIA;Jima;Kersa;41008;07/09/2002;;;;;;494;0;;
OROMIA;Jima;Gera;40408;01/04/2002;;625;625;;;40;0;;125
OROMIA;Jima;Dedo;40410;01/06/2004;;;;;;450;0;;
OROMIA;Illubabur;Gechi;40306;18/05/2004;;;;;;;0;;22
OROMIA;Illubabur;Darimu;40301;07/09/2007;;;;;;807;0;;
Amhara;West Gojam;Bahirdar Zuria;30702;14/08/2008;;;;;;400;0;;
Amhara;West Gojam;Bahirdar Zuria;30702;07/09/2006;;2642;2642;1;;293.5;0;;
Amhara;West Gojam;Bahirdar Zuria;30702;01/08/2010;;6;6;;;636;0;;
OROMIA;East Shewa;Dugda;40707;07/09/2005;;70000;70000;1;;;0;;
Benishangul Gumz;Asosa;Assosa;60303;07/09/2005;;;;2;;;0;;
OROMIA;East Shewa;Dugda;40707;07/09/2007;;5549;5549;;;654;0;;417
Tigray;Western Tigray;Asegede Tsimbila;10105;01/08/2010;;4380;4380;;;;0;;
Afar;Afar Zone 1;Asayita;20103;20/01/2008;;493;493;;;22;0;;
OROMIA;East Shewa;Meta;41009;07/09/2007;;;;3;;2915;0;;
OROMIA;East Shewa;Meta;41009;01/08/2007;;27500;27500;;;1000;0;;
OROMIA;East Shewa;Meta;41009;01/04/2002;;;;3;;;26;;12
Afar;Afar Zone 1;Asayita;20103;07/09/2007;;;;;;200;0;;
OROMIA;East Shewa;Kurfa Chele;41007;07/09/2007;;;;;;208;0;;
OROMIA;East Shewa;Kombolcha;41001;07/09/2007;;;;;;504;0;;
OROMIA;East Shewa;Kombolcha;41001;25/08/2006;;;;;;;0;100;394
OROMIA;East Shewa;Kersa;41008;07/09/2007;;;;;;854;0;;
Afar;Afar Zone 1;Asayita;20103;07/09/2006;;24700;24700;;;;0;;
Afar;Afar Zone 1;Asayita;20103;07/09/2006;;56300;56300;;;33305;169;;
OROMIA;East Shewa;Goro Gutu;41010;07/09/2007;;;;;;854;0;;
OROMIA;East Shewa;Girawa;41016;01/08/2005;;;;;;170;0;;20
OROMIA;East Shewa;Girawa;41016;01/08/2006;;61000;61000;8;;2000;0;217;
OROMIA;East Shewa;Girawa;41016;01/04/2003;;;;;;180;36;;96
OROMIA;East Shewa;Deder;41011;01/04/2003;;;;;;252;31;;9
Afar;Afar Zone 1;Asayita;20103;05/12/2005;;8700;8700;;;;0;;
Afar;Afar Zone 1;Asayita;20103;01/07/2003;;;;;;;3381;;
OROMIA;East Shewa;Bedeno;41013;07/09/2007;;;;;;230;0;;
OROMIA;East Shewa;Bedeno;41013;14/05/2005;;;;;;4.14;0;;
Afar;Afar Zone 1;Asayita;20103;01/07/2003;;;;;;;3381;;
OROMIA;Borena;Moyale (Oromia);41210;07/09/2006;;;;;;;0;;
OROMIA;Borena;Arero;41208;01/04/2002;;;;1;2;;0;;12
OROMIA;West Guji;Abaya;41213;07/09/2005;;;;;;;0;;19
OROMIA;Bale;Seweyna;41118;28/04/2005;;2;2;;;;12;;
OROMIA;Bale;Seweyna;41118;01/10/2001;;;;2;2;;0;;
OROMIA;Bale;Lege Hida;30420;07/09/2008;;1530;1530;;;;0;;
SNNPR;Gamugofa;Arba Minch Town Adm;71016;07/09/2007;;370;370;;;;0;135;10
SNNPR;Gamugofa;Arba Minch Town Adm;71016;07/09/2006;;24800;24800;;;;0;;
OROMIA;Bale;Ginir;41108;07/09/2007;;;;;;592;0;;
OROMIA;Bale;Gasera;41106;07/09/2008;;5525;5525;;;;0;;
OROMIA;Bale;Dawe Ketchen;41121;17/08/2001;;;;;;;0;400;
OROMIA;Arsi;Hitosa;40807;07/09/2007;;;;;;333;0;;
SNNPR;Gamugofa;Arba Minch Town Adm;71016;07/09/2005;;22000;22000;;;;0;;
SNNPR;Gamugofa;Arba Minch Town Adm;71016;05/12/2005;;;;;;5311;447;18650;67
OROMIA;Arsi;Sire;40820;07/09/2003;;;;;;429;0;;
OROMIA;Arsi;Seru;40811;07/09/2008;;3300;3300;;;;0;;
OROMIA;Arsi;Robe;40812;07/09/2008;;8402;8402;;;;0;;
OROMIA;Arsi;Robe;40812;01/06/2004;;2070;2070;;;344;0;;
SNNPR;Gamugofa;Arba Minch Town Adm;71016;07/09/2005;;12000;12000;;;;0;;
SNNPR;Gamugofa;Arba Minch Town Adm;71016;03/12/2003;;;;;;1213;0;7917;10
SNNPR;Gamugofa;Arba Minch Town Adm;71016;01/10/2001;;;;;;;0;2500;
Amhara;North Shewa;Antsokiya Gemza;30507;07/09/2006;;3020;3020;;;;0;;
Amhara;North Shewa;Antsokiya Gemza;30507;24/06/2008;;814;814;;;;0;;
Amhara;North Shewa;Antsokiya Gemza;30507;07/09/2007;;183;183;;;;0;183;
Amhara;North Shewa;Antsokiya Gemza;30507;07/09/2006;;;;;;;0;490;
Amhara;North Shewa;Antsokiya Gemza;30507;07/09/2006;;24430;24430;;;;3;77;
Amhara;North Shewa;Antsokiya Gemza;30507;07/09/2006;;;;;;62422;84;;
Amhara;North Shewa;Antsokiya;30507;01/08/2010;;130;130;;;;0;130;
Amhara;Awi;Ankasha;30903;01/12/2006;;6000;6000;;;1800;0;;
Amhara;South Wello;Ambasel;30404;22/08/2010;;;0;;;1368;;;
Amhara;Central Gondar;Alfa;30115;01/06/2004;;;;1;;;154;;
Tigray;Southern Tigray;Alage;10404;01/03/2004;;;;;;;63;;
SNNPR;Alaba Sp.;Alaba;72101;07/09/2006;;17973;17973;;;;0;;
SNNPR;Alaba Sp.;Alaba;72101;07/09/2006;;;;;;798;395;4073;658
Gambella;Nuwer;Lare;120102;22/11/2007;;132;132;;;;0;14346;
SNNPR;Alaba Sp.;Alaba;72101;06/12/2006;;;;1;;;140;3000;
SNNPR;Alaba Sp.;Alaba;72101;04/12/2004;;;;;;1805.52;1106;8634;109
Gambella;Nuwer;Lare;120102;07/09/2008;;;;;;1923.86;341;13004;
Tigray;Central Tigray;Ahieferom;10202;01/08/2010;;1400;1400;;;56;0;;
Gambella;Etang Special;Itang;120207;07/09/2007;;;;;;2617.19;747;50264;
Gambella;Agnewak;Gog;120203;07/09/2001;;5;5;;;110;421;21733;
OROMIA;East Shewa;Adamitulu Jido Kombolcha;40708;01/04/2002;;;;4;;;43;;
Gambella;Etang Special;Itang;120207;07/09/2007;;41;41;;;;0;27143;
Gambella;Etang Special;Itang;120207;22/11/2007;;209;209;;;;0;8785;
Amhara;South Wello;Borena / Debresina;30412;01/08/2010;;1189;1189;;;119;0;;
Benishangul Gumz;Asosa;Menge;60301;19/09/2000;;;;;;;500;;200
Amhara;West Gojam;Semen Achefer;30701;14/08/2008;;;;;;786;0;;
Amhara;West Gojam;Mecha;30704;07/09/2006;;351;351;1;;;0;53;
Amhara;Wag Himra;Sekota;30802;07/01/2008;;;;;;;96;;
Amhara;Wag Himra;Sekota;30802;07/09/2006;;5809;5809;;;;0;;
Amhara;Wag Himra;Dehana;30803;17/11/2008;;;;;;53;0;;
Amhara;Wag Himra;Dehana;30803;07/09/2006;;1482;1482;;;;0;;
Amhara;South Wello;Sayint;30411;16/07/2000;;1;1;1;;;0;;
Amhara;South Wello;Kalu;30407;07/09/2006;;7174;7174;;;;0;18;
Amhara;South Wello;Jama;30414;01/06/2004;;;;1;;;28;;
Amhara;South Wello;Jama;30414;01/06/2004;;75;75;;;122;0;375;
Amhara;South Wello;Albuko;30408;01/03/2004;;;;;;;19;;
Amhara;South Gonder;Semada;30207;01/08/2006;;;;2;;34;0;;
Amhara;South Gonder;Libokemekem;30202;07/09/2007;;1127;1127;;;;0;1127;
Amhara;South Gonder;Libokemekem;30202;07/09/2006;;;;2;;;600;;
Amhara;South Gonder;Libokemekem;30202;07/09/2006;;10000;10000;;;;0;;
Amhara;South Gonder;Libokemekem;30202;07/09/2006;;20821;20821;1;;2441;2790;3134;
Amhara;South Gonder;Libokemekem;30202;07/09/2000;;10234;10234;;;;0;;
Amhara;South Gonder;Fogera;30203;07/09/2006;;2964;2964;;;;0;;
Amhara;South Gonder;Fogera;30203;01/08/2006;;;;;;;0;4430;
Amhara;South Gonder;Fogera;30203;07/09/2006;;43127;43127;;;4240;210;9313;
Amhara;South Gonder;Fogera;30203;07/09/2000;;13178;13178;;;;0;;
Amhara;South Gonder;Farta;30204;07/09/2008;;;;;;86;0;;
Amhara;South Gonder;Farta;30204;01/06/2004;;;;2;;;7;;1
Amhara;South Gonder;Dera (Amhara);40602;01/08/2007;;;;;;;0;3620;
Amhara;South Gonder;Dera (Amhara);40602;18/02/2008;;;;;;;23;;
Amhara;South Gonder;Dera (Amhara);40602;07/09/2007;;;;;;308.2;0;;
Amhara;South Gonder;Dera (Amhara);40602;07/09/2006;;7482;7482;;;206.5;4;;
Amhara;South Gonder;Dera (Amhara);40602;01/08/2006;;;;2;;;0;;
Amhara;South Gonder;Dera (Amhara);40602;01/07/2003;;;;;;;3100;;
Amhara;South Gonder;Dera (Amhara);40602;01/07/2003;;;;;;;3100;;
Amhara;South Gonder;Dera (Amhara);40602;07/09/2000;;386;386;;;;0;;
Amhara;Oromia;Artuma Fursi;31004;07/09/2006;;2755;2755;;;4150;1354;4951;
Amhara;Oromia;Artuma Fursi;31004;07/09/2007;;587;587;;;;0;;
Amhara;North Wello;Raya Kobo;30302;01/08/2006;;;;;;;100;60;12
Amhara;North Wello;Raya Kobo;30302;14/11/2007;;2288;2288;;;306.75;0;2288;
Amhara;North Wello;Raya Kobo;30302;07/09/2006;;102;102;;;;0;56;
Amhara;North Wello;Raya Kobo;30302;23/08/2006;;87;87;;;;0;87;
Amhara;North Wello;Habru;30308;07/09/2007;;2;2;;;;0;;
Amhara;North Wello;Bugna;30301;01/08/2005;;;;2;;;0;;
Amhara;North Shewa;Ensaro;30503;15/09/2008;;;;1;1;;0;;
Amhara;West Gondar;Metema;30113;07/09/2006;;966;966;1;;398;17;;
Amhara;West Gondar;Metema;30113;01/10/2001;;;;;;570;0;;
Amhara;Central Gondar;Dembia;30111;07/01/2008;;;;;;400;0;;15
Amhara;Central Gondar;Dembia;30111;01/08/2007;;;;2;;1600;0;;
Amhara;Central Gondar;Dembia;30111;07/09/2006;;23860;23860;1;;192.14;0;;
Amhara;Central Gondar;Dembia;30111;01/07/2001;;1130;1130;;;;0;;
Amhara;Central Gondar;Dembia;30111;01/07/2001;;1130;1130;;;;0;;
Amhara;North Gondar;Dabat;30105;01/08/2005;;;;;;1035;52;;
Amhara;East Gojam;Goncha Siso Enebse;30603;01/07/2004;;;;3;;;0;;
Amhara;East Gojam;Goncha Siso Enebse;30603;01/07/2004;;;;3;;;0;;
Amhara;East Gojam;Dejen;30613;07/09/2006;;288;288;;;701.75;953;2219;
Amhara;East Gojam;Bibugn;30601;01/06/2004;;;;3;5;;0;;4
Afar;Afar Zone 4;Ewa;20402;07/09/2007;;;;;;;0;;70
Afar;Afar Zone 3;Gewane;20303;24/08/2007;;12000;12000;;;900;30;;
Afar;Afar Zone 3;Gewane;20303;01/08/2007;;;;;;800;30;12000;
Afar;Afar Zone 3;Gewane;20303;07/09/2006;;10294;10294;2;;;15;;
Afar;Afar Zone 1;Dubti;20101;07/09/2006;;7000;7000;;;;0;;
Afar;Afar Zone 1;Dubti;20101;30/11/2005;;4000;4000;;;1000;0;;
Afar;Afar Zone 1;Dubti;20101;07/09/2005;;42000;42000;;;;0;;
Afar;Afar Zone 1;Dubti;20101;14/04/2004;;21847;21847;;;;123;;
Afar;Afar Zone 1;Dubti;20101;07/09/2003;;38;38;;;15;500;;
Afar;Afar Zone 1;Dubti;20101;13/04/2002;;4000;4000;;;;0;1000;
Afar;Afar Zone 1;Afambo;20104;07/09/2007;;1500;1500;;;295;0;1500;
Afar;Afar Zone 1;Afambo;20104;07/09/2003;;;;;;;0;14200;
Afar;Afar Zone 3;Awash Fentale;20302;07/09/2007;;1149;1149;;;;1246;1149;
Afar;Afar Zone 3;Amibara;20301;07/12/2007;;200;200;;;;0;;
Afar;Afar Zone 3;Amibara;20301;07/09/2006;;13200;13200;;;;0;;
Afar;Afar Zone 3;Amibara;20301;01/08/2006;;6000;6000;;;;160;;
Afar;Afar Zone 1;Dubti;20101;07/09/2005;;25000;25000;;;;0;;
Afar;Afar Zone 1;Mile;20105;07/09/2008;;5000;5000;;;;0;;
Afar;Afar Zone 1;Mile;20105;07/09/2007;;1275;1275;;;;0;1275;
Afar;Afar Zone 1;Mile;20105;13/07/2006;;6375;6375;;;;5524;;
Afar;Afar Zone 1;Mile;20105;01/04/2004;;;;4;;;3170;;
Afar;Afar Zone 1;Elidar;20102;07/12/2007;;620;620;;;;0;;
Afar;Afar Zone 1;Elidar;20102;27/09/2006;;620;620;;18;;0;;
Afar;Afar Zone 1;Dubti;20101;07/09/2007;;;;;;100;0;;
Afar;Afar Zone 1;Dubti;20101;07/12/2007;;4000;4000;;;;0;;
Amhara;North Wello;Mersa Town;30397;22/08/2010;;;0;5;19;3745;;;
Amhara;South Wello;kalu;30407;20/08/2011;;;0;20;;;;;
Amhara;Central Gondar;Dembia;30111;20/08/2011;;;0;;;;;;
Amhara;Central Gondar;Gonder Zuria;30110;20/08/2011;;;0;;;;;;
Somali;Shebelle;Mustahil;50606;21/08/2011;;;0;;;;;;
Tigray;Western Tigray;Alamata;10407;22/08/2011;;;0;;;;;;
Somali;Shebelle;Kelafo;50605;02/05/2012;702;;702;;;;;;
Somali;Shebelle;Mustahil;50606;03/05/2012;30;;30;;;;;;
Somali;Korahe ;Kebridehar;50502;25/04/2012;;;0;;;;;;
Somali;Korahe ;Shekosh;50501;26/04/2012;330;;330;;;;;;
SNNPR;sidama;loka abaya;70414;01/05/2013;650;;650;;;;;;
SNNPR;Wolayita;Humbo;70604;02/05/2013;650;;650;;;;;;
OROMIA;East Hararge;Adhaki;11068;03/05/2013;400;;400;;;;;;
OROMIA;West Hararge;Adigrat Town;10308;04/05/2013;400;;400;;;;;;
Tigray;Central Tigray;Adwa;10204;05/05/2013;400;;400;;;;;;
Somali;Shebelle;Mustahil;50606;31/10/2015;102000;;102000;5;;;10000;;
Somali;Shebelle;Kelafo;50605;01/11/2015;102000;;102000;5;;;10000;;
OROMIA;East Hararge;Ayder;11067;02/04/2018;;;0;;;;;;
Tigray;South Eastern;Dega Temben;10604;03/04/2018;;;0;;;;;;
OROMIA;East Shewa;Endamehoni;10405;04/04/2018;;;0;;;;;;
OROMIA;West Hararge;Enderta;10602;05/04/2018;;;0;;;;;;
OROMIA;Arsi;Robe;;;;;;;;;;;
Somali;Afder;West Imi;50805;05/04/2018;;;165000;;;12,911;;;
Somali;Fafan;Kebribeyah;50502;05/04/2018;;;165000;;;12,911;;;
Somali;Liben;Filtu;50901;05/04/2018;;;165000;;;12,911;;;
Somali;Siti;Shinile;50103;05/04/2018;;;165000;;;12,911;;;
Somali;Shebelle;Ferfer;50607;05/04/2018;;;165000;;;12,911;;;
Somali;Doolo;Warder;50704;05/04/2018;;;165000;;;12,911;;;