Region;Zone;Wereda;pcode;Date;seasone;seson_year;directely affected;Indirectly Affected;Affected;Deaths;Injured;Crop Damages;Lost Cattle ;Relocated ;Houses Destroyed 
 SNNPR; Hadiya;Shashogo;070204;24/07/2012;Kiremt;Kiremt_2012;;1272,00;1272; ; ;2189;0; ; 
 Oromiya; Arsi;Tena;040813;31/01/2010;Belge;Belge_2010;;4150,00;4150; ; ;;16; ; 
 Oromiya; East Shewa;Fentale;040701;24/08/2010;Kiremt;Kiremt_2010;;9000,00;9000; ; ; ;0;900; 
 Oromiya; Adama Spe. Zone;Shashemene Zuria;041712;24/08/2010;Kiremt;Kiremt_2010;;5000,00;5000; ; ; ;0; ; 
 Oromiya; West Shewa;Tikur Enchini;040509;24/08/2010;Kiremt;Kiremt_2010;; ;;1; ;;26; ; 
 Oromiya; Arsi;Gololcha Arsi;040803;18/08/2010;Kiremt;Kiremt_2010;;8000,00;8000; ; ;;5; ; 
 SNNPR; Sidama;Aleta Wendo;070405;01/01/2010;Belge;Belge_2010;;1844,00;1844; ; ;;4; ; 
 Oromiya; Borena;Miyo;041216;01/04/2010;Belge;Belge_2010;;350,00;350; ; ;101;0; ; 
 Oromiya; Borena;Miyo;041216;01/04/2010;Belge;Belge_2010;;1200,00;1200; ; ; ;0; ; 
 Oromiya; Borena;Moyale;041210;01/04/2010;Belge;Belge_2010;;9700,00;9700; ; ;324;0;1937; 
 Oromiya; Borena;Yabelo;041207;01/03/2010;Belge;Belge_2010;;9200,00;9200; ; ;2644;54;2213; 
 Oromiya; Borena;Abaya;041213;01/05/2010;Belge;Belge_2010;;4600,00;4600; ; ;678;0; ; 
 Oromiya; East Welega;Jimma Arjo;040214;01/08/2010;Kiremt;Kiremt_2010;; ;;2;;66;35; ; 
 Oromiya; Jima;Limu Kosa;040402;01/07/2010;Kiremt;Kiremt_2010;; ;; ; ;119;0; ; 
 Amhara; West Gojam;Yilmana Densa;030703;01/08/2010;Kiremt;Kiremt_2010;;16,00;16; ; ; ;0; ; 
 SNNPR; Yem Sp. Wer.;Yem SP woreda;071201;01/08/2004;Kiremt;Kiremt_2004;; ;;2; ; ;0; ; 
 SNNPR; South Omo;Hamer;070704;01/08/2010;Kiremt;Kiremt_2010;;6250,00;6250; ; ; ;0; ; 
 SNNPR; South Omo;Dasenech (Kuraz);070706;01/08/2010;Kiremt;Kiremt_2010;;5000,00;5000; ; ; ;0; ; 
 SNNPR; Gamugofa;Dita;071008;01/08/2010;Kiremt;Kiremt_2010;; ;; ; ;21;3; ; 
 Gambella; Agnuak;Itang;120207;01/08/2010;Kiremt;Kiremt_2010;;15000,00;15000; ; ; ;0; ; 
 Gambella; Nuer;Wantawo;120104;01/08/2010;Kiremt;Kiremt_2010;;3750,00;3750; ; ; ;0; ; 
Amhara;North Wello;Mersa Town;030397;22/08/2010;Kiremt;Kiremt_2010;;;0;;;;;;
 Gambella; Nuer;Akobo;120101;01/08/2010;Kiremt;Kiremt_2010;;2500,00;2500; ; ; ;0; ; 
 Gambella; Nuer;Jikawo;120103;01/08/2010;Kiremt;Kiremt_2010;;6250,00;6250; ; ; ;0; ; 
 Gambella; Nuer;Lare;120102;01/08/2010;Kiremt;Kiremt_2010;;5000,00;5000; ; ; ;0; ; 
 Amhara; Oromiya Zone;Kemisie Town;031006;01/08/2010;Kiremt;Kiremt_2010;;1139,00;1139; ; ; ;0; ; 
 Amhara; North Shewa;Menz Mama Midir;030509;01/08/2010;Kiremt;Kiremt_2010;;8,00;8; ; ; ;0;8; 
 Amhara; South Welo;Were ilu;030415;01/08/2010;Kiremt;Kiremt_2010;;8444,00;8444; ; ;55;0; ; 
 Tigray; East Tigray;Wukro Town;010309;01/08/2010;Kiremt;Kiremt_2010;;557,00;557; ; ; ;0; ; 
 Amhara; Wag Himra;Sekota;030802;01/08/2010;Kiremt;Kiremt_2010;; ;; ; ;21;0; ; 
 Amhara; Wag Himra;Ziquala;030801;01/08/2010;Kiremt;Kiremt_2010;;505,00;505; ; ;87;460; ; 
 Amhara; North Gondar;west Belesa;030116;01/08/2010;Kiremt;Kiremt_2010;;505,00;505; ; ; ;0;505;110
 Tigray; Central Tigray;Werei Leke;010203;01/08/2006;Kiremt;Kiremt_2006;; ;; ; ;491;12; ;24
 Amhara; South Welo;Babo;040111;01/08/2010;Kiremt;Kiremt_2010;;10183,00;10183; ; ;229;27; ; 
 Amhara; West Gojam;Bure;030710;01/08/2010;Kiremt;Kiremt_2010;;1960,00;1960; ; ;521;0; ; 
 Tigray; North Western Tigray;Welkait;010502;01/07/2010;Kiremt;Kiremt_2010;;125,00;125; ; ;75;0; ; 
 Amhara; South Welo;Wegde;030416;30/11/2007;Kiremt;Kiremt_2007;;1,00;1;1; ;;28; ; 
 Amhara; South Welo;Wegde;030416;30/11/2007;Kiremt;Kiremt_2007;;1,00;1;1; ;;28; ; 
 Amhara; South Welo;Wegde;030416;07/09/2006;Kiremt;Kiremt_2006;;828,00;828; ; ;710;177;135; 
 Amhara; North Gondar;Dembia;030111;01/08/2010;Kiremt;Kiremt_2010;; ;; ; ;124;0; ; 
Amhara;South Gondar ;wegera;030109;20/08/2011;Kiremt;Kiremt_2011;;;0;;;;;;
 Oromiya; Borena;Teltele;041212;01/04/2010;Belge;Belge_2010;;3000,00;3000; ; ;16003;12;1050; 
 Amhara; South Welo;Tehuledere;#N/A;01/08/2004;Kiremt;Kiremt_2004;; ;;2;1; ;0; ; 
 Amhara; South Welo;Kalu;030407;01/08/2010;Kiremt;Kiremt_2010;;8107,00;8107; ; ;873;4;232;13
 Amhara; South Welo;Kalu;030407;01/08/2010;Kiremt;Kiremt_2010;;2750,00;2750; ; ;189;37; ; 
 Amhara; South Welo;Kalu;030407;01/08/2010;Kiremt;Kiremt_2010;; ;; ; ;125;57; ; 
 Amhara; North Gondar;Taqusa;#N/A;07/09/2008;Kiremt;Kiremt_2008;;22,00;22; ; ; ;0; ; 
 Tigray; West Tigray;Tahtay Adiyabo;010101;01/08/2010;Kiremt;Kiremt_2010;;2952,00;2952; ; ; ;0; ; 
 Tigray; West Tigray;Tahtay Adiyabo;010101;01/07/2010;Kiremt;Kiremt_2010;;2200,00;2200; ; ;875;12; ; 
 Amhara; South Welo;Kutaber;030403;01/08/2010;Kiremt;Kiremt_2010;;7891,00;7891; ; ;382;1; ; 
 Amhara; South Welo;Tenta;030402;01/08/2010;Kiremt;Kiremt_2010;;3645,00;3645; ; ;223;8; ; 
 Amhara; South Welo;Mekdela;030401;01/08/2010;Kiremt;Kiremt_2010;;726,00;726; ; ;60;0; ; 
 Amhara; South Welo;Jama;030414;01/08/2010;Kiremt;Kiremt_2010;;6,00;6; ; ;;4;6; 
 Amhara; South Welo;Albuko;030408;01/08/2010;Kiremt;Kiremt_2010;;28150,00;28150; ; ;4089;88;249; 
 Amhara; North Welo;Delanta;030306;01/08/2010;Kiremt;Kiremt_2010;;12686,00;12686; ; ;1470;65;39; 
 SNNPR; Silte;Selti;072002;07/09/2006;Kiremt;Kiremt_2006;;3120,00;3120; ; ; ;0; ; 
 SNNPR; Silte;Selti;072002;06/12/2006;Kiremt;Kiremt_2006;; ;; ; ;;121;3120;984
 Tigray; West Tigray;shire;010108;01/08/2010;Kiremt;Kiremt_2010;;999,00;999; ; ; ;0; ; 
 Amhara; South Welo;Ambasel;030404;01/08/2010;Kiremt;Kiremt_2010;;77853,00;77853; ; ;2716;19;805; 
 Amhara; South Gonder;Dera;040602;01/08/2010;Kiremt;Kiremt_2010;;18641,00;18641; ; ;2726;316; ;79
 Amhara; South Gonder;Libo Kemkem;030202;01/08/2010;Kiremt;Kiremt_2010;; ;; ; ;387;62; ; 
 Amhara; South Gonder;Fogera;030203;01/08/2010;Kiremt;Kiremt_2010;; ;; ; ;1164;64; ; 
 Amhara; West Gojam;Bure;030710;01/08/2010;Kiremt;Kiremt_2010;;1960,00;1960; ; ; ;0; ; 
 Amhara; South Welo;Kalu;030407;01/08/2010;Kiremt;Kiremt_2010;;8540,00;8540; ; ;972;45;726; 
 SNNPR; Sidama;Shashogo;070204;07/09/2006;Kiremt;Kiremt_2006;;1540,00;1540; ; ; ;0; ; 
 Amhara; North Shewa;Kewet;030512;01/08/2010;Kiremt;Kiremt_2010;;1495,00;1495; ; ;110;3; ; 
 Amhara; North Welo;Wadla;030305;01/08/2010;Kiremt;Kiremt_2010;;1336,00;1336; ; ;116;9; ; 
 SNNPR; Hadiya;Shashogo;070204;07/09/2006;Kiremt;Kiremt_2006;;7500,00;7500; ; ; ;0; ; 
 Amhara; North Welo;Bugna;030301;01/08/2010;Kiremt;Kiremt_2010;;4462,00;4462; ; ;1004;28;50; 
 Amhara; North Welo;Wadla;030305;01/08/2010;Kiremt;Kiremt_2010;;18935,00;18935; ; ;1866;23;3; 
 SNNPR; Hadiya;Shashogo;070204;06/12/2006;Kiremt;Kiremt_2006;; ;;2; ;5066;0;8258; 
 Amhara; North Welo;Kobo;030302;01/08/2010;Kiremt;Kiremt_2010;;494,00;494; ; ; ;0;494; 
 Amhara; North Welo;Kobo;030302;01/08/2010;Kiremt;Kiremt_2010;;5728,00;5728; ; ;493;14;47;44
 Amhara; North Welo;Habru;030308;01/08/2010;Kiremt;Kiremt_2010;;37796,00;37796; ; ;5064;72;2919; 
 Amhara; North Welo;Habru;030308;01/08/2010;Kiremt;Kiremt_2010;;31255,00;31255; ; ;3422;58;2624; 
 SNNPR; Hadiya;Shashogo;070204;07/09/2005;Kiremt;Kiremt_2005;;17,00;17; ; ;5.4;0; ; 
 Afar; Zone 5;Dewe;020503;29/07/2010;Kiremt;Kiremt_2010;;1000,00;1000; ; ; ;0; ; 
 Amhara; Oromiya Zone;Artuma Fursi;031004;01/08/2010;Kiremt;Kiremt_2010;;7560,00;7560; ; ;1202;3;5883; 
 Afar; Zone 5;Simurobi Gele'alo;020502;29/07/2010;Kiremt;Kiremt_2010;;1000,00;1000; ; ; ;0; ; 
 Afar; Zone 5;Simurobi Gele'alo;020502;29/07/2010;Kiremt;Kiremt_2010;;1100,00;1100; ; ;346;0; ; 
 Tigray; South Tigray;Alamata;010407;01/08/2010;Kiremt;Kiremt_2010;;5363,00;5363; ; ; ;0; ; 
 Tigray; South Tigray;Alamata;010407;01/08/2010;Kiremt;Kiremt_2010;;18384,00;18384; ; ; ;0; ; 
 Afar; Zone 5;Simurobi Gele'alo;020502;07/09/2006;Kiremt;Kiremt_2006;; ;; ; ;;660; ; 
 Afar; Zone 5;Simurobi Gele'alo;020502;07/09/2006;Kiremt;Kiremt_2006;; ;; ; ;;550; ; 
 Afar; Zone 5;Simurobi Gele'alo;020502;07/09/2006;Kiremt;Kiremt_2006;; ;; ; ;;620; ; 
 Afar; Zone 5;Simurobi Gele'alo;020502;07/09/2006;Kiremt;Kiremt_2006;; ;; ; ;;450; ; 
 Afar; Zone 5;Simurobi Gele'alo;020502;07/09/2006;Kiremt;Kiremt_2006;; ;; ; ;;400; ; 
 Amhara; West Gojam;Semen Achefer;030701;01/08/2010;Kiremt;Kiremt_2010;;250,00;250; ; ; ;0; ; 
 Tigray; South Tigray;Enderta;010602;01/08/2010;Kiremt;Kiremt_2010;;395,00;395; ; ;37;8; ; 
 SNNPR; South Omo;selamgo;#N/A;07/09/2007;Kiremt;Kiremt_2007;;25000,00;25000; ; ; ;0; ; 
 Tigray; South Tigray;Seharti Samre;#N/A;01/07/2010;Kiremt;Kiremt_2010;;980,00;980; ; ;404;49; ; 
 Tigray; Central Tigray;Degua Temben;010604;01/08/2010;Kiremt;Kiremt_2010;;130,00;130; ; ;5;0; ; 
 Amhara; Wag Himra;Sehala;#N/A;20/03/2009;Belge;Belge_2009;; ;; ; ;;14; ; 
 Tigray; East Tigray;Saesi Tsesada Amba;#N/A;01/08/2010;Kiremt;Kiremt_2010;;7950,00;7950; ; ;530;0; ; 
 Tigray; East Tigray;Saesi Tsesada Amba;#N/A;01/08/2006;Kiremt;Kiremt_2006;; ;;6; ; ;0; ; 
 SNNPR; South Omo;Nyanigatom;#N/A;07/09/2006;Kiremt;Kiremt_2006;;6000,00;6000; ; ; ;0; ; 
 Tigray; Central Tigray;Nader Adet;#N/A;01/08/2010;Kiremt;Kiremt_2010;;9120,00;9120; ; ;727;0; ; 
Amhara;South Gondar ;Nabega;#N/A;20/08/2011;Kiremt;Kiremt_2011;;;0;;;;;;
 Tigray; Central Tigray;Tahtay Maychew;010206;01/07/2010;Kiremt;Kiremt_2010;;3550,00;3550; ; ;208;0; ; 
 Tigray; West Tigray;Tahtay Koraro;010104;01/07/2010;Kiremt;Kiremt_2010;;4735,00;4735; ; ;569;33; ; 
 Tigray; West Tigray;Medebay Zana;010103;01/07/2010;Kiremt;Kiremt_2010;;2145,00;2145; ; ;225;0; ; 
 Tigray; West Tigray;Medebay Zana;010103;01/07/2010;Kiremt;Kiremt_2010;;3020,00;3020; ; ;202;0; ; 
 Tigray; Central Tigray;Kola Temben;010208;01/06/2010;Belge;Belge_2010;;4450,00;4450; ; ;573;96; ; 
 Tigray; East Tigray;Erob;010302;01/07/2010;Kiremt;Kiremt_2010;;755,00;755; ; ;14;17; ; 
 Tigray; South Tigray;Ofla;010408;01/07/2010;Kiremt;Kiremt_2010;;39705,00;39705;7;;2583;45;85; 
 Tigray; South Tigray;Mychew /Town/;#N/A;01/08/2010;Kiremt;Kiremt_2010;;853,00;853; ; ; ;0; ; 
 Tigray; North Western Tigray;Kafta Humera;010501;01/07/2010;Kiremt;Kiremt_2010;;1385,00;1385; ; ;3534;0; ; 
 Tigray; South Tigray;Mychew /Town/;#N/A;01/08/2010;Kiremt;Kiremt_2010;;1264,00;1264; ; ; ;0; ; 
 Somali; Afder;Mirab Imi/Shebele;#N/A;07/09/2006;Kiremt;Kiremt_2006;;41000,00;41000;7;2; ;0; ; 
 Tigray; South Tigray;Endamehoni;010405;01/08/2010;Kiremt;Kiremt_2010;;41950,00;41950; ; ;2226;107; ; 
 Tigray; South Tigray;Raya Azebo;010406;01/07/2010;Kiremt;Kiremt_2010;;10255,00;10255; ; ;250;303;1362; 
 Tigray; Central Tigray;Adwa;010204;01/07/2010;Kiremt;Kiremt_2010;;1410,00;1410; ; ; ;0;94; 
 Tigray; East Tigray;Hawzen;010305;01/07/2010;Kiremt;Kiremt_2010;;3630,00;3630; ; ;78;0; ; 
 Tigray; East Tigray;Hawzen;010305;30/11/2010;Kiremt;Kiremt_2010;;10135,00;10135; ; ;1177;0; ; 
 Tigray; South Tigray;Alamata;010407;21/12/2010;Kiremt;Kiremt_2010;;11885,00;11885;2;;2416;202;9875; 
 Somali; Afder;Mirab Imi/Shebele;#N/A;07/09/2005;Kiremt;Kiremt_2005;;66,00;66; ; ; ;0;3000; 
 Somali; Afder;Mirab Imi/Shebele;#N/A;22/04/2005;Belge;Belge_2005;;13415,00;13415;55; ;;14128; ;900
 Amhara; North Gondar;Mirab Belesa;#N/A;01/06/2004;Belge;Belge_2004;; ;;2; ; ;0; ; 
 Afar; Zone 4;Ewa;020402;28/08/2010;Kiremt;Kiremt_2010;;1200,00;1200; ; ; ;0; ; 
 Amhara; North Gondar;Mirab Belesa;#N/A;01/08/2004;Kiremt;Kiremt_2004;;1100,00;1100; ; ;112;0; ; 
 SNNPR; Gamugofa;Mierab Abaya;#N/A;22/06/2007;Belge;Belge_2007;; ;; ; ;179;45;500; 
 SNNPR; Gamugofa;Mierab Abaya;#N/A;07/09/2007;Kiremt;Kiremt_2007;;470,00;470; ; ;400;108;470; 
 SNNPR; Gamugofa;Mierab Abaya;#N/A;07/09/2006;Kiremt;Kiremt_2006;;300,00;300; ; ; ;0; ; 
 SNNPR; Gamugofa;Mierab Abaya;#N/A;03/12/2003;Kiremt;Kiremt_2003;; ;; ; ;120;0;300; 
 Oromiya; East Shewa;Metta;#N/A;01/04/2010;Belge;Belge_2010;;1800,00;1800; ; ;3467;0;630; 
 Afar; Zone 4;Chifra;020106;15/08/2010;Kiremt;Kiremt_2010;;600,00;600; ; ; ;0; ; 
 Afar; Zone 3;Chifra;020106;28/07/2010;Kiremt;Kiremt_2010;;18600,00;18600; ; ;865;0;18600; 
 Afar; Zone 2;Chifra;020106;14/08/2010;Kiremt;Kiremt_2010;;15630,00;15630; ; ;160;0;15630; 
 Afar; Zone 1;Chifra;020106;22/07/2010;Kiremt;Kiremt_2010;;11500,00;11500; ; ;1642;0;11500; 
 Tigray; Central Tigray;Mereb Lehe;#N/A;01/08/2010;Kiremt;Kiremt_2010;;5772,00;5772; ; ; ;0; ; 
 Tigray; Central Tigray;Mereb Lehe;#N/A;01/08/2010;Kiremt;Kiremt_2010;;15810,00;15810; ; ;1054;72; ; 
 Oromiya; Bale;Agarfa;041104;01/07/2010;Kiremt;Kiremt_2010;;4000,00;4000; ; ; ;0; ; 
 Amhara; North Shewa;Merahbete;030502;01/08/2010;Kiremt;Kiremt_2010;;1697,00;1697; ; ;50;0; ; 
 Oromiya; East Shewa;Melka Belo;#N/A;01/04/2010;Belge;Belge_2010;;1000,00;1000; ; ;53;3;350; 
 Oromiya; East Shewa;Melka Belo;#N/A;07/09/2007;Kiremt;Kiremt_2007;; ;; ; ;120;0; ; 
 Oromiya; East Shewa;Adama;040703;01/07/2010;Kiremt;Kiremt_2010;;5000,00;5000; ; ; ;0;1750; 
 Oromiya; East Shewa;Boset;040702;01/07/2010;Kiremt;Kiremt_2010;;4000,00;4000; ; ; ;0; ; 
 Oromiya; East Shewa;Haro Maya;041006;01/04/2010;Belge;Belge_2010;; ;; ; ;187;0; ; 
 Oromiya; East Shewa;Kombolcha;041001;01/04/2010;Belge;Belge_2010;; ;; ; ;63;0; ; 
 Amhara; East Gojam;Machakel;#N/A;01/08/2005;Kiremt;Kiremt_2005;; ;; ; ;239;0; ; 
 Oromiya; East Shewa;Girawa;041016;01/04/2010;Belge;Belge_2010;;5000,00;5000; ; ;616;0; ; 
 Amhara; East Gojam;Machakel;#N/A;01/08/2005;Kiremt;Kiremt_2005;; ;; ; ; ;0; ;34
 Oromiya; East Shewa;Bedeno;041013;01/04/2010;Belge;Belge_2010;;1700,00;1700; ; ;49;0; ; 
 Amhara; East Gojam;Machakel;#N/A;01/08/2005;Kiremt;Kiremt_2005;;2315,00;2315; ; ;775;0; ;27
 Oromiya; East Shewa;Deder;041011;01/04/2010;Belge;Belge_2010;;2000,00;2000; ; ;195;0; ; 
 Oromiya; East Shewa;Goro Gutu;041010;01/04/2010;Belge;Belge_2010;;3000,00;3000; ; ;185;0;1050; 
 SNNPR; Sidama;Loko Abeya;#N/A;07/09/2007;Kiremt;Kiremt_2007;;1514,00;1514; ; ; ;0; ; 
 Oromiya; Arsi;Tena;040813;01/08/2010;Kiremt;Kiremt_2010;;4150,00;4150; ; ;206;16; ; 
 Amhara; South Welo;Legehida;030420;01/08/2010;Kiremt;Kiremt_2010;;366,00;366; ; ;713;0; ; 
 Oromiya; West Arsi;Shashemene Zuria;041712;01/08/2010;Kiremt;Kiremt_2010;;5000,00;5000; ; ;95;0; ; 
 Amhara; South Welo;Legehida;030420;01/08/2010;Kiremt;Kiremt_2010;;381,00;381; ; ;51;0; ; 
 Oromiya; West Arsi;Adaba;041710;01/08/2010;Kiremt;Kiremt_2010;;22000,00;22000; ; ;459;3;7700; 
 Oromiya; West Arsi;Dodola;041707;01/08/2010;Kiremt;Kiremt_2010;; ;; ; ;;10; ; 
 Oromiya; Arsi;Shirka;040814;01/08/2010;Kiremt;Kiremt_2010;;2500,00;2500; ; ;240;0;875; 
 Oromiya; Borena;Gelana;041217;01/04/2010;Belge;Belge_2010;;14000,00;14000; ; ;3173;0;988; 
 Oromiya; Bale;Lega hidha;#N/A;01/07/2010;Kiremt;Kiremt_2010;;4500,00;4500; ; ; ;0; ; 
 Amhara; North Gondar;Lay Armcho;#N/A;01/08/2004;Kiremt;Kiremt_2004;; ;; ; ;268;48; ; 
 SNNPR; Silte;Lanfuro;#N/A;07/09/2006;Kiremt;Kiremt_2006;;300,00;300; ; ; ;0; ; 
 Tigray; North Western Tigray;Kafta Humera;010501;01/06/2004;Belge;Belge_2004;; ;;2; ; ;0; ; 
 SNNPR; Silte;Lanfuro;#N/A;06/12/2006;Kiremt;Kiremt_2006;; ;; ; ;18.4;49;300;60
 SNNPR; Silte;Lanfuro;#N/A;01/05/2003;Belge;Belge_2003;; ;; ; ;128;333; ; 
 Tigray; South Tigray;Raya Azebo;010406;07/09/2007;Kiremt;Kiremt_2007;;87,00;87; ; ; ;0; ; 
 Tigray; South Tigray;Raya Azebo;010406;01/08/2006;Kiremt;Kiremt_2006;; ;; ; ; ;0; ;24
 Tigray; South Tigray;Raya Azebo;010406;01/09/2004;Kiremt;Kiremt_2004;;50,00;50; ; ; ;0; ; 
 Tigray; South Tigray;Raya Azebo;010406;01/09/2004;Kiremt;Kiremt_2004;;1875,00;1875; ; ;1087;0; ; 
 Tigray; South Tigray;Raya Azebo;010406;07/09/2001;Kiremt;Kiremt_2001;; ;; ; ;200;0; ; 
 Tigray; South Tigray;Ofla;010408;01/08/2004;Kiremt;Kiremt_2004;; ;; ; ;176;0; ; 
 SNNPR; South Omo; Kuraz (Dasenech) ;#N/A;07/09/2006;Kiremt;Kiremt_2006;;10000,00;10000;125; ; ;0; ; 
 Tigray; South Tigray;Alamata;010407;07/09/2007;Kiremt;Kiremt_2007;;1400,00;1400; ; ; ;0; ; 
 Tigray; South Tigray;Alamata;010407;01/09/2003;Kiremt;Kiremt_2003;; ;; ; ; ;0;2000; 
 Tigray; South Tigray;Alamata;010407;11/08/2001;Kiremt;Kiremt_2001;;1027,00;1027; ; ; ;0;162; 
 SNNPR; South Omo;Kuraz (Dasenech and Yangatom);#N/A;07/09/2006;Kiremt;Kiremt_2006;;15748,00;15748; ; ; ;0; ; 
 Tigray; West Tigray;Medebay Zana;010103;01/08/2004;Kiremt;Kiremt_2004;; ;; ; ;176;0; ; 
 SNNPR; South Omo;Kuraz (Dasenech and Yangatom);#N/A;06/12/2006;Kiremt;Kiremt_2006;;5000,00;5000; ; ;;96; ; 
 SNNPR; South Omo;Kuraz (Dasenech and Yangatom);#N/A;07/09/2005;Kiremt;Kiremt_2005;;5000,00;5000; ; ;;96; ; 
 Tigray; East Tigray;Hawzen;010305;01/08/2005;Kiremt;Kiremt_2005;;3400,00;3400; ; ;815;3; ; 
 SNNPR; South Omo;Kuraz (Dasenech and Yangatom);#N/A;07/09/2001;Kiremt;Kiremt_2001;; ;;6; ; ;0; ; 
 Tigray; Central Tigray;Laelay Maychew;010205;01/08/2004;Kiremt;Kiremt_2004;; ;;1; ;85;0; ;28
 Tigray; Central Tigray;Adwa;010204;01/08/2004;Kiremt;Kiremt_2004;; ;;4; ; ;0; ; 
 SNNPR; South Omo;Kuraz (Dasenech and Yangatom);#N/A;11/12/2001;Kiremt;Kiremt_2001;; ;; ; ;;53; ; 
 SNNPR; South Omo;Kuraz (Dasenech and Yangatom);#N/A;07/09/2001;Kiremt;Kiremt_2001;; ;;12; ; ;0; ; 
 SNNPR; South Omo;Kuraz (Dasenech and Yangatom);#N/A;07/09/2007;Kiremt;Kiremt_2007;;28000,00;28000; ; ; ;0; ; 
 Somali; Warder;Warder;050704;05/12/2005;Kiremt;Kiremt_2005;;8000,00;8000;1; ; ;0; ; 
 Somali; Shinile;Shinile;050103;07/09/2000;Kiremt;Kiremt_2000;; ;; ; ; ;0;1000; 
 Somali; Shinile;Erer;130105;07/09/2000;Kiremt;Kiremt_2000;; ;;5; ;377;300;1820; 
 Somali; Shinile;Ayisha;050101;06/12/2006;Kiremt;Kiremt_2006;;3000,00;3000; ; ;;500; ;19
 SNNPR; Konso Sp. Wer.;Konso Sp. Wer;#N/A;07/09/2005;Kiremt;Kiremt_2005;; ;; ; ;1600;0; ; 
 Somali; Liben;Filtu;050901;07/09/2005;Kiremt;Kiremt_2005;;6225,00;6225; ; ;;260; ; 
 Somali; Liben;Filtu;050901;07/09/2005;Kiremt;Kiremt_2005;;6225,00;6225;5; ;;818; ; 
 Somali; Liben;Filtu;050901;01/05/2002;Belge;Belge_2002;; ;; ; ; ;0;2500; 
 Somali; Liben;Dolo Odo;050902;30/11/2003;Kiremt;Kiremt_2003;;10000,00;10000; ; ; ;0; ; 
 Somali; Liben;Dolo Odo;050902;07/09/2005;Kiremt;Kiremt_2005;;46700,00;46700;6; ; ;0; ; 
 Somali; Liben;Dolo Odo;050902;05/12/2005;Kiremt;Kiremt_2005;; ;;6; ; ;0; ; 
 Somali; Liben;Dolo Odo;050902;07/09/2005;Kiremt;Kiremt_2005;;150000,00;150000;6; ;;259; ; 
 Somali; Kebridehar (Korahe);Kebridehar;050502;07/09/2005;Kiremt;Kiremt_2005;; ;;1; ; ;0; ;105
 Somali; Kebridehar (Korahe);Kebridehar;050502;07/09/2006;Kiremt;Kiremt_2006;;3500,00;3500;2; ; ;0; ;33
 Somali; Kebridehar (Korahe);Kebridehar;050502;05/12/2005;Kiremt;Kiremt_2005;;4800,00;4800;2; ;;2365; ; 
 Somali; Kebridehar (Korahe);Kebridehar;050502;07/09/2005;Kiremt;Kiremt_2005;; ;; ; ; ;0; ;200
 SNNPR; Konso Sp. Wer.;Konso Sp. Wer;#N/A;04/08/2005;Kiremt;Kiremt_2005;; ;;1; ;570;0; ; 
 SNNPR; Konso Sp. Wer.;Konso Sp. Wer;#N/A;04/08/2005;Kiremt;Kiremt_2005;; ;;1; ; ;0; ;2
 SNNPR; Konso Sp. Wer.;Konso Sp. Wer;#N/A;07/09/2005;Kiremt;Kiremt_2005;; ;; ; ;1600;0; ; 
 Somali; Jijiga;Jijiga;050204;25/04/2005;Belge;Belge_2005;; ;; ; ; ;0; ;200
 Amhara; South Welo;Kombolcha /Town/;#N/A;07/09/2006;Kiremt;Kiremt_2006;;18,00;18; ; ;44.5;54;27; 
 Somali; Jijiga;Gursum;041003;07/09/2005;Kiremt;Kiremt_2005;;550,00;550;4; ;;900; ; 
 Somali; Gode;Mustahil;050606;06/12/2006;Kiremt;Kiremt_2006;;361600,00;361600;80; ; ;0; ; 
 Somali; Gode;Mustahil;050606;07/09/2003;Kiremt;Kiremt_2003;;91050,00;91050;64; ;;5900;6350;880
 Somali; Gode;Mustahil;050606;07/09/2003;Kiremt;Kiremt_2003;;100000,00;100000;64; ; ;0; ; 
 Somali; Gode;Mustahil;050606;08/08/2007;Kiremt;Kiremt_2007;;32000,00;32000;2;4;4770;361;32000; 
 Somali; Gode;Mustahil;050606;07/09/2006;Kiremt;Kiremt_2006;; ;; ; ; ;0; ;300
 Somali; Gode;Mustahil;050606;07/09/2006;Kiremt;Kiremt_2006;;74000,00;74000;4;8; ;0; ; 
 Somali; Gode;Mustahil;050606;07/09/2005;Kiremt;Kiremt_2005;; ;;4; ; ;0; ;300
 Somali; Gode;Mustahil;050606;07/09/2005;Kiremt;Kiremt_2005;;16449,00;16449;14; ;5400;4534; ; 
 Somali; Gode;Kelafo;050605;05/12/2005;Kiremt;Kiremt_2005;;40000,00;40000;66; ; ;0; ; 
 Somali; Gode;Kelafo;050605;07/09/2003;Kiremt;Kiremt_2003;;110000,00;110000; ; ; ;0; ; 
 Somali; Gode;Kelafo;050605;07/09/2006;Kiremt;Kiremt_2006;; ;; ; ; ;0; ;108
 Somali; Gode;Kelafo;050605;07/09/2006;Kiremt;Kiremt_2006;;88540,00;88540;29;2; ;0; ; 
 Somali; Gode;Kelafo;050605;07/09/2006;Kiremt;Kiremt_2006;; ;;2;1;3200;392;8539; 
 Somali; Gode;Kelafo;050605;07/09/2005;Kiremt;Kiremt_2005;;9574,00;9574;29; ;5969;23440; ;34
 Amhara; South Welo;Kombolcha /Town/;#N/A;01/08/2005;Kiremt;Kiremt_2005;; ;;1;1; ;0; ; 
 SNNPR; Wolayita;Kindo Koyisha;#N/A;07/09/2006;Kiremt;Kiremt_2006;;4035,00;4035; ; ; ;0; ; 
 Somali; Gode;Gode;050604;07/09/2006;Kiremt;Kiremt_2006;;5650,00;5650;10; ;;333; ; 
 Somali; Gode;Ferfer;050607;07/09/2006;Kiremt;Kiremt_2006;;13514,00;13514; ; ; ;0; ; 
 Somali; Gode;Ferfer;050607;07/09/2005;Kiremt;Kiremt_2005;;18500,00;18500;5; ; ;0; ; 
 Amhara; Oromiya Zone;Kemise /Town/;#N/A;01/08/2010;Kiremt;Kiremt_2010;;1169,00;1169; ; ;28;9;1139; 
 Amhara; Oromiya Zone;Kemise /Town/;#N/A;07/09/2006;Kiremt;Kiremt_2006;;1180,00;1180; ; ;105;0; ; 
 Amhara; Oromiya Zone;Kemise /Town/;#N/A;01/08/2006;Kiremt;Kiremt_2006;; ;;2; ; ;0; ; 
 Amhara; Oromiya Zone;Kemise /Town/;#N/A;07/09/2006;Kiremt;Kiremt_2006;;1279,00;1279; ; ;607;0;952; 
 Somali; Jijiga;Kebri Beyah;#N/A;27/04/2005;Belge;Belge_2005;; ;;16; ; ;0; ;108
 Somali; Jijiga;Kebri Beyah;#N/A;05/12/2005;Kiremt;Kiremt_2005;;24550,00;24550;53; ;2500;27638;125000;5600
 Gambella; Nuer;jore;120204;01/08/2010;Kiremt;Kiremt_2010;;1250,00;1250; ; ; ;0; ; 
 Somali; Degehabur;Gashamo;050304;07/09/2005;Kiremt;Kiremt_2005;;105000,00;105000; ; ; ;0; ; 
 Somali; Degehabur;Degehabur;050302;05/12/2005;Kiremt;Kiremt_2005;;10000,00;10000;10; ;;3125; ; 
 Gambella; Agnuak;Jor;#N/A;07/09/2006;Kiremt;Kiremt_2006;; ;; ; ;1650;1245;30915; 
 Amhara; Oromiya Zone;Jile Timuga;#N/A;30/11/2007;Kiremt;Kiremt_2007;; ;; ; ;50;60; ; 
 Amhara; Oromiya Zone;Jile Timuga;#N/A;30/11/2007;Kiremt;Kiremt_2007;; ;; ; ;50;60; ; 
 Amhara; Oromiya Zone;Jile Timuga;#N/A;07/09/2006;Kiremt;Kiremt_2006;;500,00;500;1; ;273;0;739; 
 Oromiya; East Shewa;Jarsso;#N/A;01/04/2010;Belge;Belge_2010;; ;; ; ;21;0; ; 
 Somali; Gode;Imiberi;#N/A;07/09/2006;Kiremt;Kiremt_2006;;75000,00;75000;29; ; ;0; ; 
 Somali; Gode;Imiberi;#N/A;07/09/2005;Kiremt;Kiremt_2005;;7000,00;7000;31; ;1500;20001; ; 
 Oromiya; South West Shoa;Illu Galan;040500;01/07/2010;Kiremt;Kiremt_2010;;14600,00;14600; ; ;950;0; ; 
 Harari; Harar;Hundene;#N/A;07/09/2005;Kiremt;Kiremt_2005;; ;; ; ;1835;0; ; 
 Harari; Harar;Hundene;#N/A;07/09/2005;Kiremt;Kiremt_2005;; ;; ; ;148;0; ; 
 Harari; Harar;Hundene;#N/A;07/09/2005;Kiremt;Kiremt_2005;; ;; ; ;115;0; ; 
 Somali; Afder;Guradamole;050801;05/12/2005;Kiremt;Kiremt_2005;;23000,00;23000;16; ; ;0; ; 
 Somali; Afder;Guradamole;050801;07/09/2005;Kiremt;Kiremt_2005;; ;; ; ; ;0; ;20
 Harari; Harar;Hundene;#N/A;07/09/2005;Kiremt;Kiremt_2005;; ;; ; ;74.5;0; ; 
 Harari; Harar;Hundene;#N/A;07/09/2005;Kiremt;Kiremt_2005;; ;; ; ;71;0; ; 
 Harari; Harar;Hundene;#N/A;07/09/2005;Kiremt;Kiremt_2005;; ;; ; ;3.5;0; ; 
 Harari; Harar;Hundene;#N/A;07/09/2005;Kiremt;Kiremt_2005;; ;; ; ;1.5;0; ; 
 Harari; Harar;Hundene;#N/A;22/06/2001;Belge;Belge_2001;;40,00;40; ; ; ;0; ; 
 Harari; Harar;Hundene;#N/A;22/06/2001;Belge;Belge_2001;;5,00;5; ; ; ;0; ; 
 Tigray; North Western Tigray;Humera /Town/;#N/A;01/08/2010;Kiremt;Kiremt_2010;;6909,00;6909; ; ; ;0; ; 
 Tigray; North Western Tigray;Humera /Town/;#N/A;07/09/2007;Kiremt;Kiremt_2007;;462,00;462; ; ; ;0; ; 
 Tigray; North Western Tigray;Humera /Town/;#N/A;01/08/2006;Kiremt;Kiremt_2006;; ;; ; ; ;0;400; 
 SNNPR; Sidama;Hula;#N/A;06/12/2006;Kiremt;Kiremt_2006;; ;;1;2;0.5;0; ;2
 Tigray; South Tigray;Hintalo Wajirat;#N/A;01/07/2010;Kiremt;Kiremt_2010;;1140,00;1140; ; ;769;0; ; 
 Tigray; South Tigray;Hintalo Wajirat;#N/A;01/07/2010;Kiremt;Kiremt_2010;;2495,00;2495; ; ; ;0;161; 
 SNNPR; Wolayita;Sodo Zuria;070605;07/09/2006;Kiremt;Kiremt_2006;;1363,00;1363; ; ; ;0; ; 
 SNNPR; Wolayita;Sodo Zuria;070605;07/09/2005;Kiremt;Kiremt_2005;;1363,00;1363; ; ;600;0; ;17
 SNNPR; Wolayita;Sodo Zuria;070605;05/12/2005;Kiremt;Kiremt_2005;; ;; ; ;631;0;1363;17
 SNNPR; Wolayita;Ofa;070607;07/09/2006;Kiremt;Kiremt_2006;;6240,00;6240; ; ; ;0; ; 
 SNNPR; Wolayita;Ofa;070607;01/08/2005;Kiremt;Kiremt_2005;;70,00;70;1; ;20;0; ; 
 SNNPR; Wolayita;Ofa;070607;01/08/2004;Kiremt;Kiremt_2004;; ;; ; ;160;0; ; 
 SNNPR; Wolayita;Ofa;070607;01/04/2004;Belge;Belge_2004;; ;; ; ;284;0; ;109
 SNNPR; Wolayita;Ofa;070607;02/12/2002;Kiremt;Kiremt_2002;; ;; ; ;402;0; ; 
 SNNPR; Sidama;Hawasa Zuria;#N/A;07/09/2006;Kiremt;Kiremt_2006;;41018,00;41018;8; ; ;0; ; 
 SNNPR; Wolayita;Humbo;070604;07/12/2007;Kiremt;Kiremt_2007;;6768,00;6768; ; ;364;3;3270;654
 SNNPR; Wolayita;Humbo;070604;07/09/2006;Kiremt;Kiremt_2006;;7885,00;7885; ; ; ;0; ; 
 SNNPR; Wolayita;Humbo;070604;06/12/2006;Kiremt;Kiremt_2006;; ;; ; ;435;0;1075; 
 SNNPR; Wolayita;Humbo;070604;07/09/2005;Kiremt;Kiremt_2005;;6755,00;6755;2; ;1017;0; ; 
 SNNPR; Wolayita;Humbo;070604;05/12/2005;Kiremt;Kiremt_2005;; ;;2; ;1017;1525;6755; 
 SNNPR; Wolayita;Damot Sore;070609;07/09/2008;Kiremt;Kiremt_2008;;12000,00;12000; ; ;200;0; ; 
 SNNPR; Wolayita;Damot Sore;070609;07/09/2007;Kiremt;Kiremt_2007;;6000,00;6000; ; ;400;0; ; 
 SNNPR; Wolayita;Damot Sore;070609;07/09/2006;Kiremt;Kiremt_2006;;650,00;650; ; ;39;0; ; 
 SNNPR; Wolayita;Damot Sore;070609;07/09/2006;Kiremt;Kiremt_2006;;860,00;860; ; ;10;0; ; 
 SNNPR; Wolayita;Damot Sore;070609;07/09/2005;Kiremt;Kiremt_2005;;1000,00;1000;12; ;150;40;4; 
 SNNPR; Wolayita;Damot Sore;070609;07/09/2004;Kiremt;Kiremt_2004;; ;; ; ;80;0; ; 
 SNNPR; Wolayita;Damot Sore;070609;07/09/2002;Kiremt;Kiremt_2002;;400,00;400; ; ;15;0; ; 
 Somali; Jijiga;Harshin;#N/A;07/09/2005;Kiremt;Kiremt_2005;;3050,00;3050; ; ; ;0; ;25
 Oromiya; East Shewa;Haromaya;#N/A;07/09/2007;Kiremt;Kiremt_2007;; ;; ; ;536;0; ; 
 Tigray; East Tigray;Gulo Meheda;#N/A;01/08/2010;Kiremt;Kiremt_2010;;806,00;806; ; ;115;0; ; 
 Amhara; North Welo;Gubalafto;#N/A;01/08/2010;Kiremt;Kiremt_2010;;26142,00;26142; ; ;1783;9; ; 
 SNNPR; South Omo;Male;070707;07/09/2007;Kiremt;Kiremt_2007;;30000,00;30000; ; ; ;0; ; 
 Oromiya; West Hararge;Guba Koricha;#N/A;01/08/2004;Kiremt;Kiremt_2004;; ;;1; ; ;0; ; 
 Amhara; North Gondar;Gonder Zuria;030110;01/08/2010;Kiremt;Kiremt_2010;;200,00;200; ; ;155;0; ; 
 Amhara; North Gondar;Gondar Zuria;#N/A;07/09/2007;Kiremt;Kiremt_2007;; ;; ; ;;11; ; 
 Amhara; North Gondar;Gondar Zuria;#N/A;07/09/2006;Kiremt;Kiremt_2006;;2810,00;2810; ; ;;29;3529; 
 Amhara; North Gondar;Gondar Zuria;#N/A;01/12/2006;Kiremt;Kiremt_2006;; ;; ; ;1500;0; ; 
 Amhara; North Gondar;Gondar Zuria;#N/A;06/12/2006;Kiremt;Kiremt_2006;;1533,00;1533; ; ;;39;437; 
 Oromiya; Bale;Gololcha;#N/A;01/07/2010;Kiremt;Kiremt_2010;;5000,00;5000; ; ; ;0; ; 
 Oromiya; Bale;Gololcha;#N/A;07/09/2008;Kiremt;Kiremt_2008;;1803,00;1803; ; ; ;0; ; 
 Oromiya; Bale;Gololcha;#N/A;07/09/2007;Kiremt;Kiremt_2007;;11882,00;11882; ; ;2409;0; ; 
 SNNPR; South Omo;Hamer;070704;07/09/2007;Kiremt;Kiremt_2007;;809,00;809; ; ; ;0; ; 
 SNNPR; South Omo;Hamer;070704;07/09/2007;Kiremt;Kiremt_2007;;943,00;943; ; ; ;0; ; 
 SNNPR; South Omo;Hamer;070704;07/09/2007;Kiremt;Kiremt_2007;;845,00;845; ; ; ;0; ; 
 SNNPR; South Omo;Hamer;070704;07/09/2007;Kiremt;Kiremt_2007;;1263,00;1263; ; ; ;0; ; 
 SNNPR; South Omo;Hamer;070704;07/09/2007;Kiremt;Kiremt_2007;;1417,00;1417; ; ; ;0; ; 
 SNNPR; South Omo;Hamer;070704;07/09/2007;Kiremt;Kiremt_2007;;1420,00;1420; ; ; ;0; ; 
 SNNPR; South Omo;Hamer;070704;07/09/2007;Kiremt;Kiremt_2007;;20000,00;20000; ; ; ;0; ; 
 SNNPR; South Omo;Hamer;070704;07/09/2007;Kiremt;Kiremt_2007;;1843,00;1843; ; ; ;0; ; 
 SNNPR; South Omo;Hamer;070704;07/09/2007;Kiremt;Kiremt_2007;;1843,00;1843; ; ; ;0; ; 
 SNNPR; South Omo;Hamer;070704;07/09/2007;Kiremt;Kiremt_2007;;1843,00;1843; ; ; ;0; ; 
 SNNPR; South Omo;Hamer;070704;07/09/2002;Kiremt;Kiremt_2002;; ;; ; ;40;0; ; 
 SNNPR; South Omo;Gelila;070703;07/09/2007;Kiremt;Kiremt_2007;;15000,00;15000; ; ; ;0; ; 
 Oromiya; Arsi;Gololcha;#N/A;16/04/2005;Belge;Belge_2005;; ;; ; ; ;0; ;20
Afar;;Gewane ;#N/A;10/08/2012;Kiremt;Kiremt_2012;5000,00;;5000;;;;;;
 Oromiya; Bale;Gassera;#N/A;01/07/2010;Kiremt;Kiremt_2010;;9300,00;9300; ; ; ;0; ; 
 Tigray; East Tigray;Ganta Afshum;#N/A;01/08/2010;Kiremt;Kiremt_2010;;8310,00;8310; ; ;277;0; ; 
 Gambella; Agnuak;Gambella;#N/A;07/09/2000;Kiremt;Kiremt_2000;;6,00;6; ; ; ;0;61592; 
 Oromiya; East Shewa;Fientale;#N/A;01/08/2010;Kiremt;Kiremt_2010;;9000,00;9000; ; ;46;0;900; 
 Oromiya; East Shewa;Fientale;#N/A;07/09/2007;Kiremt;Kiremt_2007;;560,00;560; ; ; ;0; ; 
 Oromiya; East Shewa;Fientale;#N/A;20/04/2007;Belge;Belge_2007;;560,00;560; ; ;31;0; ; 
 Oromiya; East Shewa;Fadis;#N/A;01/08/2010;Kiremt;Kiremt_2010;; ;; ; ;7342;0; ; 
 SNNPR; Gurage;Enemor Ener;#N/A;01/08/2005;Kiremt;Kiremt_2005;; ;; ; ;381;0; ; 
 SNNPR; Gurage;Enemor Ener;#N/A;01/08/2004;Kiremt;Kiremt_2004;;6000,00;6000;1; ;487;3; ; 
 Amhara; East Gojam;Enbise Sar Midir;030604;01/08/2010;Kiremt;Kiremt_2010;;9910,00;9910; ; ;528;464; ; 
 Oromiya; East Shewa;Ejerie;#N/A;01/07/2010;Kiremt;Kiremt_2010;;500,00;500; ; ; ;0; ; 
 Amhara; North Shewa;Efrata Gidim;#N/A;16/05/2009;Belge;Belge_2009;;124,00;124; ; ;;13;124;39
 Amhara; North Shewa;Efrata Gidim;#N/A;01/08/2007;Kiremt;Kiremt_2007;; ;; ; ;195;0; ;14
 Amhara; North Shewa;Efrata Gidim;#N/A;07/09/2006;Kiremt;Kiremt_2006;;77,00;77; ; ;135.15;17; ; 
 Amhara; North Shewa;Efrata Gidim;#N/A;12/08/2006;Kiremt;Kiremt_2006;;77,00;77; ; ;3.01;0;77; 
 Amhara; North Shewa;Efrata Gidim;#N/A;07/09/2000;Kiremt;Kiremt_2000;; ;;2; ; ;0; ; 
Somali;Shebelle;East Imey;#N/A;02/11/2015;Kiremt;Kiremt_2015;102000,00;;102000;5;;;10000;;
 Amhara; North Gondar;East Belesa;030117;01/08/2010;Kiremt;Kiremt_2010;;1134,00;1134; ; ;540;31; ; 
 Afar; Zone 3;Dulacha;#N/A;07/09/2006;Kiremt;Kiremt_2006;;4443,00;4443; ; ;;332;4000; 
 Afar; Zone 3;Dulacha;#N/A;01/08/2006;Kiremt;Kiremt_2006;;4000,00;4000; ; ; ;0; ; 
 Dire Dawa; Dire Dawa;Diredawa;#N/A;06/12/2006;Kiremt;Kiremt_2006;; ;;371;228; ;0; ;1685
 Dire Dawa; Dire Dawa;Diredawa;#N/A;07/09/2005;Kiremt;Kiremt_2005;; ;;32; ; ;0; ; 
 SNNPR; South Omo;Gelila;070703;05/08/2002;Kiremt;Kiremt_2002;; ;;3; ; ;0; ; 
 Dire Dawa; Dire Dawa;Diredawa;#N/A;20/05/2005;Belge;Belge_2005;; ;;27; ; ;0; ; 
 Dire Dawa; Dire Dawa;Diredawa;#N/A;20/05/2005;Belge;Belge_2005;; ;;32; ; ;0; ; 
 Amhara; Oromiya Zone;Dewe Harewa;#N/A;07/09/2006;Kiremt;Kiremt_2006;;2219,00;2219; ; ;509;0;739; 
 SNNPR; Silte;Sankura;072006;01/07/2004;Kiremt;Kiremt_2004;;1920,00;1920;1; ;1063;348; ; 
 Amhara; Oromiya Zone;Dewe Harewa;#N/A;07/09/2006;Kiremt;Kiremt_2006;;4125,00;4125; ; ; ;0; ; 
 Amhara; Oromiya Zone;Dewe Harewa;#N/A;07/09/2006;Kiremt;Kiremt_2006;;2645,00;2645; ; ;1441;178;2645;638
 Amhara; South Welo;Desse Zuria;#N/A;01/08/2010;Kiremt;Kiremt_2010;;27687,00;27687; ; ;1735;2;14; 
 Amhara; South Welo;Desse Zuria;#N/A;01/06/2004;Belge;Belge_2004;; ;;4;10; ;0; ; 
 Amhara; South Welo;Dese ./Town/;#N/A;01/08/2010;Kiremt;Kiremt_2010;;8421,00;8421; ; ;478;17;55; 
 SNNPR; Derashe;Derashe Sp. Wer;#N/A;01/05/2002;Belge;Belge_2002;; ;;2;1; ;0; ; 
 SNNPR; Sidama;Dara;070406;07/09/2007;Kiremt;Kiremt_2007;;3240,00;3240; ; ; ;0; ; 
 SNNPR; Sidama;Dara;070406;07/09/2007;Kiremt;Kiremt_2007;;3240,00;3240; ; ; ;0; ; 
 SNNPR; Sidama;Dara;070406;07/09/2007;Kiremt;Kiremt_2007;;2470,00;2470; ; ; ;0; ; 
 SNNPR; Sidama;Dara;070406;07/12/2007;Kiremt;Kiremt_2007;;3240,00;3240; ; ;370;0; ;100
 SNNPR; Sidama;Dara;070406;01/05/2004;Belge;Belge_2004;; ;;2; ;1040;0; ; 
 SNNPR; Sidama;Dale;070404;07/09/2006;Kiremt;Kiremt_2006;;2580,00;2580; ; ; ;0; ; 
 SNNPR; Sidama;Dale;070404;07/09/2006;Kiremt;Kiremt_2006;;3600,00;3600; ; ; ;0; ; 
 SNNPR; Sidama;Dale;070404;06/12/2006;Kiremt;Kiremt_2006;; ;;2;1;;8; ;25
 SNNPR; Derashe;Derashe Sp. Wer;#N/A;07/09/2001;Kiremt;Kiremt_2001;; ;;1; ; ;0; ; 
 SNNPR; Gamugofa;Deramalo;#N/A;07/09/2006;Kiremt;Kiremt_2006;;1658,00;1658; ; ; ;0; ; 
 Amhara; East Gojam;Debay Tilatgen;#N/A;01/08/2004;Kiremt;Kiremt_2004;; ;; ; ;1800;0; ;380
 Amhara; North Welo;Dawnt;#N/A;01/08/2010;Kiremt;Kiremt_2010;;9260,00;9260; ; ;1250;416;15; 
 Somali; Gode;Danan;#N/A;07/09/2006;Kiremt;Kiremt_2006;; ;; ; ; ;0;5000; 
 Somali; Gode;Danan;#N/A;07/09/2006;Kiremt;Kiremt_2006;;8250,00;8250;3; ; ;0; ; 
 Somali; Gode;Danan;#N/A;07/09/2006;Kiremt;Kiremt_2006;;8250,00;8250; ; ; ;0; ; 
 Somali; Gode;Danan;#N/A;07/09/2006;Kiremt;Kiremt_2006;; ;; ; ;;80; ;3
 Somali; Gode;Danan;#N/A;07/09/2005;Kiremt;Kiremt_2005;;3500,00;3500;1; ;3116;384; ;28
 Afar; Zone 4;Dalol;#N/A;15/08/2010;Kiremt;Kiremt_2010;;2420,00;2420; ; ; ;0; ; 
 Afar; Zone 3;Dalol;#N/A;25/08/2010;Kiremt;Kiremt_2010;;1850,00;1850; ; ; ;0; ; 
 SNNPR; Kefa;Decha;070908;07/09/2007;Kiremt;Kiremt_2007;;11,00;11; ; ; ;0; ; 
 Afar; Zone 2;Dalol;#N/A;25/08/2010;Kiremt;Kiremt_2010;;1800,00;1800; ; ;;25;1800; 
 Afar; Zone 2;Dalol;#N/A;07/09/2007;Kiremt;Kiremt_2007;;320,00;320; ; ; ;0; ; 
 Afar; Zone 2;Dalol;#N/A;07/12/2007;Kiremt;Kiremt_2007;;6000,00;6000; ; ; ;0; ; 
 SNNPR; Gurage;Sodo;070105;06/12/2006;Kiremt;Kiremt_2006;; ;; ; ; ;0;358; 
 SNNPR; Gurage;Muhur Na Aklil;070112;06/12/2006;Kiremt;Kiremt_2006;; ;; ; ; ;0;143; 
 SNNPR; Gurage;Meskan;070106;07/09/2005;Kiremt;Kiremt_2005;; ;; ; ; ;0; ;50
 SNNPR; Gurage;Mareko;070107;07/12/2007;Kiremt;Kiremt_2007;;5560,00;5560; ; ;;1710;1255;2
 Oromiya; East Shewa;Chinaksan;#N/A;07/09/2007;Kiremt;Kiremt_2007;; ;; ; ;3880;0; ; 
 SNNPR; Sidama;Cheko;#N/A;07/09/2007;Kiremt;Kiremt_2007;;2864,00;2864; ; ; ;0; ; 
 SNNPR; Sidama;Cheko;#N/A;07/09/2007;Kiremt;Kiremt_2007;;2864,00;2864; ; ;359;0; ; 
 SNNPR; ;Kelafo;050605;27/05/2003;Belge;Belge_2003;;91050,00;91050; ; ; ;0; ; 
 Amhara; Oromiya Zone;Chefa Gola;#N/A;01/08/2010;Kiremt;Kiremt_2010;;8840,00;8840; ; ; ;0;1135; 
 SNNPR; Gedeo;Yirgachefe;070502;01/05/2004;Belge;Belge_2004;;510,00;510; ; ; ;0; ; 
 SNNPR; Gedeo;Yirgachefe;070502;01/05/2004;Belge;Belge_2004;; ;; ; ;69;0; ; 
 SNNPR; Gedeo;Wenago;070501;01/04/2004;Belge;Belge_2004;; ;; ; ;400;0; ; 
 SNNPR; Gedeo;Dila Zuria;070505;07/12/2007;Kiremt;Kiremt_2007;; ;; ; ;2145;2;20989;2
 SNNPR; Gedeo;Bule;070504;07/09/2005;Kiremt;Kiremt_2005;; ;; ; ;1;0; ; 
 SNNPR; Gedeo;Bule;070504;07/09/2005;Kiremt;Kiremt_2005;; ;; ; ;36;0;555; 
 SNNPR; Gedeo;Bule;070504;01/05/2004;Belge;Belge_2004;; ;; ; ;6.5;0; ; 
 SNNPR; Gamugofa;Kucha;071003;07/09/2005;Kiremt;Kiremt_2005;;7720,00;7720;2; ;;1525; ; 
 Afar; Zone 5;Bure Mudayitu;#N/A;15/08/2010;Kiremt;Kiremt_2010;;4120,00;4120; ; ;;125;4120; 
 Afar; Zone 4;Bure Mudayitu;#N/A;15/08/2010;Kiremt;Kiremt_2010;;5000,00;5000; ; ; ;0; ; 
 Afar; Zone 3;Bure Mudayitu;#N/A;15/08/2010;Kiremt;Kiremt_2010;;3670,00;3670; ; ; ;0; ; 
 Afar; Zone 3;Bure Mudayitu;#N/A;24/08/2007;Kiremt;Kiremt_2007;;4300,00;4300; ; ; ;0;4300; 
 SNNPR; Gamugofa;Kucha;071003;03/12/2003;Kiremt;Kiremt_2003;; ;;5;1; ;0;400;15
 SNNPR; Gamugofa;Kemba;071012;07/09/2005;Kiremt;Kiremt_2005;;4,00;4; ; ; ;0; ; 
 SNNPR; Gamugofa;Kemba;071012;03/12/2003;Kiremt;Kiremt_2003;; ;;1; ;50;0;20;3
 SNNPR; Gamugofa;Dita;071008;03/12/2003;Kiremt;Kiremt_2003;; ;;11;5;924;201;7381;136
 Afar; Zone 3;Bure Mudayitu;#N/A;01/08/2006;Kiremt;Kiremt_2006;;10000,00;10000; ; ;;219; ; 
 SNNPR; Gamugofa;Chencha;071007;03/12/2003;Kiremt;Kiremt_2003;; ;; ;5;289;8;346;57
 SNNPR; Gamugofa;Bonke;071013;07/12/2007;Kiremt;Kiremt_2007;; ;;5; ;606;0;2205; 
 SNNPR; Gamugofa;Bonke;071013;07/09/2007;Kiremt;Kiremt_2007;;445,00;445; ; ;945;55;445;89
 SNNPR; Gamugofa;Bonke;071013;07/09/2006;Kiremt;Kiremt_2006;; ;; ; ;300;144; ; 
 SNNPR; Gamugofa;Bonke;071013;07/09/2004;Kiremt;Kiremt_2004;; ;; ; ; ;0;500; 
 Oromiya; East Shewa;bora;040710;01/08/2010;Kiremt;Kiremt_2010;;5000,00;5000;1;;500;235;2000; 
 SNNPR; South Omo;Bena Tsemai;#N/A;07/09/2007;Kiremt;Kiremt_2007;;25000,00;25000; ; ; ;0; ; 
 SNNPR; South Omo;Bena Tsemai;#N/A;07/09/2007;Kiremt;Kiremt_2007;;2020,00;2020; ; ;93.5;0; ; 
 SNNPR; South Omo;Bena Tsemai;#N/A;07/09/2007;Kiremt;Kiremt_2007;;1045,00;1045; ; ;45;0; ; 
 SNNPR; South Omo;Bena Tsemai;#N/A;07/09/2007;Kiremt;Kiremt_2007;;825,00;825; ; ;35;0; ; 
 SNNPR; South Omo;Bena Tsemai;#N/A;07/09/2007;Kiremt;Kiremt_2007;;4168,00;4168; ; ; ;0; ; 
 SNNPR; South Omo;Bena Tsemai;#N/A;07/09/2002;Kiremt;Kiremt_2002;;3500,00;3500; ; ; ;0; ; 
 SNNPR; Gamugofa;Kucha;071003;07/09/2002;Kiremt;Kiremt_2002;;400,00;400;5; ;;201; ; 
 SNNPR; Gamugofa;Dita;071008;07/09/2002;Kiremt;Kiremt_2002;;7381,00;7381; ; ; ;0; ; 
 SNNPR; Gamugofa;Bonke;071013;07/09/2002;Kiremt;Kiremt_2002;;1519,00;1519; ; ; ;0; ; 
 SNNPR; Basketo Sp. Wer;Basketo;#N/A;06/12/2006;Kiremt;Kiremt_2006;; ;; ; ;4425;0;330; 
 SNNPR; South Omo;Bako Gazer (Debub Ari);#N/A;17/06/2007;Belge;Belge_2007;; ;;4; ;2861;87; ; 
 SNNPR; Dawuro;Mareka;071702;01/05/2004;Belge;Belge_2004;; ;; ; ;220;0; ; 
 SNNPR; South Omo;Bako Gazer (Debub Ari);#N/A;17/06/2007;Belge;Belge_2007;; ;;4; ;;87; ; 
 SNNPR; Amaro Sp. Wer.;Amaro;071302;07/09/2009;Kiremt;Kiremt_2009;;1752,00;1752; ; ;252.5;0; ; 
 SNNPR; Amaro Sp. Wer.;Amaro;071302;07/09/2009;Kiremt;Kiremt_2009;;1148,00;1148; ; ;68.4;0; ; 
 SNNPR; Amaro Sp. Wer.;Amaro;071302;07/09/2009;Kiremt;Kiremt_2009;;1676,00;1676; ; ;30;0; ; 
 SNNPR; Amaro Sp. Wer.;Amaro;071302;07/09/2009;Kiremt;Kiremt_2009;;636,00;636;1; ;20.2;0; ; 
 SNNPR; Amaro Sp. Wer.;Amaro;071302;07/09/2009;Kiremt;Kiremt_2009;;473,00;473; ; ;12.6;0; ; 
 SNNPR; Amaro Sp. Wer.;Amaro;071302;07/09/2009;Kiremt;Kiremt_2009;;271,00;271; ; ;12.3;0; ; 
 SNNPR; Amaro Sp. Wer.;Amaro;071302;07/09/2009;Kiremt;Kiremt_2009;;1158,00;1158; ; ;12.25;0; ; 
 SNNPR; Amaro Sp. Wer.;Amaro;071302;07/09/2009;Kiremt;Kiremt_2009;;394,00;394; ; ;6.8;0; ; 
 SNNPR; Amaro Sp. Wer.;Amaro;071302;07/09/2009;Kiremt;Kiremt_2009;;60,00;60; ; ;1.7;0; ; 
 SNNPR; Amaro Sp. Wer.;Amaro;071302;19/02/2008;Belge;Belge_2008;;7,00;7;1; ;0.25;0; ; 
 SNNPR; Amaro Sp. Wer.;Amaro;071302;07/09/2006;Kiremt;Kiremt_2006;;4140,00;4140; ; ; ;0; ; 
 SNNPR; Amaro Sp. Wer.;Amaro;071302;05/12/2005;Kiremt;Kiremt_2005;; ;;6; ;240;23;4140;46
 SNNPR; South Omo;Bako Gazer (Debub Ari);#N/A;07/09/2007;Kiremt;Kiremt_2007;;10000,00;10000; ; ; ;0; ; 
 SNNPR; South Omo;Bako Gazer (Debub Ari);#N/A;30/11/2007;Kiremt;Kiremt_2007;; ;; ; ;115.56;8; ; 
 SNNPR; South Omo;Bako Gazer (Debub Ari);#N/A;30/11/2007;Kiremt;Kiremt_2007;; ;; ; ;9;8; ;4
 SNNPR; South Omo;Bako Gazer (Debub Ari);#N/A;30/11/2007;Kiremt;Kiremt_2007;;39,00;39;2; ;;14; ;2
 SNNPR; South Omo;Bako Gazer (Debub Ari);#N/A;30/11/2007;Kiremt;Kiremt_2007;; ;; ; ;7282;17; ; 
 Oromiya; Bale;Ginir;041108;07/09/2007;Kiremt;Kiremt_2007;; ;; ; ;592;0; ; 
 Oromiya; Arsi;Robe;040812;07/09/2007;Kiremt;Kiremt_2007;; ;; ; ;160;0; ; 
 SNNPR; South Omo;Bako Gazer (Debub Ari);#N/A;30/11/2007;Kiremt;Kiremt_2007;; ;; ; ;2353.5;4; ; 
 SNNPR; South Omo;Bako Gazer (Debub Ari);#N/A;30/11/2007;Kiremt;Kiremt_2007;; ;; ; ;4;26; ;2
 SNNPR; South Omo;Bako Gazer (Debub Ari);#N/A;30/11/2007;Kiremt;Kiremt_2007;; ;; ; ;2.83;4; ; 
 SNNPR; South Omo;Bako Gazer (Debub Ari);#N/A;30/11/2007;Kiremt;Kiremt_2007;; ;; ; ;45.66;8; ;16
 SNNPR; South Omo;Bako Gazer (Debub Ari);#N/A;30/11/2007;Kiremt;Kiremt_2007;; ;; ; ;19.1;4; ; 
 Oromiya; West Shewa;Cheliya;040505;01/05/2003;Belge;Belge_2003;; ;; ; ;;12; ; 
 SNNPR; South Omo;Bako Gazer (Debub Ari);#N/A;30/11/2007;Kiremt;Kiremt_2007;; ;; ; ;124.5;5; ; 
 SNNPR; South Omo;Bako Gazer (Debub Ari);#N/A;30/11/2007;Kiremt;Kiremt_2007;; ;; ; ;2;2; ; 
 SNNPR; South Omo;Bako Gazer (Debub Ari);#N/A;30/11/2007;Kiremt;Kiremt_2007;; ;; ; ;;21; ; 
 SNNPR; South Omo;Bako Gazer (Debub Ari);#N/A;30/11/2007;Kiremt;Kiremt_2007;; ;; ; ;0.05;4; ; 
 Oromiya; West Hararge;Daro Lebu;040909;01/08/2004;Kiremt;Kiremt_2004;; ;;2; ; ;0; ; 
 Oromiya; West Arsi;Siraro;041701;01/04/2003;Belge;Belge_2003;; ;;3; ;890;190; ; 
 Oromiya; West Arsi;Adaba;041710;17/03/2007;Belge;Belge_2007;; ;;3; ; ;0; ; 
 Oromiya; West Arsi;Adaba;041710;21/03/2007;Belge;Belge_2007;; ;;3; ; ;0; ; 
 SNNPR; South Omo;Bako Gazer (Debub Ari);#N/A;30/11/2007;Kiremt;Kiremt_2007;; ;; ; ;3.5;1; ; 
 SNNPR; South Omo;Bako Gazer (Debub Ari);#N/A;30/11/2007;Kiremt;Kiremt_2007;; ;; ; ;501;7; ; 
 Oromiya; North Shewa;Dera;040602;01/09/2001;Kiremt;Kiremt_2001;; ;;3; ; ;0; ; 
 Oromiya; North Shewa;Dera;040602;01/09/2001;Kiremt;Kiremt_2001;; ;;3; ; ;0; ; 
 SNNPR; South Omo;Bako Gazer (Debub Ari);#N/A;02/12/2001;Kiremt;Kiremt_2001;;40,00;40; ; ;;16; ; 
 Oromiya; Jima;Kersa;041008;07/09/2002;Kiremt;Kiremt_2002;; ;; ; ;494;0; ; 
 Oromiya; Jima;Gera;040408;01/04/2002;Belge;Belge_2002;;625,00;625; ; ;40;0; ;125
 Oromiya; Jima;Dedo;040410;01/06/2004;Belge;Belge_2004;; ;; ; ;450;0; ; 
 Oromiya; Illubabur;Gechi;040306;18/05/2004;Belge;Belge_2004;; ;; ; ; ;0; ;22
 Oromiya; Illubabur;Darimu;040301;07/09/2007;Kiremt;Kiremt_2007;; ;; ; ;807;0; ; 
 Amhara; West Gojam;Bahri Dar Zuria;#N/A;14/08/2008;Kiremt;Kiremt_2008;; ;; ; ;400;0; ; 
 Amhara; West Gojam;Bahri Dar Zuria;#N/A;07/09/2006;Kiremt;Kiremt_2006;;2642,00;2642;1; ;293.5;0; ; 
 Amhara; West Gojam;Bahirdar Zuria;030702;01/08/2010;Kiremt;Kiremt_2010;;6,00;6; ; ;636;0; ; 
 SNNPR; Sidama;Awasa Town;#N/A;01/04/2002;Belge;Belge_2002;; ;; ; ; ;0; ;23
 Oromiya; East Shewa;Dugda;040707;07/09/2005;Kiremt;Kiremt_2005;;70000,00;70000;1; ; ;0; ; 
 Benishangul Gumz; Asosa;Asosa;#N/A;07/09/2005;Kiremt;Kiremt_2005;; ;;2; ; ;0; ; 
 Oromiya; East Shewa;Dugda;040707;07/09/2007;Kiremt;Kiremt_2007;;5549,00;5549; ; ;654;0; ;417
 Tigray; West Tigray;Asegede Tsimbila;#N/A;01/08/2010;Kiremt;Kiremt_2010;;4380,00;4380; ; ; ;0; ; 
 Afar; Zone 1;Asayita;#N/A;20/01/2008;Belge;Belge_2008;;493,00;493; ; ;22;0; ; 
 Oromiya; East Shewa;Meta;041009;07/09/2007;Kiremt;Kiremt_2007;; ;;3; ;2915;0; ; 
 Oromiya; East Shewa;Meta;041009;01/08/2007;Kiremt;Kiremt_2007;;27500,00;27500; ; ;1000;0; ; 
 Oromiya; East Shewa;Meta;041009;01/04/2002;Belge;Belge_2002;; ;;3; ;;26; ;12
 Afar; Zone 1;Asayita;#N/A;07/09/2007;Kiremt;Kiremt_2007;; ;; ; ;200;0; ; 
 Oromiya; East Shewa;Kurfa Chele;041007;07/09/2007;Kiremt;Kiremt_2007;; ;; ; ;208;0; ; 
 Oromiya; East Shewa;Kombolcha;041001;07/09/2007;Kiremt;Kiremt_2007;; ;; ; ;504;0; ; 
 Oromiya; East Shewa;Kombolcha;041001;25/08/2006;Kiremt;Kiremt_2006;; ;; ; ; ;0;100;394
 Oromiya; East Shewa;Kersa;041008;07/09/2007;Kiremt;Kiremt_2007;; ;; ; ;854;0; ; 
 Afar; Zone 1;Asayita;#N/A;07/09/2006;Kiremt;Kiremt_2006;;24700,00;24700; ; ; ;0; ; 
 Afar; Zone 1;Asayita;#N/A;07/09/2006;Kiremt;Kiremt_2006;;56300,00;56300; ; ;33305;169; ; 
 Oromiya; East Shewa;Goro Gutu;041010;07/09/2007;Kiremt;Kiremt_2007;; ;; ; ;854;0; ; 
 Oromiya; East Shewa;Girawa;041016;01/08/2005;Kiremt;Kiremt_2005;; ;; ; ;170;0; ;20
 Oromiya; East Shewa;Girawa;041016;01/08/2006;Kiremt;Kiremt_2006;;61000,00;61000;8; ;2000;0;217; 
 Oromiya; East Shewa;Girawa;041016;01/04/2003;Belge;Belge_2003;; ;; ; ;180;36; ;96
 Oromiya; East Shewa;Deder;041011;01/04/2003;Belge;Belge_2003;; ;; ; ;252;31; ;9
 Afar; Zone 1;Asayita;#N/A;05/12/2005;Kiremt;Kiremt_2005;;8700,00;8700; ; ; ;0; ; 
 Afar; Zone 1;Asayita;#N/A;01/07/2003;Kiremt;Kiremt_2003;; ;; ; ;;3381; ; 
 Oromiya; East Shewa;Bedeno;041013;07/09/2007;Kiremt;Kiremt_2007;; ;; ; ;230;0; ; 
 Oromiya; East Shewa;Bedeno;041013;14/05/2005;Belge;Belge_2005;; ;; ; ;4.14;0; ; 
 Afar; Zone 1;Asayita;#N/A;01/07/2003;Kiremt;Kiremt_2003;; ;; ; ;;3381; ; 
 Oromiya; Borena;Moyale;041210;07/09/2006;Kiremt;Kiremt_2006;; ;; ; ; ;0; ; 
 Oromiya; Borena;Arero;041208;01/04/2002;Belge;Belge_2002;; ;;1;2; ;0; ;12
 SNNPR; Sidama;Arbegona;#N/A;01/06/2004;Belge;Belge_2004;; ;;3; ;62;0; ; 
 Oromiya; Borena;Abaya;041213;07/09/2005;Kiremt;Kiremt_2005;; ;; ; ; ;0; ;19
 SNNPR; Sidama;Arbegona;#N/A;01/06/2004;Belge;Belge_2004;; ;;3; ;62;0; ; 
 Oromiya; Bale;Seweyna;041118;28/04/2005;Belge;Belge_2005;;2,00;2; ; ;;12; ; 
 Oromiya; Bale;Seweyna;041118;01/10/2001;Kiremt;Kiremt_2001;; ;;2;2; ;0; ; 
 Oromiya; Bale;Legehida;030420;07/09/2008;Kiremt;Kiremt_2008;;1530,00;1530; ; ; ;0; ; 
 SNNPR; Gamugofa;Arba Minch Town Adm;#N/A;07/09/2007;Kiremt;Kiremt_2007;;370,00;370; ; ; ;0;135;10
 SNNPR; Gamugofa;Arba Minch Town Adm;#N/A;07/09/2006;Kiremt;Kiremt_2006;;24800,00;24800; ; ; ;0; ; 
 Oromiya; Bale;Ginir;041108;07/09/2007;Kiremt;Kiremt_2007;; ;; ; ;592;0; ; 
 Oromiya; Bale;Gasera;041106;07/09/2008;Kiremt;Kiremt_2008;;5525,00;5525; ; ; ;0; ; 
 Oromiya; Bale;Dawe Kachen;041121;17/08/2001;Kiremt;Kiremt_2001;; ;; ; ; ;0;400; 
 Oromiya; Arsi;Hitosa;040807;07/09/2007;Kiremt;Kiremt_2007;; ;; ; ;333;0; ; 
 SNNPR; Gamugofa;Arba Minch Town Adm;#N/A;07/09/2005;Kiremt;Kiremt_2005;;22000,00;22000; ; ; ;0; ; 
 SNNPR; Gamugofa;Arba Minch Town Adm;#N/A;05/12/2005;Kiremt;Kiremt_2005;; ;; ; ;5311;447;18650;67
 Oromiya; Arsi;Sire;040820;07/09/2003;Kiremt;Kiremt_2003;; ;; ; ;429;0; ; 
 Oromiya; Arsi;Seru;040811;07/09/2008;Kiremt;Kiremt_2008;;3300,00;3300; ; ; ;0; ; 
 Oromiya; Arsi;Robe;040812;07/09/2008;Kiremt;Kiremt_2008;;8402,00;8402; ; ; ;0; ; 
 Oromiya; Arsi;Robe;040812;01/06/2004;Belge;Belge_2004;;2070,00;2070; ; ;344;0; ; 
 SNNPR; Gamugofa;Arba Minch Town Adm;#N/A;07/09/2005;Kiremt;Kiremt_2005;;12000,00;12000; ; ; ;0; ; 
 SNNPR; Gamugofa;Arba Minch Town Adm;#N/A;03/12/2003;Kiremt;Kiremt_2003;; ;; ; ;1213;0;7917;10
 SNNPR; Gamugofa;Arba Minch Town Adm;#N/A;01/10/2001;Kiremt;Kiremt_2001;; ;; ; ; ;0;2500; 
 Amhara; North Shewa;Antsokiya Gemza;#N/A;07/09/2006;Kiremt;Kiremt_2006;;3020,00;3020; ; ; ;0; ; 
 Amhara; North Shewa;Antsokiya Gemza;#N/A;24/06/2008;Belge;Belge_2008;;814,00;814; ; ; ;0; ; 
 Amhara; North Shewa;Antsokiya Gemza;#N/A;07/09/2007;Kiremt;Kiremt_2007;;183,00;183; ; ; ;0;183; 
 Amhara; North Shewa;Antsokiya Gemza;#N/A;07/09/2006;Kiremt;Kiremt_2006;; ;; ; ; ;0;490; 
 Amhara; North Shewa;Antsokiya Gemza;#N/A;07/09/2006;Kiremt;Kiremt_2006;;24430,00;24430; ; ;;3;77; 
 Amhara; North Shewa;Antsokiya Gemza;#N/A;07/09/2006;Kiremt;Kiremt_2006;; ;; ; ;62422;84; ; 
 Amhara; North Shewa;Antsokiya;030507;01/08/2010;Kiremt;Kiremt_2010;;130,00;130; ; ; ;0;130; 
 Amhara; Awi;Ankesha;#N/A;01/12/2006;Kiremt;Kiremt_2006;;6000,00;6000; ; ;1800;0; ; 
 SNNPR; Kembata Timbaro;Angacha;#N/A;05/12/2005;Kiremt;Kiremt_2005;; ;; ; ;550;5;6600;50
Amhara;South Wello;Ambasel and Tewlerda;#N/A;22/08/2010;Kiremt;Kiremt_2010;;;0;;;1368;;;
 Amhara; North Gondar;Alefa;#N/A;01/06/2004;Belge;Belge_2004;; ;;1; ;;154; ; 
 Tigray; South Tigray;Alage;#N/A;01/03/2004;Belge;Belge_2004;; ;; ; ;;63; ; 
 SNNPR; Alaba Sp.;Alaba;#N/A;07/09/2006;Kiremt;Kiremt_2006;;17973,00;17973; ; ; ;0; ; 
 SNNPR; Alaba Sp.;Alaba;#N/A;07/09/2006;Kiremt;Kiremt_2006;; ;; ; ;798;395;4073;658
 Gambella; Nuer;Lare;120102;22/11/2007;Kiremt;Kiremt_2007;;132,00;132; ; ; ;0;14346; 
 SNNPR; Alaba Sp.;Alaba;#N/A;06/12/2006;Kiremt;Kiremt_2006;; ;;1; ;;140;3000; 
 SNNPR; Alaba Sp.;Alaba;#N/A;04/12/2004;Kiremt;Kiremt_2004;; ;; ; ;1805.52;1106;8634;109
 Gambella; Agnuak;Lare;120102;07/09/2008;Kiremt;Kiremt_2008;; ;; ; ;1923.86;341;13004; 
 Tigray; Central Tigray;Ahieferom;#N/A;01/08/2010;Kiremt;Kiremt_2010;;1400,00;1400; ; ;56;0; ; 
 Gambella; Agnuak;Itang;120207;07/09/2007;Kiremt;Kiremt_2007;; ;; ; ;2617.19;747;50264; 
 Gambella; Agnuak;Gog;120203;07/09/2001;Kiremt;Kiremt_2001;;5,00;5; ; ;110;421;21733; 
 Oromiya; East Shewa;Adamitulu Jido Kombolcha;#N/A;01/04/2002;Belge;Belge_2002;; ;;4; ;;43; ; 
 Gambella; Agnuak;Itang;120207;07/09/2007;Kiremt;Kiremt_2007;;41,00;41; ; ; ;0;27143; 
 Gambella; Agnuak;Itang;120207;22/11/2007;Kiremt;Kiremt_2007;;209,00;209; ; ; ;0;8785; 
 Somali; Gode;Adadilo;#N/A;07/09/2006;Kiremt;Kiremt_2006;;250,00;250; ;3; ;0; ; 
 Somali; Gode;Adadilo;#N/A;07/09/2005;Kiremt;Kiremt_2005;; ;; ; ;;21; ; 
 Amhara; South Welo; Borenna ;#N/A;01/08/2010;Kiremt;Kiremt_2010;;1189,00;1189; ; ;119;0; ; 
 Amhara; South Welo;;#N/A;01/08/2010;Kiremt;Kiremt_2010;;17681,00;17681; ; ;531;1; ; 
 Amhara; South Welo;;#N/A;01/08/2010;Kiremt;Kiremt_2010;;39348,00;39348; ; ;14667;2;330; 
 Amhara; North Welo;;#N/A;01/08/2010;Kiremt;Kiremt_2010;;9252,00;9252; ; ;866;32; ; 
 Oromiya; West Arsi;;#N/A;01/07/2010;Kiremt;Kiremt_2010;;6000,00;6000; ; ; ;0; ; 
 Oromiya; West Arsi;;#N/A;01/08/2010;Kiremt;Kiremt_2010;; ;; ; ;111;0; ; 
 Tigray; ;;#N/A;07/09/2007;Kiremt;Kiremt_2007;;2697,00;2697; ; ;406;0; ; 
 Tigray; ;;#N/A;01/08/2006;Kiremt;Kiremt_2006;; ;;2; ;11800;1440;30900; 
 Tigray; ;;#N/A;07/09/2007;Kiremt;Kiremt_2007;;237,00;237; ; ; ;0; ; 
 Benishangul Gumz; Asosa;Menge;060301;19/09/2000;Kiremt;Kiremt_2000;; ;; ; ;;500; ;200
 Tigray; Mekele Especial Zone;;#N/A;01/06/2004;Belge;Belge_2004;; ;; ; ; ;0; ;47
 Somali; ;;#N/A;07/09/2007;Kiremt;Kiremt_2007;;361619,00;361619; ; ; ;0; ; 
 Somali; ;;#N/A;07/09/2005;Kiremt;Kiremt_2005;;21000,00;21000; ; ; ;0; ; 
 Somali; ;;#N/A;07/09/2005;Kiremt;Kiremt_2005;;5400,00;5400; ; ; ;0; ; 
 Somali; Liben;;#N/A;01/05/2002;Belge;Belge_2002;; ;;4; ; ;0; ; 
 Somali; Kebridehar (Korahe);;#N/A;07/09/2005;Kiremt;Kiremt_2005;;90000,00;90000;1; ; ;0; ; 
 Amhara; West Gojam;Semen Achefer;030701;14/08/2008;Kiremt;Kiremt_2008;; ;; ; ;786;0; ; 
 Amhara; West Gojam;Mecha;030704;07/09/2006;Kiremt;Kiremt_2006;;351,00;351;1; ; ;0;53; 
 Somali; Afder;;#N/A;07/09/2005;Kiremt;Kiremt_2005;;107800,00;107800; ; ;;50000; ; 
 Somali; Afder;;#N/A;30/11/2003;Kiremt;Kiremt_2003;;100000,00;100000; ; ; ;0; ; 
 Somali; Afder;;#N/A;07/09/2006;Kiremt;Kiremt_2006;;43200,00;43200; ; ; ;0; ; 
 Somali; Afder;;#N/A;30/11/2003;Kiremt;Kiremt_2003;;10000,00;10000; ; ; ;0; ; 
 Amhara; Wag Himra;Sekota;030802;07/01/2008;Belge;Belge_2008;; ;; ; ;;96; ; 
 Amhara; Wag Himra;Sekota;030802;07/09/2006;Kiremt;Kiremt_2006;;5809,00;5809; ; ; ;0; ; 
 Somali; Afder;;#N/A;07/09/2003;Kiremt;Kiremt_2003;;25,00;25; ; ;2000;0; ; 
 Amhara; Wag Himra;Dehana;030803;17/11/2008;Kiremt;Kiremt_2008;; ;; ; ;53;0; ; 
 Amhara; Wag Himra;Dehana;030803;07/09/2006;Kiremt;Kiremt_2006;;1482,00;1482; ; ; ;0; ; 
 Somali; Afder;;#N/A;17/08/2006;Kiremt;Kiremt_2006;;33500,00;33500;1; ;4690;120;9015;3
 Somali; Afder;;#N/A;06/12/2006;Kiremt;Kiremt_2006;; ;;1; ; ;0; ; 
 Somali; Afder;;#N/A;07/09/2005;Kiremt;Kiremt_2005;;6000,00;6000; ; ; ;0; ; 
 Somali; Afder;;#N/A;14/08/2006;Kiremt;Kiremt_2006;;21030,00;21030; ; ;4206;70; ;3
 Amhara; South Welo;Sayint;030411;16/07/2000;Kiremt;Kiremt_2000;;1,00;1;1; ; ;0; ; 
 SNNPR; ;;#N/A;07/09/2007;Kiremt;Kiremt_2007;;106800,00;106800; ; ; ;0; ; 
 SNNPR; ;;#N/A;07/09/2006;Kiremt;Kiremt_2006;; ;; ; ;3.5;0; ; 
 Amhara; South Welo;Kalu;030407;07/09/2006;Kiremt;Kiremt_2006;;7174,00;7174; ; ; ;0;18; 
 Amhara; South Welo;Jama;030414;01/06/2004;Belge;Belge_2004;; ;;1; ;;28; ; 
 Amhara; South Welo;Jama;030414;01/06/2004;Belge;Belge_2004;;75,00;75; ; ;122;0;375; 
 SNNPR; ;;#N/A;07/09/2006;Kiremt;Kiremt_2006;; ;; ; ;39449;0; ; 
 Amhara; South Welo;Albuko;030408;01/03/2004;Belge;Belge_2004;; ;; ; ;;19; ; 
 Amhara; South Gonder;Simada;030207;01/08/2006;Kiremt;Kiremt_2006;; ;;2; ;34;0; ; 
 Amhara; South Gonder;Libo Kemkem;030202;07/09/2007;Kiremt;Kiremt_2007;;1127,00;1127; ; ; ;0;1127; 
 Amhara; South Gonder;Libo Kemkem;030202;07/09/2006;Kiremt;Kiremt_2006;; ;;2; ;;600; ; 
 Amhara; South Gonder;Libo Kemkem;030202;07/09/2006;Kiremt;Kiremt_2006;;10000,00;10000; ; ; ;0; ; 
 Amhara; South Gonder;Libo Kemkem;030202;07/09/2006;Kiremt;Kiremt_2006;;20821,00;20821;1; ;2441;2790;3134; 
 Amhara; South Gonder;Libo Kemkem;030202;07/09/2000;Kiremt;Kiremt_2000;;10234,00;10234; ; ; ;0; ; 
 Amhara; South Gonder;Fogera;030203;07/09/2006;Kiremt;Kiremt_2006;;2964,00;2964; ; ; ;0; ; 
 Amhara; South Gonder;Fogera;030203;01/08/2006;Kiremt;Kiremt_2006;; ;; ; ; ;0;4430; 
 Amhara; South Gonder;Fogera;030203;07/09/2006;Kiremt;Kiremt_2006;;43127,00;43127; ; ;4240;210;9313; 
 Amhara; South Gonder;Fogera;030203;07/09/2000;Kiremt;Kiremt_2000;;13178,00;13178; ; ; ;0; ; 
 Amhara; South Gonder;Farta;030204;07/09/2008;Kiremt;Kiremt_2008;; ;; ; ;86;0; ; 
 Amhara; South Gonder;Farta;030204;01/06/2004;Belge;Belge_2004;; ;;2; ;;7; ;1
 Amhara; South Gonder;Dera;040602;01/08/2007;Kiremt;Kiremt_2007;; ;; ; ; ;0;3620; 
 Amhara; South Gonder;Dera;040602;18/02/2008;Belge;Belge_2008;; ;; ; ;;23; ; 
 Amhara; South Gonder;Dera;040602;07/09/2007;Kiremt;Kiremt_2007;; ;; ; ;308.2;0; ; 
 Amhara; South Gonder;Dera;040602;07/09/2006;Kiremt;Kiremt_2006;;7482,00;7482; ; ;206.5;4; ; 
 Amhara; South Gonder;Dera;040602;01/08/2006;Kiremt;Kiremt_2006;; ;;2; ; ;0; ; 
 Amhara; South Gonder;Dera;040602;01/07/2003;Kiremt;Kiremt_2003;; ;; ; ;;3100; ; 
 Amhara; South Gonder;Dera;040602;01/07/2003;Kiremt;Kiremt_2003;; ;; ; ;;3100; ; 
 Amhara; South Gonder;Dera;040602;07/09/2000;Kiremt;Kiremt_2000;;386,00;386; ; ; ;0; ; 
 SNNPR; ;;#N/A;07/09/2000;Kiremt;Kiremt_2000;;1,00;1; ; ; ;0; ; 
 SNNPR; Wolayita;;#N/A;07/09/2005;Kiremt;Kiremt_2005;;504,00;504; ; ;252;0; ; 
 SNNPR; Wolayita;;#N/A;07/09/2005;Kiremt;Kiremt_2005;;470,00;470; ; ;235;0; ; 
 SNNPR; Wolayita;;#N/A;07/09/2005;Kiremt;Kiremt_2005;;363,00;363; ; ;73;0; ; 
 SNNPR; Wolayita;;#N/A;09/02/2005;Belge;Belge_2005;;426,00;426; ; ;150;0; ; 
 SNNPR; South Omo;;#N/A;07/09/2006;Kiremt;Kiremt_2006;;44000,00;44000; ; ; ;0; ; 
 SNNPR; South Omo;;#N/A;07/09/2007;Kiremt;Kiremt_2007;;15000,00;15000; ; ; ;0; ; 
 SNNPR; South Omo;;#N/A;09/01/2007;Belge;Belge_2007;; ;; ; ; ;0;12990; 
 SNNPR; South Omo;;#N/A;08/01/2006;Belge;Belge_2006;; ;;364; ;;15800;21523; 
 SNNPR; Silte;;#N/A;07/09/2005;Kiremt;Kiremt_2005;;38150,00;38150; ; ; ;0; ; 
 SNNPR; Gurage;;#N/A;26/03/2001;Belge;Belge_2001;; ;;3; ; ;0; ; 
 Amhara; Oromiya Zone;Artuma Fursi;031004;07/09/2006;Kiremt;Kiremt_2006;;2755,00;2755; ; ;4150;1354;4951; 
 Amhara; Oromiya Zone;Artuma Fursi;031004;07/09/2007;Kiremt;Kiremt_2007;;587,00;587; ; ; ;0; ; 
 SNNPR; Gedeo;;#N/A;22/01/2007;Belge;Belge_2007;; ;; ; ;2;0; ; 
 Oromiya; Borena;;#N/A;07/09/2007;Kiremt;Kiremt_2007;;1000,00;1000; ; ;500;0; ; 
 Amhara; North Welo;Kobo;030302;01/08/2006;Kiremt;Kiremt_2006;; ;; ; ;;100;60;12
 Amhara; North Welo;Kobo;030302;14/11/2007;Kiremt;Kiremt_2007;;2288,00;2288; ; ;306.75;0;2288; 
 Amhara; North Welo;Kobo;030302;07/09/2006;Kiremt;Kiremt_2006;;102,00;102; ; ; ;0;56; 
 Amhara; North Welo;Kobo;030302;23/08/2006;Kiremt;Kiremt_2006;;87,00;87; ; ; ;0;87; 
 Amhara; North Welo;Habru;030308;07/09/2007;Kiremt;Kiremt_2007;;2,00;2; ; ; ;0; ; 
 Amhara; North Welo;Bugna;030301;01/08/2005;Kiremt;Kiremt_2005;; ;;2; ; ;0; ; 
 Amhara; North Shewa;Ensaro;030503;15/09/2008;Kiremt;Kiremt_2008;; ;;1;1; ;0; ; 
 Oromiya; ;;#N/A;07/09/2007;Kiremt;Kiremt_2007;;20156,00;20156; ; ; ;0; ; 
 Oromiya; ;;#N/A;16/05/2006;Belge;Belge_2006;; ;; ; ;70;0; ; 
 Oromiya; West Welega;;#N/A;07/09/2006;Kiremt;Kiremt_2006;;1715,00;1715; ; ;876;0; ;404
 Oromiya; West Shewa;;#N/A;07/09/2006;Kiremt;Kiremt_2006;;42185,00;42185;3; ;;575; ;400
 Oromiya; West Shewa;;#N/A;07/09/2003;Kiremt;Kiremt_2003;; ;; ; ;110;0; ; 
 Oromiya; West Hararge;;#N/A;07/09/2005;Kiremt;Kiremt_2005;; ;; ; ;;4; ; 
 Oromiya; West Hararge;;#N/A;07/09/2005;Kiremt;Kiremt_2005;; ;; ; ;;3; ; 
 Oromiya; West Hararge;;#N/A;07/09/2005;Kiremt;Kiremt_2005;; ;; ; ;;6; ; 
 Oromiya; West Arsi;;#N/A;06/12/2006;Kiremt;Kiremt_2006;; ;; ; ; ;0;2052; 
 Oromiya; South West Shoa;;#N/A;07/09/2006;Kiremt;Kiremt_2006;;75000,00;75000; ; ; ;0; ; 
 Oromiya; Jima Spe. Zone;;#N/A;01/09/2004;Kiremt;Kiremt_2004;; ;; ; ; ;0;210; 
 Oromiya; East Welega;;#N/A;17/06/2000;Belge;Belge_2000;; ;;2; ; ;0; ; 
 Oromiya; East Shewa;;#N/A;07/09/2006;Kiremt;Kiremt_2006;;6985,00;6985; ; ;708.5;0; ; 
 Amhara; North Gondar;Metema;030113;07/09/2006;Kiremt;Kiremt_2006;;966,00;966;1; ;398;17; ; 
 Amhara; North Gondar;Metema;030113;01/10/2001;Kiremt;Kiremt_2001;; ;; ; ;570;0; ; 
 Oromiya; East Shewa;;#N/A;06/12/2006;Kiremt;Kiremt_2006;;15000,00;15000; ; ; ;0; ; 
 Oromiya; East Shewa;;#N/A;07/09/2006;Kiremt;Kiremt_2006;;12551,00;12551;2; ;;13; ;423
 Oromiya; East Shewa;;#N/A;07/09/2007;Kiremt;Kiremt_2007;; ;; ; ;170;0; ; 
 Oromiya; East Shewa;;#N/A;07/09/2003;Kiremt;Kiremt_2003;; ;;38; ;153;72; ;105
 Oromiya; Borena;;#N/A;07/09/2006;Kiremt;Kiremt_2006;; ;; ; ; ;0; ;45
 Amhara; North Gondar;Dembia;030111;07/01/2008;Belge;Belge_2008;; ;; ; ;400;0; ;15
 Amhara; North Gondar;Dembia;030111;01/08/2007;Kiremt;Kiremt_2007;; ;;2; ;1600;0; ; 
 Amhara; North Gondar;Dembia;030111;07/09/2006;Kiremt;Kiremt_2006;;23860,00;23860;1; ;192.14;0; ; 
 Amhara; North Gondar;Dembia;030111;01/07/2001;Kiremt;Kiremt_2001;;1130,00;1130; ; ; ;0; ; 
 Amhara; North Gondar;Dembia;030111;01/07/2001;Kiremt;Kiremt_2001;;1130,00;1130; ; ; ;0; ; 
 Amhara; North Gondar;Dabat;030105;01/08/2005;Kiremt;Kiremt_2005;; ;; ; ;1035;52; ; 
 Oromiya; Borena;;#N/A;07/09/2005;Kiremt;Kiremt_2005;;54108,00;54108; ; ; ;0; ; 
 Oromiya; Bale;;#N/A;07/09/2006;Kiremt;Kiremt_2006;;2405,00;2405;3; ; ;0; ; 
 Oromiya; Arsi;;#N/A;16/04/2005;Belge;Belge_2005;; ;; ; ; ;0; ;20
 Oromiya; Arsi;;#N/A;07/09/2004;Kiremt;Kiremt_2004;; ;; ; ; ;0; ; 
 Amhara; East Gojam;Goncha Siso Enese;030603;01/07/2004;Kiremt;Kiremt_2004;; ;;3; ; ;0; ; 
 Amhara; East Gojam;Goncha Siso Enese;030603;01/07/2004;Kiremt;Kiremt_2004;; ;;3; ; ;0; ; 
 Amhara; East Gojam;Dejen;030613;07/09/2006;Kiremt;Kiremt_2006;;288,00;288; ; ;701.75;953;2219; 
 Oromiya; ;;#N/A;07/09/2006;Kiremt;Kiremt_2006;;22000,00;22000; ; ; ;0; ; 
 Amhara; East Gojam;Bibugn;030601;01/06/2004;Belge;Belge_2004;; ;;3;5; ;0; ;4
 Harari; ;;#N/A;07/09/2007;Kiremt;Kiremt_2007;;3475,00;3475; ; ;444.5;0; ; 
 Gambella; ;;#N/A;07/09/2007;Kiremt;Kiremt_2007;;30915,00;30915; ; ; ;0; ; 
 Gambella; ;;#N/A;07/09/2006;Kiremt;Kiremt_2006;; ;;2; ;1050;0;30915;105
 Gambella; ;;#N/A;07/09/2001;Kiremt;Kiremt_2001;; ;;12; ;;49; ; 
 Gambella; ;;#N/A;07/09/2001;Kiremt;Kiremt_2001;; ;; ; ;;85; ; 
 Gambella; ;;#N/A;07/09/2001;Kiremt;Kiremt_2001;; ;; ; ;;284; ; 
 Gambella; North Shewa;;#N/A;01/08/2006;Kiremt;Kiremt_2006;; ;; ; ;;227;3250; 
 Gambella; Mezhenger;;#N/A;12/06/2007;Belge;Belge_2007;;2,00;2; ; ; ;0; ; 
 Dire Dawa; ;;#N/A;07/09/2007;Kiremt;Kiremt_2007;;9027,00;9027; ; ;257.6;0; ; 
 Dire Dawa; ;;#N/A;07/09/2006;Kiremt;Kiremt_2006;;10809,00;10809;256; ; ;0; ; 
 Dire Dawa; ;;#N/A;06/12/2006;Kiremt;Kiremt_2006;; ;;265; ;257.6;21;9956;6
 Afar; Zone 4;Ewa;020402;07/09/2007;Kiremt;Kiremt_2007;; ;; ; ; ;0; ;70
 Afar; Zone 3;Gewane;020303;24/08/2007;Kiremt;Kiremt_2007;;12000,00;12000; ; ;900;30; ; 
 Afar; Zone 3;Gewane;020303;01/08/2007;Kiremt;Kiremt_2007;; ;; ; ;800;30;12000; 
 Afar; Zone 3;Gewane;020303;07/09/2006;Kiremt;Kiremt_2006;;10294,00;10294;2; ;;15; ; 
 Afar; Zone 1;Dubti;020101;07/09/2006;Kiremt;Kiremt_2006;;7000,00;7000; ; ; ;0; ; 
 Afar; Zone 1;Dubti;020101;30/11/2005;Kiremt;Kiremt_2005;;4000,00;4000; ; ;1000;0; ; 
 Afar; Zone 1;Dubti;020101;07/09/2005;Kiremt;Kiremt_2005;;42000,00;42000; ; ; ;0; ; 
 Afar; Zone 1;Dubti;020101;14/04/2004;Belge;Belge_2004;;21847,00;21847; ; ;;123; ; 
 Afar; Zone 1;Dubti;020101;07/09/2003;Kiremt;Kiremt_2003;;38,00;38; ; ;15;500; ; 
 Afar; Zone 1;Dubti;020101;13/04/2002;Belge;Belge_2002;;4000,00;4000; ; ; ;0;1000; 
 Dire Dawa; ;;#N/A;07/09/2006;Kiremt;Kiremt_2006;;10000,00;10000; ; ; ;0; ; 
 Dire Dawa; Dire Dawa;;#N/A;07/09/2006;Kiremt;Kiremt_2006;;10400,00;10400; ; ; ;0;6000; 
 Benishangul Gumz; Asosa;;#N/A;07/09/2005;Kiremt;Kiremt_2005;;4,00;4; ; ; ;0; ; 
 Benishangul Gumz; Asosa;;#N/A;07/09/2000;Kiremt;Kiremt_2000;; ;; ; ;100;0; ; 
 Amhara; ;;#N/A;07/09/2007;Kiremt;Kiremt_2007;;107286,00;107286; ; ; ;0; ; 
 Amhara; ;;#N/A;07/09/2006;Kiremt;Kiremt_2006;;108000,00;108000; ; ; ;0; ; 
 Amhara; ;;#N/A;07/09/2000;Kiremt;Kiremt_2000;; ;; ; ; ;0;74; 
 Afar; Zone 1;Afambo;020104;07/09/2007;Kiremt;Kiremt_2007;;1500,00;1500; ; ;295;0;1500; 
 Afar; Zone 1;Afambo;020104;07/09/2003;Kiremt;Kiremt_2003;; ;; ; ; ;0;14200; 
 Amhara; West Gojam;;#N/A;07/01/2008;Belge;Belge_2008;; ;; ; ;767;0; ; 
 Amhara; West Gojam;;#N/A;01/06/2004;Belge;Belge_2004;; ;;3; ; ;0;144;37
 Amhara; West Gojam;;#N/A;07/09/2006;Kiremt;Kiremt_2006;;6627,00;6627; ; ;100.06;0; ; 
 Amhara; Oromiya Zone;;#N/A;23/08/2007;Kiremt;Kiremt_2007;; ;; ; ;79;0; ; 
 Amhara; Oromiya Zone;;#N/A;07/09/2007;Kiremt;Kiremt_2007;;402,00;402; ; ; ;0; ; 
 Amhara; North Welo;;#N/A;07/09/2004;Kiremt;Kiremt_2004;; ;; ; ;125;1; ; 
 Amhara; North Gondar;;#N/A;17/08/2001;Kiremt;Kiremt_2001;; ;; ; ;180.75;0; ; 
 Amhara; Special Zone;;#N/A;07/09/2006;Kiremt;Kiremt_2006;;203,00;203; ; ;4054.5;179;11170; 
 Afar; ;;#N/A;07/09/2007;Kiremt;Kiremt_2007;;56300,00;56300; ; ; ;0; ; 
 Afar; ;;#N/A;07/09/2006;Kiremt;Kiremt_2006;; ;; ; ;;21; ; 
 Afar; ;;#N/A;07/09/2006;Kiremt;Kiremt_2006;; ;; ; ;;10; ; 
 Afar; ;;#N/A;07/09/2006;Kiremt;Kiremt_2006;;56000,00;56000; ; ;;169; ; 
 Addis Ababa; ;;#N/A;07/09/2007;Kiremt;Kiremt_2007;; ;; ; ; ;0; ;14
 Addis Ababa; ;;#N/A;07/09/2007;Kiremt;Kiremt_2007;;88,00;88; ; ; ;0; ; 
 Addis Ababa; ;;#N/A;07/09/2007;Kiremt;Kiremt_2007;;5,00;5; ; ; ;0; ; 
 Addis Ababa; Zone 5;;#N/A;10/01/2007;Belge;Belge_2007;;65,00;65; ; ; ;0; ; 
 Addis Ababa; ;;#N/A;03/01/2008;Belge;Belge_2008;;101,00;101; ; ; ;0; ;14
 Addis Ababa; Zone 5;;#N/A;07/09/2007;Kiremt;Kiremt_2007;; ;; ; ; ;0; ;1
 Addis Ababa; Zone 5;;#N/A;16/01/2007;Belge;Belge_2007;;6,00;6; ; ; ;0; ; 
 Addis Ababa; Zone 3;;#N/A;08/01/2007;Belge;Belge_2007;;90,00;90; ; ; ;0; ; 
 Addis Ababa; Zone 6;;#N/A;27/09/2007;Kiremt;Kiremt_2007;;6,00;6; ; ; ;0; ; 
 Addis Ababa; Zone 6;;#N/A;19/09/2007;Kiremt;Kiremt_2007;;88,00;88; ; ; ;0; ; 
 Addis Ababa; Zone 4;;#N/A;20/08/2007;Kiremt;Kiremt_2007;;169,00;169; ; ; ;0; ; 
 Addis Ababa; Zone 4;;#N/A;07/09/2007;Kiremt;Kiremt_2007;;600,00;600; ; ; ;0; ; 
 Addis Ababa; Zone 4;;#N/A;07/09/2007;Kiremt;Kiremt_2007;;13,00;13; ; ; ;0; ;5
 Addis Ababa; Zone 4;;#N/A;07/09/2007;Kiremt;Kiremt_2007;;77,00;77; ; ; ;0; ; 
 Addis Ababa; Zone 4;;#N/A;07/09/2007;Kiremt;Kiremt_2007;;53,00;53; ; ; ;0; ; 
 Addis Ababa; Zone 4;;#N/A;07/09/2007;Kiremt;Kiremt_2007;;59,00;59; ; ; ;0; ; 
 Addis Ababa; Zone 4;;#N/A;15/12/2007;Kiremt;Kiremt_2007;;202,00;202; ; ; ;0; ; 
 Addis Ababa; Zone 4;;#N/A;14/12/2007;Kiremt;Kiremt_2007;;137,00;137; ; ; ;0; ; 
 Addis Ababa; Zone 4;;#N/A;14/12/2007;Kiremt;Kiremt_2007;;122,00;122; ; ; ;0; ;5
 Addis Ababa; Zone 4;;#N/A;20/08/2007;Kiremt;Kiremt_2007;;715,00;715; ; ; ;0; ; 
 Addis Ababa; Bole;;#N/A;07/09/2007;Kiremt;Kiremt_2007;;53,00;53; ; ; ;0; ; 
 Addis Ababa; Aradra;;#N/A;07/09/2007;Kiremt;Kiremt_2007;;72,00;72; ; ; ;0; ; 
 Addis Ababa; Aradra;;#N/A;07/09/2007;Kiremt;Kiremt_2007;;6,00;6; ; ; ;0; ; 
 Addis Ababa; Aradra;;#N/A;07/09/2007;Kiremt;Kiremt_2007;;16,00;16; ; ; ;0; ; 
 Addis Ababa; Aradra;;#N/A;07/09/2007;Kiremt;Kiremt_2007;;45,00;45; ; ; ;0; ; 
 Addis Ababa; Aradra;;#N/A;14/12/2007;Kiremt;Kiremt_2007;;61,00;61; ; ; ;0; ; 
 Addis Ababa; Aradra;;#N/A;14/12/2007;Kiremt;Kiremt_2007;;14,00;14; ; ; ;0; ; 
 Addis Ababa; Aradra;;#N/A;14/12/2007;Kiremt;Kiremt_2007;;49,00;49; ; ; ;0; ; 
 Addis Ababa; Aradra;;#N/A;20/08/2007;Kiremt;Kiremt_2007;;14,00;14; ; ; ;0; ; 
 Addis Ababa; Aradra;;#N/A;20/08/2007;Kiremt;Kiremt_2007;;12,00;12; ; ; ;0; ; 
 Addis Ababa; Aradra;;#N/A;20/08/2007;Kiremt;Kiremt_2007;;45,00;45; ; ; ;0; ; 
 Addis Ababa; Aradra;;#N/A;20/08/2007;Kiremt;Kiremt_2007;;53,00;53; ; ; ;0; ; 
 Addis Ababa; Zone 1;;#N/A;27/11/2008;Kiremt;Kiremt_2008;;181,00;181; ; ; ;0; ; 
 Addis Ababa; Zone 1;;#N/A;07/09/2007;Kiremt;Kiremt_2007;;20,00;20; ; ; ;0; ; 
 Addis Ababa; Zone 1;;#N/A;22/12/2007;Kiremt;Kiremt_2007;;842,00;842; ; ; ;0; ; 
 Addis Ababa; Addis Ketema;;#N/A;25/08/2007;Kiremt;Kiremt_2007;;68,00;68; ; ; ;0; ; 
 Addis Ababa; Addis Ketema;;#N/A;25/08/2007;Kiremt;Kiremt_2007;;120,00;120; ; ; ;0; ; 
 Addis Ababa; Zone 5;;#N/A;07/09/2005;Kiremt;Kiremt_2005;;37,00;37; ; ; ;0; ; 
 Addis Ababa; Zone 6;;#N/A;07/09/2005;Kiremt;Kiremt_2005;;5,00;5; ; ; ;0; ; 
 Addis Ababa; Zone 6;;#N/A;07/09/2005;Kiremt;Kiremt_2005;;79,00;79; ; ; ;0; ; 
 Addis Ababa; Zone 6;;#N/A;07/09/2005;Kiremt;Kiremt_2005;;7,00;7; ; ; ;0; ; 
 Addis Ababa; Zone 5;;#N/A;07/09/2004;Kiremt;Kiremt_2004;;47,00;47; ; ; ;0; ; 
 Addis Ababa; Zone 5;;#N/A;07/09/2004;Kiremt;Kiremt_2004;;57,00;57; ; ; ;0; ; 
 Addis Ababa; Zone 5;;#N/A;07/09/2004;Kiremt;Kiremt_2004;;264,00;264; ; ; ;0; ; 
 Addis Ababa; Zone 5;;#N/A;07/09/2004;Kiremt;Kiremt_2004;;47,00;47; ; ; ;0; ; 
 Addis Ababa; Zone 5;;#N/A;07/09/2004;Kiremt;Kiremt_2004;;27,00;27; ; ; ;0; ; 
 Addis Ababa; Zone 5;;#N/A;07/09/2004;Kiremt;Kiremt_2004;;26,00;26; ; ; ;0; ; 
 Addis Ababa; Zone 5;;#N/A;07/09/2004;Kiremt;Kiremt_2004;;44,00;44; ; ; ;0; ; 
 Addis Ababa; Zone 5;;#N/A;07/09/2004;Kiremt;Kiremt_2004;;100,00;100; ; ; ;0; ; 
 Addis Ababa; Zone 5;;#N/A;07/09/2004;Kiremt;Kiremt_2004;;19,00;19; ; ; ;0; ; 
 Addis Ababa; Zone 5;;#N/A;07/09/2004;Kiremt;Kiremt_2004;;36,00;36; ; ; ;0; ; 
 Addis Ababa; Zone 5;;#N/A;07/09/2005;Kiremt;Kiremt_2005;;8,00;8; ; ; ;0; ; 
 Addis Ababa; Zone 5;;#N/A;07/09/2005;Kiremt;Kiremt_2005;;180,00;180; ; ; ;0; ; 
 Addis Ababa; Zone 5;;#N/A;07/09/2004;Kiremt;Kiremt_2004;;128,00;128; ; ; ;0; ; 
 Addis Ababa; Zone 5;;#N/A;07/09/2004;Kiremt;Kiremt_2004;;86,00;86; ; ; ;0; ; 
 Addis Ababa; Zone 5;;#N/A;07/09/2004;Kiremt;Kiremt_2004;;66,00;66; ; ; ;0; ; 
 Addis Ababa; Zone 5;;#N/A;07/09/2004;Kiremt;Kiremt_2004;;261,00;261; ; ; ;0; ; 
 Addis Ababa; Zone 5;;#N/A;07/09/2004;Kiremt;Kiremt_2004;;56,00;56; ; ; ;0; ; 
 Addis Ababa; Zone 5;;#N/A;07/09/2004;Kiremt;Kiremt_2004;;62,00;62; ; ; ;0; ; 
 Addis Ababa; Zone 5;;#N/A;07/09/2004;Kiremt;Kiremt_2004;;82,00;82; ; ; ;0; ; 
 Addis Ababa; Zone 5;;#N/A;07/09/2004;Kiremt;Kiremt_2004;;244,00;244; ; ; ;0; ; 
 Addis Ababa; Zone 5;;#N/A;07/09/2004;Kiremt;Kiremt_2004;;26,00;26; ; ; ;0; ; 
 Addis Ababa; Zone 5;;#N/A;07/09/2004;Kiremt;Kiremt_2004;;23,00;23; ; ; ;0; ; 
 Addis Ababa; Zone 5;;#N/A;07/09/2005;Kiremt;Kiremt_2005;;567,00;567; ; ; ;0; ; 
 Addis Ababa; Zone 5;;#N/A;07/09/2004;Kiremt;Kiremt_2004;;648,00;648; ; ; ;0; ; 
 Addis Ababa; Zone 5;;#N/A;07/09/2004;Kiremt;Kiremt_2004;;48,00;48; ; ; ;0; ; 
 Addis Ababa; Zone 5;;#N/A;07/09/2004;Kiremt;Kiremt_2004;;65,00;65; ; ; ;0; ; 
 Addis Ababa; Zone 5;;#N/A;07/09/2004;Kiremt;Kiremt_2004;;297,00;297; ; ; ;0; ; 
 Addis Ababa; Zone 5;;#N/A;07/09/2004;Kiremt;Kiremt_2004;;34,00;34; ; ; ;0; ; 
 Addis Ababa; Zone 5;;#N/A;07/09/2005;Kiremt;Kiremt_2005;;69,00;69; ; ; ;0; ; 
 Addis Ababa; Zone 5;;#N/A;07/09/2004;Kiremt;Kiremt_2004;;358,00;358; ; ; ;0; ; 
 Addis Ababa; Zone 5;;#N/A;07/09/2004;Kiremt;Kiremt_2004;;249,00;249; ; ; ;0; ; 
 Addis Ababa; Zone 5;;#N/A;07/09/2005;Kiremt;Kiremt_2005;;43,00;43; ; ; ;0; ; 
 Addis Ababa; Zone 5;;#N/A;07/09/2004;Kiremt;Kiremt_2004;;5,00;5; ; ; ;0; ; 
 Addis Ababa; Zone 5;;#N/A;07/09/2004;Kiremt;Kiremt_2004;;4,00;4; ; ; ;0; ; 
 Addis Ababa; Zone 5;;#N/A;07/09/2004;Kiremt;Kiremt_2004;;22,00;22; ; ; ;0; ; 
 Addis Ababa; Zone 5;;#N/A;07/09/2004;Kiremt;Kiremt_2004;;10,00;10; ; ; ;0; ; 
 Addis Ababa; Zone 5;;#N/A;07/09/2004;Kiremt;Kiremt_2004;;15,00;15; ; ; ;0; ; 
 Addis Ababa; Zone 5;;#N/A;07/09/2004;Kiremt;Kiremt_2004;;17,00;17; ; ; ;0; ; 
 Addis Ababa; Zone 5;;#N/A;07/09/2004;Kiremt;Kiremt_2004;;8,00;8; ; ; ;0; ; 
 Addis Ababa; Zone 4;;#N/A;07/09/2004;Kiremt;Kiremt_2004;;67,00;67; ; ; ;0; ; 
 Addis Ababa; Zone 4;;#N/A;07/09/2005;Kiremt;Kiremt_2005;;47,00;47; ; ; ;0; ; 
 Addis Ababa; Zone 4;;#N/A;07/09/2005;Kiremt;Kiremt_2005;;44,00;44; ; ; ;0; ; 
 Addis Ababa; Zone 4;;#N/A;07/09/2005;Kiremt;Kiremt_2005;;40,00;40; ; ; ;0; ; 
 Addis Ababa; Zone 4;;#N/A;07/09/2005;Kiremt;Kiremt_2005;;21,00;21; ; ; ;0; ; 
 Addis Ababa; Zone 4;;#N/A;07/09/2004;Kiremt;Kiremt_2004;;386,00;386; ; ; ;0; ; 
 Addis Ababa; Zone 4;;#N/A;07/09/2004;Kiremt;Kiremt_2004;;373,00;373; ; ; ;0; ; 
 Addis Ababa; Zone 4;;#N/A;07/09/2004;Kiremt;Kiremt_2004;;19,00;19; ; ; ;0; ; 
 Addis Ababa; Zone 4;;#N/A;07/09/2005;Kiremt;Kiremt_2005;;12,00;12; ; ; ;0; ; 
 Addis Ababa; Zone 4;;#N/A;07/09/2005;Kiremt;Kiremt_2005;;31,00;31; ; ; ;0; ; 
 Addis Ababa; Zone 4;;#N/A;07/09/2005;Kiremt;Kiremt_2005;;159,00;159; ; ; ;0; ; 
 Addis Ababa; Zone 4;;#N/A;07/09/2004;Kiremt;Kiremt_2004;;55,00;55; ; ; ;0; ; 
 Addis Ababa; Zone 4;;#N/A;07/09/2004;Kiremt;Kiremt_2004;;373,00;373; ; ; ;0; ; 
 Addis Ababa; Zone 4;;#N/A;07/09/2004;Kiremt;Kiremt_2004;;119,00;119; ; ; ;0; ; 
 Addis Ababa; Yeka;;#N/A;07/09/2005;Kiremt;Kiremt_2005;;33,00;33; ; ; ;0; ; 
 Addis Ababa; Zone 3;;#N/A;07/09/2005;Kiremt;Kiremt_2005;;76,00;76; ; ; ;0; ; 
 Addis Ababa; Zone 3;;#N/A;07/09/2005;Kiremt;Kiremt_2005;;144,00;144; ; ; ;0; ; 
 Addis Ababa; Zone 3;;#N/A;07/09/2005;Kiremt;Kiremt_2005;;61,00;61; ; ; ;0; ; 
 Addis Ababa; Zone 3;;#N/A;07/09/2004;Kiremt;Kiremt_2004;;186,00;186; ; ; ;0; ; 
 Addis Ababa; Zone 3;;#N/A;07/09/2004;Kiremt;Kiremt_2004;;135,00;135; ; ; ;0; ; 
 Addis Ababa; Zone 2;;#N/A;07/09/2005;Kiremt;Kiremt_2005;;178,00;178; ; ; ;0; ; 
 Addis Ababa; Zone 2;;#N/A;07/09/2004;Kiremt;Kiremt_2004;;40,00;40; ; ; ;0; ; 
 Addis Ababa; Zone 2;;#N/A;07/09/2004;Kiremt;Kiremt_2004;;128,00;128; ; ; ;0; ; 
 Addis Ababa; Zone 2;;#N/A;07/09/2004;Kiremt;Kiremt_2004;;10,00;10; ; ; ;0; ; 
 Addis Ababa; Zone 2;;#N/A;07/09/2005;Kiremt;Kiremt_2005;;351,00;351; ; ; ;0; ; 
 Addis Ababa; Zone 2;;#N/A;07/09/2005;Kiremt;Kiremt_2005;;115,00;115; ; ; ;0; ; 
 Addis Ababa; Zone 2;;#N/A;07/09/2004;Kiremt;Kiremt_2004;;302,00;302; ; ; ;0; ; 
 Addis Ababa; Zone 2;;#N/A;07/09/2005;Kiremt;Kiremt_2005;;98,00;98; ; ; ;0; ; 
 Addis Ababa; Zone 2;;#N/A;07/09/2005;Kiremt;Kiremt_2005;;141,00;141; ; ; ;0; ; 
 Addis Ababa; Zone 2;;#N/A;07/09/2005;Kiremt;Kiremt_2005;;16,00;16; ; ; ;0; ; 
 Addis Ababa; Zone 2;;#N/A;07/09/2005;Kiremt;Kiremt_2005;;19,00;19; ; ; ;0; ; 
 Addis Ababa; Zone 2;;#N/A;07/09/2005;Kiremt;Kiremt_2005;;33,00;33; ; ; ;0; ; 
 Addis Ababa; Zone 2;;#N/A;07/09/2004;Kiremt;Kiremt_2004;;87,00;87; ; ; ;0; ; 
 Addis Ababa; Zone 2;;#N/A;07/09/2004;Kiremt;Kiremt_2004;;99,00;99; ; ; ;0; ; 
 Addis Ababa; Zone 2;;#N/A;07/09/2004;Kiremt;Kiremt_2004;;187,00;187; ; ; ;0; ; 
 Addis Ababa; Zone 2;;#N/A;07/09/2004;Kiremt;Kiremt_2004;;314,00;314; ; ; ;0; ; 
 Addis Ababa; Zone 2;;#N/A;07/09/2005;Kiremt;Kiremt_2005;;493,00;493; ; ; ;0; ; 
 Addis Ababa; Zone 2;;#N/A;07/09/2005;Kiremt;Kiremt_2005;;538,00;538; ; ; ;0; ; 
 Addis Ababa; Zone 2;;#N/A;07/09/2004;Kiremt;Kiremt_2004;;684,00;684; ; ; ;0; ; 
 Addis Ababa; Zone 2;;#N/A;07/09/2004;Kiremt;Kiremt_2004;;167,00;167; ; ; ;0; ; 
 Addis Ababa; Zone 2;;#N/A;07/09/2005;Kiremt;Kiremt_2005;;392,00;392; ; ; ;0; ; 
 Addis Ababa; Zone 2;;#N/A;07/09/2004;Kiremt;Kiremt_2004;;194,00;194; ; ; ;0; ; 
 Addis Ababa; Zone 1;;#N/A;07/09/2005;Kiremt;Kiremt_2005;;348,00;348; ; ; ;0; ; 
 Addis Ababa; Zone 1;;#N/A;07/09/2005;Kiremt;Kiremt_2005;;33,00;33; ; ; ;0; ; 
 Addis Ababa; Addis Ketema;;#N/A;07/09/2005;Kiremt;Kiremt_2005;;28,00;28; ; ; ;0; ; 
 Addis Ababa; Aradra;;#N/A;07/09/2005;Kiremt;Kiremt_2005;;88,00;88; ; ; ;0; ; 
 Addis Ababa; Aradra;;#N/A;07/09/2004;Kiremt;Kiremt_2004;;140,00;140; ; ; ;0; ; 
 Addis Ababa; Aradra;;#N/A;07/09/2004;Kiremt;Kiremt_2004;;47,00;47; ; ; ;0; ; 
 Addis Ababa; Addis Ketema;;#N/A;07/09/2005;Kiremt;Kiremt_2005;;191,00;191; ; ; ;0; ; 
 Addis Ababa; Zone 6;;#N/A;07/09/2005;Kiremt;Kiremt_2005;;99,00;99; ; ; ;0; ; 
 Addis Ababa; Zone 5;;#N/A;07/09/2005;Kiremt;Kiremt_2005;;89,00;89; ; ; ;0; ; 
 Addis Ababa; Addis Ketema;;#N/A;07/09/2005;Kiremt;Kiremt_2005;;95,00;95; ; ; ;0; ; 
 Addis Ababa; Aradra;;#N/A;07/09/2005;Kiremt;Kiremt_2005;;32,00;32; ; ; ;0; ; 
 Addis Ababa; Zone 5;;#N/A;07/09/2004;Kiremt;Kiremt_2004;;160,00;160; ; ; ;0; ; 
 Addis Ababa; Zone 5;;#N/A;07/09/2005;Kiremt;Kiremt_2005;;75,00;75; ; ; ;0; ; 
 Addis Ababa; Zone 5;;#N/A;07/09/2005;Kiremt;Kiremt_2005;;86,00;86; ; ; ;0; ; 
 Addis Ababa; Zone 5;;#N/A;07/09/2005;Kiremt;Kiremt_2005;;243,00;243; ; ; ;0; ; 
 Addis Ababa; Zone 5;;#N/A;07/09/2005;Kiremt;Kiremt_2005;;146,00;146; ; ; ;0; ; 
 Addis Ababa; Zone 5;;#N/A;07/09/2005;Kiremt;Kiremt_2005;;64,00;64; ; ; ;0; ; 
 Afar; Zone 3;Awash Fentale;020302;07/09/2007;Kiremt;Kiremt_2007;;1149,00;1149; ; ;;1246;1149; 
 Afar; Zone 3;Amibara;020301;07/12/2007;Kiremt;Kiremt_2007;;200,00;200; ; ; ;0; ; 
 Afar; Zone 3;Amibara;020301;07/09/2006;Kiremt;Kiremt_2006;;13200,00;13200; ; ; ;0; ; 
 Afar; Zone 3;Amibara;020301;01/08/2006;Kiremt;Kiremt_2006;;6000,00;6000; ; ;;160; ; 
 Addis Ababa; Zone 5;;#N/A;07/09/2005;Kiremt;Kiremt_2005;;102,00;102; ; ; ;0; ; 
 Addis Ababa; Zone 5;;#N/A;07/09/2004;Kiremt;Kiremt_2004;;547,00;547; ; ; ;0; ; 
 Afar; Zone 1;Dubti;020101;07/09/2005;Kiremt;Kiremt_2005;;25000,00;25000; ; ; ;0; ; 
 Afar; Zone 1;Mile;020105;07/09/2008;Kiremt;Kiremt_2008;;5000,00;5000; ; ; ;0; ; 
 Afar; Zone 1;Mile;020105;07/09/2007;Kiremt;Kiremt_2007;;1275,00;1275; ; ; ;0;1275; 
 Afar; Zone 1;Mile;020105;13/07/2006;Kiremt;Kiremt_2006;;6375,00;6375; ; ;;5524; ; 
 Afar; Zone 1;Mile;020105;01/04/2004;Belge;Belge_2004;; ;;4; ;;3170; ; 
 Afar; Zone 1;Elidar;020102;07/12/2007;Kiremt;Kiremt_2007;;620,00;620; ; ; ;0; ; 
 Afar; Zone 1;Elidar;020102;27/09/2006;Kiremt;Kiremt_2006;;620,00;620; ;18; ;0; ; 
 Afar; Zone 1;Dubti;020101;07/09/2007;Kiremt;Kiremt_2007;; ;; ; ;100;0; ; 
 Afar; Zone 1;Dubti;020101;07/12/2007;Kiremt;Kiremt_2007;;4000,00;4000; ; ; ;0; ; 
Amhara;North Wello;Mersa Town;030397;22/08/2010;Kiremt;Kiremt_2010;;;0;5;19;3745;;;
 Addis Ababa; Zone 5;;#N/A;07/09/2005;Kiremt;Kiremt_2005;;40,00;40; ; ; ;0; ; 
 Addis Ababa; Zone 5;;#N/A;07/09/2005;Kiremt;Kiremt_2005;;66,00;66; ; ; ;0; ; 
Amhara;South Wello;kalu;030407;20/08/2011;Kiremt;Kiremt_2011;;;0;20;;;;;
 Addis Ababa; Zone 5;;#N/A;07/09/2005;Kiremt;Kiremt_2005;;5,00;5; ; ; ;0; ; 
 Addis Ababa; Zone 5;;#N/A;07/09/2005;Kiremt;Kiremt_2005;;112,00;112; ; ; ;0; ; 
Amhara;North Gondar;Dembia;030111;20/08/2011;Kiremt;Kiremt_2011;;;0;;;;;;
Amhara;North Gondar;Gonder Zuria;030110;20/08/2011;Kiremt;Kiremt_2011;;;0;;;;;;
somali;;Mustahil;050606;21/08/2011;Kiremt;Kiremt_2011;;;0;;;;;;
Tigray;;Alamata;010407;22/08/2011;Kiremt;Kiremt_2011;;;0;;;;;;
Somali;Gode;kelafo;050605;02/05/2012;Belge;Belge_2012;702,00;;702;;;;;;
Somali;Gode;mustahil;050606;03/05/2012;Belge;Belge_2012;30,00;;30;;;;;;
Somali;Korahe ;kebridehar;050502;25/04/2012;Belge;Belge_2012;;;0;;;;;;
Somali;Korahe ;Shekosh;050501;26/04/2012;Belge;Belge_2012;330,00;;330;;;;;;
 Addis Ababa; Zone 5;;#N/A;07/09/2005;Kiremt;Kiremt_2005;;11,00;11; ; ; ;0; ; 
 Addis Ababa; Zone 5;;#N/A;07/09/2005;Kiremt;Kiremt_2005;;183,00;183; ; ; ;0; ; 
Somali;Fafan;;#N/A;01/01/2012;Belge;Belge_2012;;;0;;;;;;
Somali;Jarar;;#N/A;01/01/2012;Belge;Belge_2012;;;0;;;;;;
Somali;Korahe ;;#N/A;01/01/2012;Belge;Belge_2012;;;0;;;;;;
SNNP;sidama;loka abaya;070414;01/05/2013;Belge;Belge_2013;650,00;;650;;;;;;
SNNP;Wolayita;Humbo;070604;02/05/2013;Belge;Belge_2013;650,00;;650;;;;;;
OROMIA;East Hararge;Adhaki;011068;03/05/2013;Belge;Belge_2013;400,00;;400;;;;;;
OROMIA;West Hararge;Adigrat Town;010308;04/05/2013;Belge;Belge_2013;400,00;;400;;;;;;
OROMIA;Borena;Adwa;010204;05/05/2013;Belge;Belge_2013;400,00;;400;;;;;;
Somali;Shebelle;;#N/A;01/01/2012;Belge;Belge_2012;;;0;;;;;;
Afar;;;#N/A;01/10/2014;Kiremt;Kiremt_2014;100000,00;;100000;;;;;;
SNNP;;;#N/A;02/10/2014;Kiremt;Kiremt_2014;100000,00;;100000;;;;;;
Somali;Shebelle;Mustahil;050606;31/10/2015;Kiremt;Kiremt_2015;102000,00;;102000;5;;;10000;;
Somali;Shebelle;Kelafo;050605;01/11/2015;Kiremt;Kiremt_2015;102000,00;;102000;5;;;10000;;
Somali;;;#N/A;03/10/2014;Kiremt;Kiremt_2014;100000,00;;100000;;;;;;
Gambella;;;#N/A;28/08/2017;Kiremt;Kiremt_2017;13400,00;;13400;;;;;;
Afar;Awasi;;#N/A;01/04/2018;Belge;Belge_2018;;;0;;;;;;
OROMIA;East Hararge;Ayder;011067;02/04/2018;Belge;Belge_2018;;;0;;;;;;
OROMIA;Arsi;Degua Temben;010604;03/04/2018;Belge;Belge_2018;;;0;;;;;;
OROMIA;East Shewa;Endamehoni;010405;04/04/2018;Belge;Belge_2018;;;0;;;;;;
OROMIA;West Hararge;Enderta;010602;05/04/2018;Belge;Belge_2018;;;0;;;;;;
Somali;Afder;;#N/A;06/04/2018;Belge;Belge_2018;;;0;;;;;;
Somali;Fafan;;#N/A;07/04/2018;Belge;Belge_2018;;;0;;;;;;
Somali;Liben;;#N/A;08/04/2018;Belge;Belge_2018;;;0;;;;;;
Somali;Nogob;;#N/A;09/04/2018;Belge;Belge_2018;;;0;;;;;;
Somali;Siti;;#N/A;10/04/2018;Belge;Belge_2018;;;0;;;;;;
Somali;Shebele ;;#N/A;11/04/2018;Belge;Belge_2018;;;0;;;;;;
Somali; warder;;#N/A;12/04/2018;Belge;Belge_2018;;;0;;;;;;
