County;sub_county;ward;people_dead;people_injured;house_destroyed;house_damaged;household_displaced;people_displaced;magnitude_impact;date_recorded
Baringo;NA;NA;7;0;0;0;0;0;1;2002/05/13
Tana River;NA;NA;0;0;0;0;0;27000;1;2002/05/13
Baringo;NA;NA;10;0;0;0;0;0;1;2002/05/14
Bungoma;NA;NA;1;0;0;0;0;0;1;2002/05/14
Busia;NA;NA;2;0;0;0;0;0;1;2002/05/14
Elgeyo-Mar;NA;NA;1;0;0;0;0;0;1;2002/05/14
Embu;NA;NA;6;0;0;0;0;0;1;2002/05/14
Kakamega;NA;NA;1;0;0;0;0;0;1;2002/05/14
Kericho;NA;NA;1;0;0;0;0;0;1;2002/05/14
Kiambu;NA;NA;1;0;0;0;0;0;1;2002/05/14
Kirinyaga;NA;NA;1;0;0;0;0;0;1;2002/05/14
Kisii;NA;NA;1;0;0;0;0;0;1;2002/05/14
Kisumu;NA;NA;3;4;0;0;0;0;1;2002/05/14
Kitui;NA;NA;1;0;0;0;0;0;1;2002/05/14
Laikipia;NA;NA;1;0;0;0;0;0;1;2002/05/14
Machakos;NA;NA;1;0;0;0;0;0;1;2002/05/14
Meru;NA;NA;10;3;0;0;0;0;1;2002/05/14
Meru;NA;NA;2;0;0;0;0;0;1;2002/05/14
Meru;NA;NA;1;0;0;0;0;0;1;2002/05/14
Nairobi;NA;NA;6;0;0;0;0;0;1;2002/05/14
Nairobi;NA;NA;3;0;0;0;0;0;1;2002/05/14
Nairobi;NA;NA;1;0;0;0;0;0;1;2002/05/14
Nakuru;NA;NA;1;0;0;0;0;0;1;2002/05/14
Turkana;NA;NA;3;0;0;0;0;0;1;2002/05/14
Uasin Gish;NA;NA;6;4;0;0;0;0;1;2002/05/14
Uasin Gish;NA;NA;1;0;0;0;0;0;1;2002/05/14
Siaya;NA;NA;3;0;0;0;0;0;1;2002/05/15
Siaya;NA;NA;0;0;27;0;0;0;1;2003/09/07
West Pokot;NA;NA;11;15;0;0;0;0;1;2005/11/14
Kisumu;NA;NA;0;0;47;0;0;0;1;2009/12/27
Mombasa;NA;NA;0;0;15;0;0;22;1;2006/05/21
Isiolo;NA;NA;3;0;0;354;0;0;1;2006/10/26
Isiolo;NA;NA;4;2;355;0;0;0;1;2006/10/27
Kilifi;NA;NA;0;0;15;0;0;0;1;2006/10/27
Kwale;NA;NA;4;0;0;0;0;0;1;2006/10/27
Kwale;NA;NA;0;0;67;0;0;0;1;2006/10/27
Mombasa;NA;NA;0;0;2;0;0;0;1;2006/10/27
Mombasa;NA;NA;0;0;5;0;0;0;1;2006/10/27
Turkana;NA;NA;2;0;105;0;105;0;1;2006/10/27
Isiolo;NA;NA;4;0;0;0;355;0;1;2006/11/10
Isiolo;NA;NA;7;4;0;0;0;0;1;2007/01/13
Taita Tave;NA;NA;2;0;0;0;0;0;1;2008/03/20
Kilifi;NA;NA;0;17;0;4;0;0;1;2008/06/01
Kwale;NA;NA;0;0;4;0;0;0;1;2008/06/01
Mombasa;NA;NA;1;0;200;0;0;0;1;2008/06/01
Murang'a;NA;NA;16;0;0;0;0;0;1;2008/06/13
Turkana;NA;NA;17;0;0;0;0;0;1;2008/10/07
Mandera;NA;NA;3;0;0;0;0;0;1;2008/10/14
Murang'a;NA;NA;0;0;2;0;0;0;1;2008/11/07
West Pokot;NA;NA;14;16;0;0;0;0;1;2008/11/10
Busia;NA;NA;0;0;3;0;0;0;1;2008/11/13
Machakos;NA;NA;10;0;0;0;0;0;1;2008/11/13
Makueni;NA;NA;2;0;0;0;0;0;1;2008/11/13
Uasin Gish;NA;NA;1;0;0;0;0;0;1;2008/11/13
Kisumu;NA;NA;0;0;12;0;0;0;1;2009/12/27
Trans Nzoi;NA;NA;0;0;500;0;0;0;1;2009/05/01
West Pokot;NA;NA;0;0;367;0;0;0;1;2009/05/01
Kisumu;NA;NA;0;0;3;0;0;0;1;2010/01/14
Lamu;NA;NA;0;0;160;0;0;0;1;2009/10/28
Mandera;NA;NA;0;0;300;2000;0;0;1;2009/10/28
Murang'a;NA;NA;0;0;230;0;0;0;1;2009/10/28
Kilifi;NA;NA;2;0;466;0;0;0;1;2009/11/01
Kilifi;NA;NA;2;0;0;0;0;0;1;2009/11/01
Kilifi;NA;NA;2;0;0;0;0;0;1;2009/11/02
Uasin Gish;NA;NA;1;0;2;0;0;0;1;2009/11/03
Narok;NA;NA;1;0;0;0;0;0;1;2009/12/09
Nairobi;NA;NA;0;0;60;0;0;0;1;2009/12/22
Nairobi;NA;NA;4;0;0;0;0;0;1;2009/12/23
Narok;NA;NA;1;0;0;0;0;0;1;2009/12/24
Kajiado;NA;NA;8;0;4;10;0;0;1;2009/12/25
Siaya;NA;NA;5;0;101;0;0;0;1;2009/12/27
Turkana;NA;NA;5;0;150;0;0;0;1;2009/12/27
West Pokot;NA;NA;0;0;60;0;0;0;1;2009/12/27
West Pokot;NA;NA;0;0;60;0;0;0;1;2009/12/27
Kajiado;NA;NA;3;0;0;0;0;0;1;2009/12/28
Narok;NA;NA;3;0;0;0;0;0;1;2009/12/28
Kajiado;NA;NA;4;0;0;0;0;0;1;2010/01/01
Machakos;NA;NA;2;0;0;0;0;0;1;2010/01/01
Nakuru;NA;NA;3;0;509;0;0;0;1;2010/01/01
Baringo;NA;NA;1;0;100;0;0;0;1;2010/01/02
Baringo;NA;NA;0;0;196;0;0;0;1;2010/01/02
Lamu;NA;NA;0;0;14;0;0;0;1;2010/01/03
Murang'a;NA;NA;0;0;85;0;0;0;1;2010/01/03
Nyandarua;NA;NA;0;0;35;0;0;0;1;2010/01/03
Turkana;NA;NA;2;0;0;0;0;0;1;2010/01/03
Laikipia;NA;NA;1;0;0;0;0;0;1;2010/01/04
Nakuru;NA;NA;4;0;0;0;0;0;1;2010/01/04
Turkana;NA;NA;5;0;0;0;0;0;1;2010/01/04
Kitui;NA;NA;0;0;6;0;0;0;1;2010/01/06
Narok;NA;NA;0;0;75;0;0;0;1;2010/01/06
Turkana;NA;NA;4;0;100;0;0;0;1;2010/01/08
Baringo;NA;NA;0;0;122;0;0;0;1;2010/01/10
Baringo;NA;NA;0;0;67;0;0;0;1;2010/01/10
Baringo;NA;NA;0;0;118;0;0;0;1;2010/01/10
Baringo;NA;NA;0;0;23;0;0;0;1;2010/01/10
Nakuru;NA;NA;4;0;0;0;0;0;1;2010/01/10
West Pokot;NA;NA;1;0;60;0;0;0;1;2010/01/10
Kisumu;NA;NA;0;0;215;0;0;0;1;2010/05/02
Kisumu;NA;NA;0;0;100;0;0;0;1;2010/05/11
Makueni;NA;NA;0;0;10;0;0;0;1;2010/01/14
Siaya;NA;NA;3;0;0;0;0;0;1;2010/01/14
Nakuru;NA;NA;3;0;0;0;0;0;1;2010/03/02
Kajiado;NA;NA;2;0;0;0;0;0;1;2010/03/03
Isiolo;NA;NA;0;0;200;0;0;0;1;2010/03/04
Marsabit;NA;NA;0;0;420;0;0;0;1;2010/03/09
Turkana;NA;NA;3;0;0;0;0;0;1;2010/03/19
Kilifi;NA;NA;0;0;97;66;0;0;1;2010/03/21
Murang'a;NA;NA;0;0;25;0;0;0;1;2010/03/21
West Pokot;NA;NA;2;0;0;0;0;0;1;2010/03/28
Uasin Gish;NA;NA;1;0;2;0;0;0;1;2010/04/04
Narok;NA;NA;5;0;0;0;0;0;1;2010/04/07
Marsabit;NA;NA;2;0;120;0;0;0;1;2010/04/20
Samburu;NA;NA;1;0;0;0;0;0;1;2010/05/02
Marsabit;NA;NA;0;0;280;0;0;0;1;2010/05/03
Homa Bay;NA;NA;0;0;4;0;0;0;1;2010/05/05
Homa Bay;NA;NA;2;0;0;0;0;0;1;2010/05/06
Kajiado;Kajiado North;NA;1;0;0;0;0;0;1;2010/05/09
Turkana;NA;NA;4;0;0;0;0;0;1;2010/05/10
Turkana;NA;NA;3;0;0;0;0;0;1;2010/05/10
Samburu;NA;NA;10;0;0;0;0;0;1;2010/05/15
Kiambu;NA;NA;0;0;2;0;0;0;1;2010/05/16
Murang'a;NA;NA;0;0;30;0;0;0;1;2010/05/21
Kilifi;NA;NA;0;0;354;0;0;0;1;2010/05/22
Murang'a;NA;NA;0;0;138;0;0;0;1;2010/05/25
Murang'a;NA;NA;0;0;172;0;0;0;1;2010/05/25
Murang'a;NA;NA;0;0;136;0;0;0;1;2010/05/25
Murang'a;NA;NA;0;0;86;0;0;0;1;2010/05/25
Murang'a;NA;NA;0;0;127;0;0;0;1;2010/05/25
Murang'a;NA;NA;0;0;112;0;0;0;1;2010/05/25
Murang'a;NA;NA;0;0;107;0;0;0;1;2010/05/25
Murang'a;NA;NA;0;0;82;0;0;0;1;2010/05/25
Murang'a;NA;NA;0;0;60;0;0;0;1;2010/05/25
Murang'a;NA;NA;0;0;39;0;0;0;1;2010/05/25
Turkana;NA;NA;0;0;156;0;0;0;1;2010/07/01
Turkana;NA;NA;0;0;187;0;0;0;1;2010/07/01
Turkana;NA;NA;0;0;289;0;0;0;1;2010/07/01
Turkana;NA;NA;0;0;174;0;0;0;1;2010/07/01
Turkana;NA;NA;0;0;240;0;0;0;1;2010/07/01
Turkana;NA;NA;0;0;198;0;0;0;1;2010/07/01
Turkana;NA;NA;0;0;874;0;0;0;1;2010/07/01
Turkana;NA;NA;0;0;334;0;0;0;1;2010/07/01
Turkana;NA;NA;0;0;580;0;0;0;1;2010/07/01
Turkana;NA;NA;0;0;191;0;0;0;1;2010/07/01
Trans Nzoi;NA;NA;1;0;0;0;0;0;1;2010/09/03
Trans Nzoi;NA;NA;0;0;40;0;0;0;1;2010/09/03
Trans Nzoi;NA;NA;0;0;128;0;0;0;1;2010/09/03
Trans Nzoi;NA;NA;0;0;50;0;0;0;1;2010/09/03
Trans Nzoi;NA;NA;0;0;300;0;0;0;1;2010/09/03
Trans Nzoi;NA;NA;0;0;150;0;0;0;1;2010/09/03
Trans Nzoi;NA;NA;0;0;20;0;0;0;1;2010/09/03
Siaya;NA;NA;5;0;3;0;0;0;1;2010/12/27
West Pokot;NA;NA;1;0;0;0;0;0;1;2010/12/27
West Pokot;NA;NA;0;0;60;0;0;0;1;2010/12/27
Nakuru;NA;NA;1;0;0;0;0;0;1;2011/02/17
Mombasa;NA;NA;1;4;0;0;0;0;1;2011/02/18
Kakamega;NA;NA;1;0;0;0;0;0;1;2011/02/21
Turkana;NA;NA;0;1;0;0;0;0;1;2011/02/24
Nakuru;NA;NA;1;0;0;0;0;0;1;2011/03/20
Busia;NA;NA;2;6;0;0;0;0;1;2011/03/26
Kilifi;NA;NA;3;6;0;0;0;0;1;2011/10/13
Kilifi;NA;NA;1;0;0;0;0;0;1;2011/10/15
Kirinyaga;NA;NA;1;0;0;0;0;0;1;2011/11/15
Meru;NA;NA;1;0;0;0;0;0;1;2011/12/02
Kisumu;NA;NA;1;0;0;0;0;0;1;2012/01/21
Kisumu;NA;NA;0;6;0;0;0;0;1;2012/05/22
Nakuru;NA;NA;0;0;200;0;0;0;1;2012/01/23
Kisumu;NA;NA;2;0;0;0;0;0;1;2014/06/25
Homa Bay;NA;NA;2;0;0;0;0;0;1;2012/04/18
Homa Bay;NA;NA;1;0;0;0;0;0;1;2012/04/19
Kisumu;NA;NA;0;0;20;0;0;0;1;2015/10/15
Nakuru;NA;NA;2;0;0;0;0;0;1;2012/04/28
Kajiado;NA;NA;3;0;0;0;0;0;1;2012/05/04
Kajiado;NA;NA;2;0;0;0;0;0;1;2012/05/07
Nairobi;NA;NA;1;0;0;0;0;0;1;2012/05/13
Nakuru;NA;NA;1;0;0;0;0;0;1;2012/05/13
Murang'a;NA;NA;0;0;193;0;0;0;1;2012/05/30
Murang'a;NA;NA;0;0;54;0;0;0;1;2012/05/30
Murang'a;NA;NA;0;0;35;0;0;0;1;2012/05/30
Murang'a;NA;NA;0;0;147;0;0;0;1;2012/05/30
Murang'a;NA;NA;0;0;180;0;0;0;1;2012/05/30
Murang'a;NA;NA;0;0;165;0;0;0;1;2012/05/30
Murang'a;NA;NA;0;0;176;0;0;0;1;2012/05/30
Murang'a;NA;NA;0;0;41;0;0;0;1;2012/05/30
Murang'a;NA;NA;0;0;91;0;0;0;1;2012/05/30
Murang'a;NA;NA;0;0;30;0;0;0;1;2012/05/30
Murang'a;NA;NA;0;0;70;0;0;0;1;2012/05/30
Murang'a;NA;NA;0;0;112;0;0;0;1;2012/05/30
Murang'a;NA;NA;0;0;98;0;0;0;1;2012/05/30
Murang'a;NA;NA;0;0;48;0;0;0;1;2012/05/30
Murang'a;NA;NA;0;0;86;0;0;0;1;2012/05/30
Murang'a;NA;NA;0;0;160;0;0;0;1;2012/05/30
Murang'a;NA;NA;0;0;110;0;0;0;1;2012/05/30
Murang'a;NA;NA;0;0;48;0;0;0;1;2012/05/30
Murang'a;NA;NA;0;0;79;0;0;0;1;2012/05/30
Murang'a;NA;NA;0;0;150;0;0;0;1;2012/05/30
Murang'a;NA;NA;0;0;125;0;0;0;1;2012/05/30
Murang'a;NA;NA;0;0;142;0;0;0;1;2012/05/30
Meru;NA;NA;1;0;0;0;0;0;1;2012/06/25
Homa Bay;NA;NA;1;0;0;0;0;0;1;2012/06/28
Kiambu;NA;NA;1;0;0;0;0;0;1;2012/07/11
Narok;NA;NA;1;0;0;0;0;0;1;2013/02/23
Narok;NA;NA;1;1;0;0;0;0;1;2013/03/04
Nairobi;NA;NA;1;0;0;0;0;0;1;2013/03/13
Nairobi;NA;NA;0;2;0;0;0;0;1;2013/03/13
Murang'a;NA;NA;3;0;1;0;0;0;1;2013/03/20
Kajiado;NA;NA;1;0;0;0;0;0;1;2013/03/29
Nairobi;NA;NA;4;0;0;0;0;0;1;2013/03/29
Nairobi;NA;NA;1;0;0;0;0;0;1;2013/03/29
Nairobi;NA;NA;0;2;0;0;0;0;1;2013/03/29
Marsabit;NA;NA;3;0;0;0;0;0;1;2013/03/30
Kajiado;NA;NA;1;0;0;0;0;0;1;2013/04/01
Elgeyo-Mar;NA;NA;1;0;0;0;0;0;1;2013/04/03
Kisumu;NA;NA;1;0;0;0;0;0;1;2015/11/26
Narok;NA;NA;1;1;0;0;0;0;1;2013/04/03
Narok;NA;NA;1;0;0;0;0;0;1;2013/04/04
Kisumu;NA;NA;4;1;0;0;2179;0;1;2018/06/11
Narok;NA;NA;1;0;0;0;0;0;1;2013/04/07
Uasin Gish;NA;NA;2;0;0;0;0;0;1;2013/04/07
Uasin Gish;NA;NA;1;0;0;0;0;0;1;2013/04/08
Nakuru;NA;NA;1;0;0;0;0;0;1;2013/04/10
Machakos;NA;NA;1;0;0;0;0;0;1;2013/04/11
Makueni;NA;NA;1;0;0;0;0;0;1;2013/04/11
Makueni;NA;NA;1;0;0;0;0;0;1;2013/04/12
Kajiado;NA;NA;1;0;0;0;0;0;1;2013/04/13
Machakos;NA;NA;1;0;0;0;0;0;1;2013/04/13
Machakos;NA;NA;1;0;0;0;0;0;1;2013/04/13
Narok;NA;NA;1;0;0;0;0;0;1;2013/04/13
Uasin Gish;NA;NA;2;0;0;0;0;0;1;2013/04/13
Vihiga;NA;NA;1;0;0;0;0;0;1;2013/04/13
Elgeyo-Mar;NA;NA;1;0;0;0;0;0;1;2013/04/14
Machakos;NA;NA;3;0;0;0;0;0;1;2013/04/14
Baringo;NA;NA;1;0;0;0;0;0;1;2013/04/15
Mandera;NA;NA;2;0;0;0;0;0;1;2013/04/15
Nyandarua;NA;NA;1;0;0;0;0;0;1;2013/04/15
Kilifi;NA;NA;1;0;0;0;0;0;1;2013/04/16
Kilifi;NA;NA;1;0;0;0;0;0;1;2013/04/16
Kitui;NA;NA;1;0;1;0;0;0;1;2013/04/16
Nairobi;NA;NA;2;1;1;0;0;0;1;2013/04/16
Narok;NA;NA;2;0;0;0;0;0;1;2013/04/16
Nyandarua;NA;NA;1;0;0;0;0;0;1;2013/04/16
Nyandarua;NA;NA;1;0;0;0;0;0;1;2013/04/16
Garissa;NA;NA;18;0;0;0;0;0;1;2013/04/18
Kisii;NA;NA;3;0;0;0;0;0;1;2013/04/18
Kisii;NA;NA;3;0;0;0;0;0;1;2013/04/18
Kiambu;NA;NA;1;0;0;0;0;0;1;2013/04/20
Machakos;NA;NA;1;0;0;0;0;0;1;2013/04/20
Baringo;NA;NA;3;0;0;0;0;0;1;2013/04/22
Baringo;NA;NA;3;0;0;0;0;0;1;2013/04/22
Kiambu;NA;NA;2;2;0;0;96;0;1;2013/04/22
Nyandarua;NA;NA;1;0;0;0;0;0;1;2013/04/22
Meru;NA;NA;1;0;0;0;0;0;1;2013/04/23
Narok;NA;NA;1;0;0;0;0;0;1;2013/04/23
Narok;NA;NA;1;0;0;0;0;0;1;2013/04/23
Narok;NA;NA;1;0;0;0;0;0;1;2013/04/23
Bungoma;NA;NA;3;0;0;0;0;0;1;2013/04/26
Kisii;NA;NA;3;0;0;0;0;0;1;2013/04/26
Bungoma;NA;NA;1;0;0;0;0;0;1;2013/04/27
Laikipia;NA;NA;1;0;0;0;0;0;1;2013/04/28
Turkana;NA;NA;1;0;0;0;0;0;1;2013/04/28
Bomet;NA;NA;1;0;0;0;0;0;1;2013/04/29
Elgeyo-Mar;NA;NA;2;0;0;0;0;0;1;2013/05/15
Machakos;NA;NA;2;0;0;0;0;0;1;2014/02/05
Machakos;NA;NA;2;0;0;0;0;0;1;2014/04/20
Nakuru;NA;NA;2;0;0;0;0;0;1;2014/05/23
Busia;NA;NA;2;0;0;0;0;0;1;2014/06/17
Embu;NA;NA;2;0;0;0;0;0;1;2014/07/14
Homa Bay;NA;NA;4;0;0;0;0;0;1;2015/01/12
Nairobi;NA;NA;0;0;200;0;0;0;1;2015/03/24
Makueni;NA;NA;0;0;5;0;0;0;1;2015/04/20
Mandera;NA;NA;1;0;0;0;0;0;1;2015/10/15
Kiambu;NA;NA;1;0;0;0;0;0;1;2015/10/27
Kajiado;Kajiado North;NA;1;0;0;0;0;0;1;2015/11/10
Homa Bay;NA;NA;2;0;46;0;0;0;1;2015/11/12
Kilifi;NA;NA;0;0;12;0;0;0;1;2015/11/12
Kirinyaga;NA;NA;0;0;35;0;0;0;1;2015/11/12
Nandi;NA;NA;0;0;3;0;0;0;1;2015/11/12
Narok;NA;NA;6;0;0;0;0;0;1;2015/11/13
Nairobi;NA;NA;1;0;0;0;0;0;1;2015/11/14
Baringo;NA;NA;1;0;0;0;0;0;1;2015/11/15
Garissa;NA;NA;4;0;0;0;0;0;1;2015/11/16
Murang'a;NA;NA;0;0;53;0;0;0;1;2015/11/16
Trans Nzoi;NA;NA;0;0;139;0;0;0;1;2015/11/16
Meru;NA;NA;0;0;2;0;0;0;1;2015/11/17
Mombasa;NA;NA;1;2;1;0;0;0;1;2015/11/18
Taita Tave;NA;NA;1;0;0;0;0;0;1;2015/11/18
Homa Bay;NA;NA;8;6;0;0;0;0;1;2015/11/19
Kakamega;NA;NA;1;0;1;0;0;0;1;2015/11/19
Narok;NA;NA;1;2;0;0;0;0;1;2015/11/19
Makueni;NA;NA;0;0;2;0;0;0;1;2015/11/20
Kitui;NA;NA;1;0;0;0;0;0;1;2015/11/21
Narok;NA;NA;1;0;0;0;0;0;1;2015/11/23
Makueni;NA;NA;1;0;0;2;0;0;1;2015/11/24
Homa Bay;NA;NA;5;30;0;0;0;0;1;2015/11/26
Bungoma;NA;NA;1;0;0;0;0;0;1;2015/11/27
Meru;NA;NA;1;0;0;0;0;0;1;2015/12/02
Nairobi;NA;NA;1;0;0;0;0;0;1;2015/12/13
Nairobi;NA;NA;1;0;0;0;0;0;1;2015/12/13
Kericho;NA;NA;1;0;0;0;0;0;1;2015/12/14
Machakos;NA;NA;1;0;0;0;0;0;1;2015/12/14
Meru;NA;NA;1;0;0;0;0;0;1;2015/12/14
Narok;NA;NA;1;0;0;0;0;0;1;2015/12/14
Nyandarua;NA;NA;1;0;0;0;0;0;1;2015/12/14
Meru;NA;NA;1;0;0;0;0;0;1;2016/03/01
Elgeyo-Mar;NA;NA;0;0;6;0;0;0;1;2016/03/17
Narok;NA;NA;5;0;0;0;0;0;1;2016/03/22
Nairobi;NA;NA;2;0;0;0;0;0;1;2016/06/17
Taita Tave;NA;NA;2;0;0;0;0;0;1;2018/01/03
Narok;NA;NA;0;2;0;0;0;0;1;2018/03/13
Murang'a;NA;NA;0;0;0;0;0;0;1;2018/03/17
Baringo;NA;NA;1;0;0;0;0;0;1;2018/04/08
Narok;NA;NA;2;0;0;0;0;0;1;2018/04/13
Turkana;NA;NA;0;1;0;0;0;0;1;2018/04/20
Murang'a;NA;NA;1;0;0;0;0;0;1;2018/04/21
Baringo;NA;NA;6;3;0;0;1305;0;1;2018/06/11
Bungoma;NA;NA;0;1;0;0;0;0;1;2018/06/11
Busia;NA;NA;1;0;0;0;1219;0;1;2018/06/11
Elgeyo-Mar;NA;NA;0;0;0;0;228;0;1;2018/06/11
Embu;NA;NA;3;3;0;0;65;0;1;2018/06/11
Garissa;NA;NA;3;0;0;0;1313;0;1;2018/06/11
Homa Bay;NA;NA;7;0;0;0;571;0;1;2018/06/11
Kajiado;NA;NA;10;0;0;0;490;0;1;2018/06/11
Kakamega;NA;NA;3;0;0;0;60;0;1;2018/06/11
Kilifi;NA;NA;4;0;0;0;4530;0;1;2018/06/11
Kirinyaga;NA;NA;1;0;0;0;407;0;1;2018/06/11
Kitui;NA;NA;8;0;0;0;754;0;1;2018/06/11
Kwale;NA;NA;1;1;0;0;0;0;1;2018/06/11
Machakos;NA;NA;5;0;0;0;181;0;1;2018/06/11
Makueni;NA;NA;9;14;0;0;683;0;1;2018/06/11
Mandera;NA;NA;0;0;0;0;7182;0;1;2018/06/11
Marsabit;NA;NA;4;0;0;0;232;0;1;2018/06/11
Nairobi;NA;NA;2;7;0;0;0;0;1;2018/06/11
Nakuru;NA;NA;46;43;0;0;500;0;1;2018/06/11
Narok;NA;NA;6;0;0;0;110;0;1;2018/06/11
Nyandarua;NA;NA;7;0;0;0;0;0;1;2018/06/11
Nyeri;NA;NA;1;0;0;0;48;0;1;2018/06/11
Samburu;NA;NA;11;0;0;0;15;0;1;2018/06/11
Siaya;NA;NA;1;4;0;0;1693;0;1;2018/06/11
Taita Tave;NA;NA;2;0;0;0;1193;0;1;2018/06/11
Tana River;NA;NA;6;0;0;0;12809;0;1;2018/06/11
Tharaka-Ni;NA;NA;3;2;0;0;56;0;1;2018/06/11
Turkana;NA;NA;1;4;0;0;5945;0;1;2018/06/11
Uasin Gish;NA;NA;0;2;0;0;39;0;1;2018/06/11
Uasin Gish;NA;NA;7;10;0;0;1656;0;1;2018/06/11
Wajir;NA;NA;5;0;0;0;2521;0;1;2018/06/11
West Pokot;NA;NA;1;0;0;0;49;0;1;2018/06/11
Migori;NA;NA;1;0;0;0;0;0;1;2002/05/14
Migori;NA;NA;4;0;0;0;0;0;1;2006/04/26
Migori;NA;NA;0;0;177;0;0;0;1;2009/05/01
Migori;NA;NA;2;0;0;0;0;0;1;2012/03/04
Migori;NA;NA;1;0;0;0;0;0;1;2013/04/03
Migori;NA;NA;0;0;195;0;0;0;1;2013/04/09
Migori;NA;NA;3;0;0;0;0;0;1;2015/01/05
Migori;NA;NA;1;0;0;0;0;0;1;2016/05/18
Migori;NA;NA;13;0;0;0;70;0;1;2018/06/11
Nyandarua;NA;NA;2;0;0;0;0;0;1;2013/12/16
Migori;NA;NA;4;0;0;0;0;0;1;2015/12/01
Homa Bay;NA;NA;5;21;0;0;0;0;1;2015/11/27
Baringo;East Pokot;NA;0;1;0;0;0;0;1;2014/11/26
Garissa;NA;NA;1;0;0;0;0;0;1;2018/04/13
Nandi;NA;NA;2;1;0;0;0;0;1;2010/03/05
Mandera;NA;NA;2;0;0;0;0;0;1;2017/04/18
Machakos;Mavoko;Athi River;4;38;0;0;0;0;1;2012/06/11
Machakos;Mavoko;Athi River;1;0;0;0;0;0;1;2013/03/20
Machakos;Mavoko;Athi River;3;0;0;0;0;0;1;2015/06/04
Nairobi;NA;NA;1;0;0;0;0;0;1;2017/05/02
Baringo;NA;NA;3;0;0;0;0;0;1;2012/06/11
Baringo;NA;NA;1;0;0;0;0;0;1;2018/04/25
Baringo;NA;NA;0;0;355;0;0;0;1;2003/06/27
Kwale;NA;NA;1;0;0;0;0;0;1;2017/11/05
Tana River;NA;NA;1;0;0;0;0;0;1;2018/04/21
Tana River;NA;NA;0;0;0;0;0;0;1;2018/03/17
Siaya;Bondo;NA;3;2;0;0;0;0;1;2015/04/04
Busia;NA;NA;0;0;0;0;0;0;1;2006/05/18
Busia;NA;NA;2;0;0;0;0;0;1;2002/05/13
Busia;Budalangi;NA;13;0;0;0;0;0;1;2007/08/15
Busia;Budalangi;NA;17;0;0;0;0;0;1;2008/11/10
Busia;Budalangi;NA;0;0;0;0;1800;0;1;2012/12/20
Busia;Budalangi;NA;3;0;0;0;0;0;1;2016/05/13
Bungoma;Kanduyi;Bukembe East; Bukembe West;0;1;0;0;0;0;1;2016/04/13
Busia;NA;NA;20;0;0;0;0;0;1;2005/06/17
Garissa;NA;NA;2;0;0;0;0;0;1;2015/04/19
Bungoma;Bumula;Bumula;0;0;7;0;0;0;1;2016/05/08
Busia;NA;NA;6;0;0;0;0;2000;1;2006/11/14
Meru;Buuri;NA;1;1;0;0;0;0;1;2015/12/08
Kilifi;NA;NA;1;0;0;0;0;0;1;2013/12/02
Marsabit;NA;NA;0;0;0;0;0;0;1;2015/11/02
Tana River;NA;NA;0;0;12;0;0;0;1;2008/11/25
Kisumu;Muhoroni;Chemelil;1;0;0;0;0;0;1;2015/04/18
Elgeyo-Mar;Keiyo South;Chepkorio;8;0;0;12;72;0;1;2014/03/07
Elgeyo-Mar;Marakwet East;NA;0;0;6;0;0;0;1;2018/04/20
Kisumu;NA;NA;0;1;0;0;0;0;1;2018/05/22
Laikipia;NA;NA;0;0;0;0;0;0;1;2015/11/11
Kilifi;Malindi; Magarini;NA;1;0;0;0;0;0;1;2015/12/15
Makueni;NA;NA;0;0;0;0;0;0;1;2015/05/16
Garissa;Dadaab;Dadaab;1;0;0;0;0;25000;1;2005/05/31
Kilifi;NA;NA;0;0;0;0;0;2000;1;2006/05/17
Kilifi;NA;NA;0;0;0;0;0;2000;1;2006/04/09
Laikipia;NA;NA;2;0;0;0;0;0;1;2015/11/20
Taita Tave;NA;NA;0;0;0;0;77;0;1;2015/11/27
Uasin Gish;NA;NA;0;0;2;0;7;0;1;2016/05/20
Turkana;NA;NA;1;0;0;0;0;0;1;2018/04/18
Mandera;Mandera South;NA;1;0;0;0;0;0;1;2015/10/22
Nairobi;NA;NA;3;0;0;0;0;0;1;2017/05/02
Marsabit;NA;NA;2;0;0;120;0;0;1;2010/05/14
Mandera;NA;NA;10;0;0;0;0;0;1;2015/04/17
Isiolo;NA;NA;0;0;0;0;0;0;1;2013/11/09
Tana River;NA;NA;0;0;0;0;0;800;1;2002/05/13
Kwale;NA;NA;2;0;0;0;0;0;1;2013/12/10
Kilifi;Ganze;Ganze; Sokoke;4;0;0;0;0;0;1;2012/12/20
Kirinyaga;NA;NA;1;0;0;0;0;0;1;2018/04/18
Garissa;Garissa Township;NA;4;0;120;0;0;17000;1;2006/11/12
Murang'a;NA;NA;0;0;0;0;8;0;1;2002/05/13
Murang'a;NA;NA;8;0;0;0;0;0;1;2002/05/13
Tharaka-Ni;Tharaka;Gatunga;0;0;0;0;0;0;1;2015/11/11
Murang'a;NA;NA;0;0;18;0;0;0;1;2012/04/19
Meru;NA;NA;9;0;0;0;0;0;1;2002/05/13
Marsabit;Moyale;Golbo;1;0;0;0;0;0;1;2015/05/08
Marsabit;North Horr;NA;0;0;0;0;0;0;1;2017/05/30
Wajir;Wajir North;Gurar;0;0;0;0;0;0;1;2017/04/18
Garissa;NA;NA;0;15;20;0;0;0;1;2015/04/13
Homa Bay;Suba South;Gwassi North; Gwassi South;0;0;7;0;0;0;1;2015/03/29
Nakuru;NA;Hells Gate;7;0;0;0;0;0;1;2012/04/23
Homa Bay;Homa Bay Town;NA;1;0;0;0;0;0;1;2013/04/02
Homa Bay;Homa Bay Town;NA;1;0;0;0;0;0;1;2018/05/02
Homa Bay;Homa Bay Town;NA;0;0;56;0;0;1200;1;2005/05/31
Nairobi;NA;NA;4;3;0;0;0;0;1;2016/04/29
Meru;Igembe North;NA;2;0;0;0;0;0;1;2012/10/14
Meru;Igembe South;NA;2;0;0;0;0;0;1;2012/10/14
Kajiado;Isinya;NA;14;0;0;0;0;0;1;2013/12/15
Kajiado;Isinya;NA;0;0;0;0;0;0;1;2016/02/11
Isiolo;NA;NA;0;0;0;0;20;0;1;2015/12/15
Isiolo;NA;NA;4;0;0;0;1260;0;1;2018/03/15
Homa Bay;Ndhiwa;NA;2;2;0;0;0;0;1;2015/05/02
Turkana;NA;NA;1;0;0;0;0;0;1;2018/04/19
Kajiado;Kajiado East;NA;3;0;0;0;0;0;1;2009/11/04
Kajiado;Kajiado East;NA;2;0;0;0;0;0;1;2010/05/14
Kajiado;Kajiado East;NA;2;0;0;0;0;0;1;2018/01/03
Kajiado;Kajiado East;NA;3;0;0;0;0;0;1;2018/05/02
Kajiado;Kajiado North;NA;3;0;0;0;0;0;1;2010/01/06
Bungoma;NA;NA;2;0;0;0;5;0;1;2010/04/21
Turkana;Turkana Central;NA;0;2;0;0;0;0;1;2015/11/19
Turkana;Turkana North;NA;6;0;0;0;400;0;1;2010/03/08
Turkana;Turkana West;Kalobeyei;0;4;0;0;0;0;1;2018/04/15
Taita Tave;Voi;Kaloleni;1;0;0;0;0;0;1;2015/11/18
Nairobi;NA;NA;0;6;0;0;0;0;1;2012/04/25
Homa Bay;NA;NA;0;0;6;0;0;0;1;2010/04/25
Laikipia;NA;NA;1;0;0;0;0;0;1;2010/05/14
Murang'a;Kangema;NA;2;0;0;0;0;0;1;2018/03/07
Kitui;Kitui Rural;Kanyangi;1;0;0;0;0;0;1;2018/04/13
Bungoma;NA;NA;0;1;0;0;0;0;1;2018/05/14
Elgeyo-Mar;Keiyo South;Kaptarakwa;9;9;0;12;72;0;1;2013/01/15
Kisumu;NA;NA;0;0;0;0;0;0;1;2006/05/19
Marsabit;NA;NA;1;0;0;0;0;0;1;2018/06/09
Marsabit;Mandera West;Kargi/ South Horr;0;43;0;0;0;0;1;2019/03/09
Turkana;NA;NA;25;0;0;0;0;0;1;2013/04/18
Garissa;Balambala ;NA;0;0;0;0;0;0;1;2019/04/28
Turkana;Turkana South;Katilu;17;0;0;0;0;0;1;2008/10/04
Nairobi;Kibra;NA;2;0;0;0;0;0;1;2019/04/23
Kiambu;NA;NA;0;2;0;0;0;0;1;2018/04/18
Kisii;Kenyenya;NA;3;0;0;0;0;0;1;2012/05/20
Embu;Mbeere South;Kiambere;3;2;0;0;0;0;1;2018/03/07
Kiambu;Kiambu;NA;12;0;0;0;0;0;1;2002/11/17
Nyeri;Mukurweini;NA;1;0;0;0;0;0;1;2018/05/04
Nairobi;Kibra;NA;0;0;97;0;0;0;1;2012/04/27
Nyeri;Kieni;NA;4;0;0;0;0;0;1;2012/06/11
Murang'a;Kigumo;Kigumo;0;9;0;0;0;0;1;2018/05/15
Kilifi;NA;NA;0;0;0;0;0;0;1;2018/03/17
Kilifi;NA;NA;5;0;25;0;100;288;1;2006/11/08
Taita Tave;NA;NA;0;0;5;0;0;0;1;2012/04/06
Nyandarua;Kinangop;NA;7;0;0;0;0;0;1;2018/04/23
Makueni;NA;NA;1;0;0;0;0;0;1;2015/04/14
Mombasa;NA;Kipevu;0;1;0;0;0;0;1;2015/11/16
Kericho;kipkelion west sub county;Kipkelion;0;1;0;0;176;0;1;2015/12/16
Kajiado;Kajiado North;NA;1;0;0;0;0;0;1;2013/03/21
Kisii;NA;NA;0;0;0;0;0;0;1;2015/11/12
Kisumu;NA;NA;7;0;0;0;466;0;1;2010/04/07
Kisumu;NA;NA;0;0;0;0;0;453;1;2005/05/31
Trans Nzoi;NA;NA;1;0;0;0;0;0;1;2012/05/08
Trans Nzoi;NA;NA;1;0;0;0;0;0;1;2012/06/11
Kajiado;NA;NA;0;0;0;0;459;0;1;2012/05/08
Makueni;NA;NA;0;0;0;0;0;0;1;2015/04/16
Elgeyo-Mar;NA;NA;10;0;0;0;0;0;1;2010/04/30
Kitui;NA;NA;80;0;0;0;0;0;1;2004/07/01
Kitui;NA;NA;4;0;0;0;0;0;1;2018/05/13
Kericho;Konoin;NA;3;0;0;0;0;0;1;2012/05/15
Wajir;Wajir North;Korondile;0;0;0;0;0;0;1;2018/04/17
Kericho;Kipkelion West ;Kunyak;1;2;0;0;0;0;1;2018/05/01
Kakamega;NA;NA;20;0;0;0;0;0;1;2007/08/10
Kwale;NA;NA;1;0;0;0;75;2500;1;2006/11/09
Kwale;NA;NA;1;0;0;0;0;0;1;2015/11/23
Mandera;NA;NA;1;0;0;0;0;0;1;2018/05/06
Isiolo;NA;NA;3;0;0;0;0;0;1;2012/10/13
Garissa;Lagdera;NA;6;0;0;0;130;0;1;2018/03/18
Laikipia;NA;NA;1;0;0;0;0;0;1;2012/06/11
Marsabit;Laisamis;Laisamis;0;0;0;0;0;0;1;2017/05/03
Marsabit;Laisamis;Laisamis;2;0;0;0;0;0;1;2017/11/07
Kiambu;Limuru;NA;0;0;300;0;0;0;1;2003/06/27
Turkana;Turkana South;NA;2;0;0;0;0;0;1;2017/05/01
Samburu;Samburu East;NA;1;0;0;0;0;0;1;2012/05/04
Turkana;Turkana Central;Lodwar Township;0;0;20;0;0;0;1;2014/11/26
Marsabit;Laisamis;Loiyangalani;0;0;7;0;0;0;1;2012/04/20
West Pokot;NA;NA;0;1;0;0;0;0;1;2017/10/20
Turkana;Turkana West;Lokichoggio;4;0;0;0;0;0;1;2015/12/08
Narok;NA;London;2;0;0;0;0;0;1;2018/03/18
Nairobi;Mathare;NA;2;0;0;0;0;0;1;2012/12/27
Narok;NA;Mai Mahiu;0;2;0;0;0;0;1;2018/03/13
Nairobi;Embakasi South;NA;1;14;0;0;0;0;1;2015/05/13
Narok;NA;Majengo;1;0;0;0;0;0;1;2015/12/19
Narok;NA;Majengo;1;0;0;0;0;0;1;2018/03/13
Homa Bay;NA;NA;3;0;0;0;0;0;1;2018/03/19
Nairobi;NA;NA;2;0;0;0;0;0;1;2010/04/07
Mandera;NA;NA;16;0;0;0;0;0;1;2009/10/29
Mandera;NA;NA;0;0;0;0;0;2000;1;2006/11/15
Mandera;NA;NA;3;0;0;0;800;0;1;2010/05/14
Elgeyo-Mar;NA;NA;12;10;0;0;0;0;1;2010/05/14
Samburu;Samburu West;Maralal;3;0;0;0;0;0;1;2006/05/17
Tana River;NA;NA;0;0;2;0;0;0;1;2008/11/25
Uasin Gish;NA;NA;1;0;0;0;5;0;1;2010/04/07
Baringo;Baringo South;Marigat;6;0;0;0;0;0;1;2002/12/21
Baringo;Baringo South;Marigat;1;0;0;0;0;0;1;2012/06/11
Marsabit;NA;NA;1;0;0;0;0;0;1;2015/12/08
Marsabit;NA;NA;0;0;0;0;0;0;1;2016/06/22
Marsabit;Saku;NA;1;0;0;0;0;0;1;2018/03/04
Marsabit;NA;NA;1;0;0;0;0;0;1;2018/03/19
Marsabit;NA;NA;1;0;0;0;420;0;1;2010/03/07
Marsabit;NA;NA;0;0;0;0;0;0;1;2017/05/02
Makueni;NA;NA;1;0;0;0;0;0;1;2015/05/02
Busia;Matayos;NA;1;0;0;0;0;0;1;2018/03/22
Nairobi;Mathare;NA;1;0;0;0;0;0;1;2012/05/10
Nairobi;Mathare;NA;1;0;0;0;0;0;1;2018/05/20
Nairobi;NA;NA;8;8;0;0;66;0;1;2012/06/11
Nairobi;Ruaraka;Mathare North;1;0;0;0;643;0;1;2012/06/11
Nairobi;Ruaraka;NA;9;0;0;0;0;100;1;2002/05/14
Wajir;NA;NA;2;0;0;0;0;0;1;2018/04/29
Kwale;NA;NA;1;1;0;0;0;0;1;2018/03/18
Meru;Igembe South;Maua;2;0;0;0;0;0;1;2010/05/14
Laikipia;NA;NA;0;2;0;0;0;0;1;2018/02/20
Isiolo;NA;NA;0;0;0;0;0;0;1;2005/05/31
Meru;NA;NA;1;0;0;0;0;0;1;2012/06/11
Migori;NA;NA;0;0;0;0;0;6000;1;2003/06/27
Mombasa;jomvu;Mikindani;0;0;15;0;0;0;1;2014/11/02
Mombasa;jomvu;Mikindani;0;3;0;0;0;0;1;2015/11/18
Kilifi;Malindi;NA;0;0;0;0;5;0;1;2015/11/17
Kilifi;NA;NA;0;0;25;0;0;0;1;2006/05/20
Mombasa;likoni;NA;1;0;0;0;0;0;1;2004/12/26
Mombasa;likoni;NA;5;0;5;0;65;0;1;2006/11/07
Mombasa;likoni;NA;1;0;0;0;0;0;1;2015/05/31
Mombasa;likoni;NA;1;2;0;0;0;0;1;2016/04/16
Trans Nzoi;NA;NA;2;0;0;0;0;0;1;2012/06/11
Marsabit;Moyale;NA;1;0;0;0;0;0;1;2016/04/10
Marsabit;Moyale;NA;0;0;0;0;0;3000;1;2006/11/13
Marsabit;NA;NA;6;0;0;0;156;0;1;2010/04/07
Bungoma;Mt. Elgon ;Chesikaki ;5;0;0;0;0;0;1;2015/11/10
Bungoma;NA;NA;2;0;0;0;0;0;1;2018/06/09
Nairobi;NA;NA;1;1;0;0;0;0;1;2014/10/18
Nairobi;NA;NA;1;0;0;0;0;0;1;2018/05/13
Nyeri;Mukurweini;NA;0;4;4;0;0;0;1;2015/05/09
Nyeri;NA;NA;2;0;0;0;150;0;1;2010/05/05
Kakamega;NA;NA;0;0;0;0;0;500;1;2006/05/17
Kakamega;NA;NA;1;0;0;8;0;0;1;2014/03/28
Kakamega;Mumias East;NA;1;0;0;0;0;0;1;2018/03/20
Murang'a;Kangema;NA;0;0;0;0;0;0;1;2018/04/29
Murang'a;NA;NA;0;0;54;0;0;0;1;2018/06/09
Murang'a;NA;NA;1;0;0;0;0;0;1;2016/05/19
Kitui;NA;Mutomo;2;0;0;0;0;0;1;2019/04/27
Taita Tave;Mwatate;Mwatate;1;0;0;0;0;0;1;2015/11/23
Kirinyaga;Mwea;Mwea;0;1;0;0;100;0;1;2018/04/20
Bungoma;Sirisia ;NA;3;1;0;0;0;0;1;2012/05/16
Nairobi;NA;NA;4;0;0;0;0;0;1;2001/01/13
Nairobi;NA;NA;2;0;0;0;0;0;1;2002/04/29
Nairobi;NA;NA;0;1;0;0;0;0;1;2016/04/28
Nairobi;NA;NA;2;0;0;0;0;0;1;2016/05/19
Nairobi;NA;NA;4;0;0;0;0;0;1;2010/01/06
Nairobi;NA;NA;2;0;0;0;0;0;1;2015/04/30
Nakuru;Naivasha;NA;7;0;0;0;0;0;1;2012/06/11
Mombasa;likoni;NA;1;2;0;0;0;0;1;2017/11/03
Nakuru;NA;NA;1;0;0;0;0;0;1;2018/05/28
Kakamega;Matungu;Namamali;1;0;0;0;0;0;1;2018/05/20
Nandi;NA;NA;0;2;0;0;0;0;1;2015/12/07
Nandi;NA;NA;0;2;0;0;0;0;1;2015/12/12
Narok;NA;NA;0;0;0;0;0;0;1;2015/11/22
Narok;NA;NA;0;0;0;0;0;0;1;2018/04/15
Narok;NA;NA;1;0;0;0;60;0;1;2009/11/04
Narok;NA;NA;1;0;0;0;0;0;1;2015/05/01
Narok;NA;NA;1;0;0;0;0;0;1;2015/05/02
Narok;Narok North;Narok Town;15;0;0;0;0;0;1;2015/04/28
Narok;Narok North;Narok Town;9;8;0;0;0;0;1;2015/04/29
Narok;Narok North;Narok Town;11;8;0;0;0;0;1;2015/05/02
Narok;Narok North;Narok Town;0;0;0;0;0;0;1;2015/11/25
Narok;NA;NA;11;0;36;20;0;0;1;2015/04/28
Narok;NA;NA;0;0;0;0;0;0;1;2016/04/19
Kakamega;Navakholo;NA;1;9;0;0;0;0;1;2018/05/26
Machakos;NA;NA;0;4;0;0;0;0;1;2012/04/25
Narok;NA;NA;1;0;0;0;0;0;1;2018/03/27
Kajiado;NA;NA;2;0;0;0;0;0;1;2015/05/05
Nandi;NA;NA;0;0;0;0;0;0;1;2015/12/18
Kajiado;NA;NA;1;0;0;0;0;0;1;2018/03/20
Kajiado;Kajiado North;Ngong;4;0;0;0;0;0;1;2012/06/11
Makueni;NA;NA;1;0;0;0;0;0;1;2015/11/15
Kajiado;NA;NA;4;0;0;0;0;0;1;2012/05/05
Marsabit;Laisamis;North Horr;0;0;0;0;0;0;1;2016/05/29
Kisumu;Nyakach;NA;1;0;0;0;25;0;1;2014/08/08
Kisumu;NA;NA;1;0;0;0;0;0;1;2018/05/30
Isiolo;NA;NA;1;0;0;0;0;0;1;2010/04/30
Nyandarua;NA;NA;1;0;0;0;0;0;1;2012/06/11
Migori;Kuria West;NA;1;0;0;0;0;0;1;2014/11/03
Homa Bay;Nyatike;NA;0;0;25;0;0;0;1;2008/11/29
Migori;Nyatike;NA;5;0;0;0;0;0;1;2006/05/17
Migori;Nyatike;NA;0;1;0;0;0;0;1;2015/11/19
Migori;Nyatike;NA;1;0;0;0;0;0;1;2018/05/16
Nyeri;Nyeri Town;NA;1;2;0;0;456;0;1;2012/06/11
Makueni;NA;NA;2;0;0;0;0;0;1;2018/04/23
Tana River;NA;NA;1;0;0;15;0;0;1;2012/04/14
Kajiado;NA;NA;1;0;0;0;0;0;1;2014/02/16
Narok;NA;NA;1;2;0;0;0;0;1;2015/12/17
Narok;NA;NA;1;0;0;0;0;0;1;2008/12/15
Mombasa;NA;NA;6;0;0;0;0;0;1;2017/05/08
West Pokot;NA;NA;10;0;0;0;0;0;1;2008/11/08
West Pokot;NA;NA;4;0;0;0;7;0;1;2010/05/14
Homa Bay;NA;NA;0;0;420;0;0;2268;1;2005/05/31
Homa Bay;Rangwe;NA;7;3;0;0;0;0;1;2015/04/11
Nakuru;NA;NA;3;0;0;0;0;0;1;2010/03/02
Kisumu;Nyakach;NA;1;0;0;0;0;0;1;2018/05/01
Homa Bay;NA;NA;3;0;0;0;0;0;1;2014/03/26
Kisumu;NA;NA;1;0;0;0;0;0;1;2018/03/27
Kajiado;NA;NA;1;0;0;0;0;0;1;2013/03/20
Migori;NA;NA;1;0;0;0;0;0;1;2015/11/19
Kwale;Msambweni;NA;1;0;0;0;0;0;1;2015/06/02
Baringo;NA;NA;1;0;0;0;430;0;1;2018/09/08
Kajiado;Rongai;NA;0;5;0;0;0;0;1;2013/03/31
Nairobi;Kasarani;Ruai;2;0;0;0;0;0;1;2014/03/25
Kiambu;Ruiru;NA;0;1;0;0;0;0;1;2013/12/09
Uasin Gish;NA;NA;1;0;0;0;0;0;1;2010/05/14
Trans Nzoi;Kwanza;NA;1;0;0;0;0;0;1;2010/09/03
Baringo;NA;NA;4;0;0;0;0;0;1;2008/07/01
Samburu;Samburu East;NA;1;0;0;0;0;0;1;2012/05/12
Samburu;Samburu East;NA;2;0;0;0;0;0;1;2018/03/18
West Pokot;NA;NA;0;0;0;0;0;0;1;2015/04/11
Samburu;Samburu East;NA;0;0;0;0;0;0;1;2015/11/29
Mandera;NA;NA;0;0;0;0;568;0;1;2010/04/29
Baringo;NA;NA;4;4;0;51;131;0;1;2013/01/15
Nakuru;Rongai;Solai;45;0;0;0;500;0;1;2018/05/13
Marsabit;Moyale;Sololo;1;0;0;0;0;0;1;2014/05/14
Mombasa;NA;NA;1;0;0;0;0;0;1;2017/05/09
Nairobi;NA;NA;9;6;0;0;0;0;1;2015/05/12
Kisii;NA;NA;1;0;0;0;0;0;1;2012/06/11
Uasin Gish;Soy;Soy;5;0;0;51;131;0;1;2014/03/07
Homa Bay;NA;NA;1;4;0;0;0;0;1;2015/11/10
Nairobi;NA;NA;10;0;0;0;0;0;1;2012/06/11
Makueni;Makueni;NA;2;0;0;0;0;0;1;2018/04/10
Taita Tave;NA;NA;0;0;0;0;0;0;1;2017/05/03
Machakos;Mavoko;Syokimau/Mulolongo;1;0;0;0;0;0;1;2015/11/10
Taita Tave;Voi;NA;1;0;0;0;0;0;1;2013/03/21
Mandera;Mandera West;Takaba;1;0;0;0;0;0;1;2017/04/19
Tana River;NA;NA;16;0;0;0;0;0;1;2008/06/13
Tana River;NA;NA;0;0;0;0;0;0;1;2016/05/04
Kilifi;NA;NA;0;0;0;0;0;0;1;2017/11/19
Tana River;NA;NA;0;0;0;0;0;5300;1;2003/06/27
Taita Tave;Taveta;NA;1;0;0;0;0;0;1;2018/03/05
Taita Tave;NA;NA;0;0;0;0;0;0;1;2015/11/17
Kiambu;NA;NA;0;0;0;0;0;300;1;2003/06/27
Baringo;Tiaty;NA;2;0;0;0;0;0;1;2018/05/28
Laikipia;NA;NA;0;0;10;20;10;0;1;2010/04/25
Nandi;Tinderet;NA;1;0;0;0;0;0;1;2007/01/10
Nairobi;Embakasi East;NA;1;0;0;0;0;0;1;2012/12/27
Turkana;NA;NA;11;0;0;0;282;0;1;2013/04/22
Turkana;NA;NA;6;0;0;0;850;0;1;2014/10/22
Turkana;Turkana East;NA;5;0;6666;6664;0;0;1;2009/11/04
Turkana;Turkana South ;NA;0;0;0;0;0;0;1;2010/04/01
Siaya;Alego Usonga;Usonga;0;0;0;0;0;400;1;2008/11/25
Taita Tave;Voi;NA;4;0;0;0;0;0;1;2007/12/12
Taita Tave;Voi;NA;0;0;30;0;0;0;1;2012/05/26
Taita Tave;Voi;NA;0;0;0;0;51;0;1;2015/11/16
Wajir;NA;NA;0;0;278;0;0;0;1;2017/05/05
Wajir;NA;NA;0;0;0;0;0;71160;1;2008/11/25
Wajir;NA;NA;1;0;0;0;0;0;1;2017/11/08
Mandera;Mandera South;Wargadud;0;50;27;0;6500;0;1;2018/05/06
West Pokot;NA;NA;5;0;0;0;0;0;1;2012/06/11
Kakamega;NA;NA;1;0;0;0;0;0;1;2012/06/11
Busia;NA;NA;100;0;0;0;0;0;1;2010/05/08